SourceFile,About,Access,Access_endpoint,ApplicableDevice,Application,ApplicationName,Appligent,AppVersion,Apsver,AToB0,AToB1,AToB2,Author,BlueMatrixColumn,BlueTRC,BToA0,BToA1,BToA2,Characters,CharactersWithSpaces,CharCountWithSpaces,CMMFlags,CodeMantra002C0020LLC,CodeMantra_,CodeMantra_LLC,CodePage,ColorMode,ColorSpace,ColorSpaceData,Comments,Company,CompObjUserType,CompObjUserTypeLen,Conformance,ConnectionSpaceIlluminant,CONTENTINSEARCH,ContentType,CreateDate,CreationDate,Creator,CreatorTool,DcCopyright,DcRightsAgent,DerivedFromDocumentID,DerivedFromInstanceID,DerivedFromOriginalDocumentID,DerivedFromRenditionClass,Description,DeviceAttributes,DeviceManufacturer,DeviceMfgDesc,DeviceModel,DeviceModelDesc,Directory,DocChangeCount,DocDate,DocFlags,DocSecurity,DocumentID,DOI,EBX_PUBLISHER,Encryption,ExifImageHeight,ExifImageWidth,ExifToolVersion,FileAccessDate,FileCreateDate,FileModifyDate,FileName,FilePermissions,FileSize,FileType,FileTypeExtension,Format,Gamut,GrayTRC,GreenMatrixColumn,GreenTRC,GTS_PDFXConformance,GTS_PDFXVersion,HasVisibleOverprint,HasVisibleTransparency,HasXFA,HeadingPairs,Headline,History,HistoryAction,HistoryChanged,HistoryInstanceID,HistoryParameters,HistorySoftwareAgent,HistoryWhen,HTTPEquivXUACompatible,Hyperlinks,HyperlinksChanged,ICCProfileName,Identification,Identifier,Indexed,InstanceID,Journal_id,Keywords,Language,LanguageCode,LastModifiedBy,LastPrinted,Linearized,Lines,LinksUpToDate,Luminance,ManifestLinkForm,ManifestPlacedResolutionUnit,ManifestPlacedXResolution,ManifestPlacedYResolution,ManifestReferenceDocumentID,ManifestReferenceFilePath,ManifestReferenceInstanceID,MaxPageSizeH,MaxPageSizeUnit,MaxPageSizeW,MeasurementBacking,MeasurementFlare,MeasurementGeometry,MeasurementIlluminant,MeasurementObserver,MediaBlackPoint,MediaBox,MediaWhitePoint,MetadataDate,MIMEType,ModDate,ModifyDate,MsapplicationTileColor,NativeDigest,NPages,NTPReports,Org,Orientation,OrigFileName,OriginalDocumentID,PageCount,PageImage,PageImageFormat,PageImageHeight,PageImagePageNumber,PageImageWidth,PageLayout,PageMode,Pages,Paragraphs,Part,PDFVersion,PlateNames,PrimaryPlatform,PrismCopyright,PrismDoi,PrismEndingPage,PrismIssn,PrismNumber,PrismPublicationName,PrismRightsAgent,PrismSection,PrismStartingPage,PrismUrl,PrismVolume,Producer,ProfileClass,ProfileCMMType,ProfileConnectionSpace,ProfileCopyright,ProfileCreator,ProfileDateTime,ProfileDescription,ProfileFileSignature,ProfileID,ProfileVersion,Publisher,RedMatrixColumn,RedTRC,RenderingIntent,RenditionClass,ResolutionUnit,RevisionNumber,Rights,ScaleCrop,SchemasNamespaceURI,SchemasPrefix,SchemasPropertyCategory,SchemasPropertyDescription,SchemasPropertyName,SchemasPropertyValueType,SchemasSchema,Security,SharedDoc,Size,Software,Source,SourceModified,Style,Subject,SwatchColorantBlack,SwatchColorantCyan,SwatchColorantMagenta,SwatchColorantMode,SwatchColorantSwatchName,SwatchColorantTint,SwatchColorantType,SwatchColorantYellow,SwatchGroupName,SwatchGroupType,System,Tag360SiteVerification,TaggedPDF,Technology,Template,ThemeColor,ThumbnailFormat,ThumbnailHeight,ThumbnailImage,ThumbnailWidth,Title,TitleOfParts,TitlesOfParts,TotalEditTime,Trapped,TwitterCard,TwitterDescription,TwitterSite,TwitterTitle,Type,Universal,Universal0020PDF,Universal_PDF,UserAccess,VersionID,ViewingCondDesc,ViewingCondIlluminant,ViewingCondIlluminantType,ViewingCondSurround,Viewport,Warning,Word97,Words,WwwCodemantraCom,XMPToolkit,XPressPrivate,XResolution,Year,YResolution,ZipBitFlag,ZipCompressedSize,ZipCompression,ZipCRC,ZipFileName,ZipModifyDate,ZipRequiredVersion,ZipUncompressedSize
./downloaded_docs/004352a0.pdf,,No,https://www.nature.com/platform/readcube-access,"pc,mobile",,Nature,,,,,,,,,,,,,,,,,,,,,,,,,,,,,,,,,,,,1871 Springer Nature Limited,journalpermissions@springernature.com,,,,,"SECTION A.On the Recent and Coining Solar Eclipses, by J. N. Lockyer, F.R.S. The substance of this has already appeared in these pages.",,,,,,./downloaded_docs,,,,,,10.1038/004352a0,,,,,13.59,2026:07:31 13:57:01-04:00,2026:07:29 12:27:49-04:00,2026:07:29 12:27:49-04:00,004352a0.pdf,-rw-rw-rw-,201 kB,HTML,html,text/html,,,,,,,,,,,,,,,,,,,IE=edge,,,,,doi:10.1038/004352a0,,,41586,,En,,,,,,,,,,,,,,,,,,,,,,,,,,,text/html,,,#000000,,,,,,,,,,,,,,,,,,,,,,1871 Springer Nature Limited,doi:10.1038/004352a0,359,1476-4687,96,Nature,journalpermissions@springernature.com,News,352,https://www.nature.com/articles/004352a0,4,,,,,,,,,,,,Nature Publishing Group,,,,,,,1871 Springer Nature Limited,,,,,,,,,,,83992,,Nature 1871 4:96,,,"Science, Humanities and Social Sciences, multidisciplinary, Science, multidisciplinary",,,,,,,,,,,,5a2dc4ab3fcb9b0393241ffbbb490480,,,,#000000,,,,,The British Association Meeting at Edinburgh,,,,,summary,Nature - The British Association Meeting at Edinburgh,@nature,The British Association Meeting at Edinburgh,News,,,,,,,,,,"width=device-width,initial-scale=1.0,maximum-scale=5,user-scalable=yes",,,,,,,,,,,,,,,,,
./downloaded_docs/005131webtoc.pdf,,,,,,,,,,,,,Engineers Society of Western Pennsylvania (ESWP),0.14307 0.06061 0.7141,"(Binary data 2060 bytes, use -b option to extract)",,,,,,,"Not Embedded, Independent",,,,,,,"RGB ",,,,,,0.9642 1 0.82491,,,2011:08:16 11:28:02-05:00,,Engineers Society of Western Pennsylvania (ESWP),Adobe Acrobat 8.1 Combine Files,,,,,,," ","Reflective, Glossy, Positive, Color",Hewlett-Packard,IEC http://www.iec.ch,sRGB,IEC 61966-2.1 Default RGB colour space - sRGB,./downloaded_docs,,,,,uuid:ec601b5e-a76d-47fa-92f8-b492eb14adfb,,,,,,13.59,2026:07:31 13:57:01-04:00,2026:07:31 09:58:23-04:00,2026:07:31 09:58:23-04:00,005131webtoc.pdf,-rw-rw-rw-,34 kB,PDF,pdf,application/pdf,,,0.38515 0.71687 0.09708,"(Binary data 2060 bytes, use -b option to extract)",,,,,No,,,,,,,,,,,,,,,,,uuid:1a7fc720-4ae6-4c5a-b9b6-b7246a6fa131,,"WATER, CONFERENCE., ANNUAL, INTERNATIONAL., 69TH, 2008., (2, VOLS)",,,,,No,,,76.03647 80 87.12462,,,,,,,,,,,0 0 0,0.999%,Unknown,D65,CIE 1931,0 0 0,,0.95045 1 1.08905,2021:10:22 00:59:55-04:00,application/pdf,,2021:10:22 00:59:55-04:00,,,,,,,,,8,,,,,,,,,,,1.6,,Microsoft Corporation,,,,,,,,,,,,Adobe Acrobat 8.1,Display Device Profile,Linotronic,"XYZ ",Copyright (c) 1998 Hewlett-Packard Company,Hewlett-Packard,1998:02:09 06:49:00,sRGB IEC61966-2.1,acsp,0,2.1.0,,0.43607 0.22249 0.01392,"(Binary data 2060 bytes, use -b option to extract)",Perceptual,,,,,,,,,,,,,,,,,,,," ",,,,,,,,,,,,,,Cathode Ray Tube Display,,,,,,,69th Annual International Water Conference 2008 (Table of Contents),,,,,,,,,,,,,,,Reference Viewing Condition in IEC61966-2.1,19.6445 20.3718 16.8089,D50,3.92889 4.07439 3.36179,,,,,,"Adobe XMP Core 7.0-c000 79.1357c9e, 2021/07/14-00:39:56        ",,,,,,,,,,,,
./downloaded_docs/061022.pdf,,,,,,,,,,,,,,,,,,,,,,,,,,,,,,,,,,,,,,2022:06:09 19:40:23-04:00,,Adobe InDesign CS6 (Windows),Adobe InDesign CS6 (Windows),,,,,,,,,,,,,./downloaded_docs,,,,,uuid:1867a754-3230-4d07-84fe-c98a11652786,,,,,,13.59,2026:08:07 08:47:31-04:00,2026:07:28 10:44:43-04:00,2026:08:07 08:47:31-04:00,061022.pdf,-rw-rw-rw-,1447 kB,PDF,pdf,application/pdf,,,,,PDF/X-1a:2001,PDF/X-1:2001,,,No,,,,,,,,,,,,,,,,,uuid:38bab28f-d75a-424a-ac09-ffaf36300fac,,,,,,,Yes,,,,,,,,,,,,,,,,,,,,,,2022:06:10 07:57:07-04:00,application/pdf,,2022:06:10 07:57:07-04:00,,,,,,,,,27,,,,,,,,,,,1.3,,,,,,,,,,,,,,Adobe PDF Library 10.0.1,,,,,,,,,,,,,,,,,,,,,,,,,,,,,,,,,,,,,,,,,,,,,,,,,,,,,,,,,,,False,,,,,,,,,,,,,,,,,,,,"Adobe XMP Core 5.2-c001 63.139439, 2010/09/27-13:37:26        ",,,,,,,,,,,,
./downloaded_docs/08-20-1970.pdf,,,,,,,,,,,,,The CSC Group of Michigan,,,,,,,,,,,,,,,,,,,,,,,,,2003:06:27 08:23:26Z,2003:06:27 08:23:26Z,The CSC Group of Michigan,,,,,,,,Cass City Chronicle,,,,,,./downloaded_docs,,,,,,,,,,,13.59,2026:07:31 13:57:01-04:00,2026:07:28 10:46:13-04:00,2026:07:28 10:46:13-04:00,08-20-1970.pdf,-rw-rw-rw-,4.5 MB,PDF,pdf,,,,,,,,,,,,,,,,,,,,,,,,,,,,,,,,,,Yes,,,,,,,,,,,,,,,,,,,,,,2003:09:22 09:37:22-03:00,application/pdf,2003:09:22 09:37:22-03:00,2003:09:22 09:37:22-03:00,,,,,,,,,14,,,,,,SinglePage,UseOutlines,,,,1.4,,,,,,,,,,,,,,,,,,,,,,,,,,,,,,,,,,,,,,,,,,,,,,,,Cass City Chronicle,,,,,,,,,,,,,,,,,,,,,08-20-1970,,,,,,,,,,,,,,,,,,,,,,,,,,,,,,,,,,,,
./downloaded_docs/091820.pdf,,,,,,,,,,,,,Ashsingh,,,,,,,,,,,,,,,,,,,,,,,,,2020:09:17 20:00:35-04:00,,Ashsingh,Adobe InDesign CS6 (Windows),,,,,,,,,,,,,./downloaded_docs,,,,,uuid:791c430c-8461-4e28-8f65-a9e3f15a3be3,,,,,,13.59,2026:07:31 13:57:01-04:00,2026:07:29 12:26:41-04:00,2026:07:29 12:26:41-04:00,091820.pdf,-rw-rw-rw-,548 kB,PDF,pdf,application/pdf,,,,,,,,,No,,,,,,,,,,,,,,,,,uuid:d944d658-27c0-4dc1-93c3-8940804bce70,,,,,,,Yes,,,,,,,,,,,,,,,,,,,,,,2020:09:18 07:37:53-04:00,application/pdf,,2020:09:18 07:37:53-04:00,,,,,,,,,25,,,,,,,,,,,1.6,,,,,,,,,,,,,,Acrobat Distiller 10.1.16 (Windows),,,,,,,,,,,,,,,,,,,,,,,,,,,,,,,,,,,,,,,,,,,,,,,,,,,,,,,TLI_09_18_20.pdf,,,,,,,,,,,,,,,,,,,,,,,,"Adobe XMP Core 5.2-c001 63.139439, 2010/09/27-13:37:26        ",,,,,,,,,,,,
./downloaded_docs/105-04.pdf,,,,,,,,,,,,,,,,,,,,,,,,,,,,,,,,,,,,,,2021:10:15 11:04:50-04:00,,,,,,,,,,,,,,,,./downloaded_docs,,,,,uuid:76a07752-3396-43d1-826e-45a56af661be,,,,,,13.59,2026:07:31 13:57:01-04:00,2026:07:31 09:58:51-04:00,2026:07:31 09:58:51-04:00,105-04.pdf,-rw-rw-rw-,11 MB,PDF,pdf,application/pdf,,,,,,,,,,,,,,,,,,,,,,,,,,uuid:fe5925e9-fa23-4505-b0bc-d9465014c9a1,,,,,,,Yes,,,,,,,,,,,,,,,,,,,,,,2021:12:17 13:02:22-05:00,application/pdf,,2021:12:17 13:02:22-05:00,,,,,,,,,202,,,,,,,,,,,1.4,,,,,,,,,,,,,,Adobe Acrobat Pro DC (32-bit) 21 Paper Capture Plug-in,,,,,,,,,,,,,,,,,,,,,,,,,,,,,,,,,,,,,,,,,,,,,,,,,,,,,,,,,,,,,,,,,,,,,,,,,,,,,,,"Adobe XMP Core 7.0-c000 79.1357c9e, 2021/07/14-00:39:56        ",,,,,,,,,,,,
./downloaded_docs/1135965.pdf,,,,,,,,,,,,,,,,,,,,,,,,,,,,,,,,,,,,,,2011:06:17 09:52:02+04:00,,,,,,,,,,,,,,,,./downloaded_docs,,,,,,,,,,,13.59,2026:08:07 08:47:58-04:00,2026:08:07 08:47:58-04:00,2026:08:07 08:47:58-04:00,1135965.pdf,-rw-rw-rw-,109 kB,PDF,pdf,,,,,,,,,,,,,,,,,,,,,,,,,,,,,,,,,,Yes,,,,,,,,,,,,,,,,,,,,,,,application/pdf,,2011:06:17 09:52:02+04:00,,,,,,,,,7,,,,,,,,,,,1.3,,,,,,,,,,,,,,,,,,,,,,,,,,,,,,,,,,,,,,,,,,,,,,,,,,,,,,,,,,,,,,,,,,,,,,,,,,,,,,,,,,,,,,,,,,,,,,,,,,,,,,,,,
./downloaded_docs/1135995.pdf,,,,,,,,,,,,,,,,,,,,,,,,,,,,,,,,,,,,,,2011:06:17 09:45:00+04:00,,,,,,,,,,,,,,,,./downloaded_docs,,,,,,,,,,,13.59,2026:08:07 08:46:57-04:00,2026:07:28 10:45:19-04:00,2026:08:07 08:46:57-04:00,1135995.pdf,-rw-rw-rw-,106 kB,PDF,pdf,,,,,,,,,,,,,,,,,,,,,,,,,,,,,,,,,,Yes,,,,,,,,,,,,,,,,,,,,,,,application/pdf,,2011:06:17 09:45:00+04:00,,,,,,,,,7,,,,,,,,,,,1.3,,,,,,,,,,,,,,,,,,,,,,,,,,,,,,,,,,,,,,,,,,,,,,,,,,,,,,,,,,,,,,,,,,,,,,,,,,,,,,,,,,,,,,,,,,,,,,,,,,,,,,,,,
./downloaded_docs/120600019.pdf,,,,,,,,,,,,,,,,,,,,,,,,,,,,,,,,,,,,,,2013:04:30 10:20:18-04:00,,Autoscan - Version 8.2.0,Autoscan - Version 8.2.0,,,,,,,042913=91.BAS,,,,,,./downloaded_docs,,,,,uuid:415d3a5d-9685-40e3-9a44-a79b45de6cd9,,,,,,13.59,2026:07:31 13:57:01-04:00,2026:07:29 12:28:25-04:00,2026:07:29 12:28:25-04:00,120600019.pdf,-rw-rw-rw-,460 kB,PDF,pdf,application/pdf,,,,,,,,,,,,,,,,,,,,,,,,,,uuid:37f736b8-ca93-45d6-ae8d-38b6a0193ed8,,,,,,,Yes,,,,,,,,,,,,,,,,,,,,,,2014:02:09 14:03:20-05:00,application/pdf,,2014:02:09 14:03:20-05:00,,,,,,,,,11,,,,,,,,,,,1.6,,,,,,,,,,,,,,PDFlib+PDI 7.0.3p7 (C++/Win32),,,,,,,,,,,,,,,,,,,,,,,,,,,,,,,,,,042913=91.BAS,,,,,,,,,,,,,,,,,,,,,,,,,,,,,,,,,,,,,,,,,,,,,"Adobe XMP Core 5.2-c001 63.139439, 2010/09/27-13:37:26        ",,,,,,,,,,,,
./downloaded_docs/1223266.doc,,,,,,,,14.0000,,,,,BRUBAKER,,,,,,2450,,2874,,,,,Windows Latin 1 (Western European),,,,,PA Public Utility Commission,Microsoft Word 97-2003 Document,32,,,,,2013:04:08 12:33:00,,,,,,,,,,,,,,,,./downloaded_docs,,,"Has picture, 1Table, ExtChar",,,,,,,,13.59,2026:07:31 13:57:01-04:00,2026:07:30 11:28:44-04:00,2026:07:30 11:28:44-04:00,1223266.doc,-rw-rw-rw-,131 kB,DOC,doc,,,,,,,,,,,"Title, 1",,,,,,,,,,mailto:hoswartz@state.pa.us,No,,Word 8.0,,,,,,,English (US),mbrubaker,2013:04:08 08:33:00,,20,No,,,,,,,,,,,,,,,,,,,,,application/msword,,2013:04:08 12:33:00,,,,,,,,,,,,,,,,,3,5,,,,,,,,,,,,,,,,,,,,,,,,,,,,,,,,,2,,No,,,,,,,,None,No,,Microsoft Office Word,,,,,,,,,,,,,,,Windows,,,,Normal,,,,,,," ",,0,,,,,,,,,,,,,,,,,,No,429,,,,,,,,,,,,,,
./downloaded_docs/1318913.pdf,,,,,,,,,,,,,,,,,,,,,,,,,,,,,,,,,,,,,,2014:10:10 08:55:22+04:00,,,,,,,,,,,,,,,,./downloaded_docs,,,,,,,,,,,13.59,2026:07:31 13:57:01-04:00,2026:07:31 09:58:31-04:00,2026:07:31 09:58:31-04:00,1318913.pdf,-rw-rw-rw-,179 kB,PDF,pdf,,,,,,,,,,,,,,,,,,,,,,,,,,,,,,,,,,Yes,,,,,,,,,,,,,,,,,,,,,,,application/pdf,,2014:10:10 08:55:22+04:00,,,,,,,,,7,,,,,,,,,,,1.3,,,,,,,,,,,,,,,,,,,,,,,,,,,,,,,,,,,,,,,,,,,,,,,,,,,,,,,,,,,,,,,,,,,,,,,,,,,,,,,,,,,,,,,,,,,,,,,,,,,,,,,,,
./downloaded_docs/1410306.pdf,,,,,,,,,,,,,,,,,,,,,,,,,,,,,,,,,,,,,,2016:01:22 08:31:13+05:00,,,,,,,,,,,,,,,,./downloaded_docs,,,,,,,,,,,13.59,2026:07:31 13:57:01-04:00,2026:07:31 09:58:41-04:00,2026:07:31 09:58:41-04:00,1410306.pdf,-rw-rw-rw-,343 kB,PDF,pdf,,,,,,,,,,,,,,,,,,,,,,,,,,,,,,,,,,Yes,,,,,,,,,,,,,,,,,,,,,,,application/pdf,,2016:01:22 08:31:13+05:00,,,,,,,,,15,,,,,,,,,,,1.3,,,,,,,,,,,,,,,,,,,,,,,,,,,,,,,,,,,,,,,,,,,,,,,,,,,,,,,,,,,,,,,,,,,,,,,,,,,,,,,,,,,,,,,,,,,,,,,,,,,,,,,,,
./downloaded_docs/1444927.pdf,,,,,,,,,,,,,,,,,,,,,,,,,,,,,,,,,,,,,,2016:05:26 10:01:23+04:00,,,,,,,,,,,,,,,,./downloaded_docs,,,,,,,,,,,13.59,2026:07:31 13:57:01-04:00,2026:07:31 09:57:41-04:00,2026:07:31 09:57:41-04:00,1444927.pdf,-rw-rw-rw-,129 kB,PDF,pdf,,,,,,,,,,,,,,,,,,,,,,,,,,,,,,,,,,Yes,,,,,,,,,,,,,,,,,,,,,,,application/pdf,,2016:05:26 10:01:23+04:00,,,,,,,,,4,,,,,,,,,,,1.3,,,,,,,,,,,,,,,,,,,,,,,,,,,,,,,,,,,,,,,,,,,,,,,,,,,,,,,,,,,,,,,,,,,,,,,,,,,,,,,,,,,,,,,,,,,,,,,,,,,,,,,,,
./downloaded_docs/1447196.pdf,,,,,,,,,,,,,,,,,,,,,,,,,,,,,,,,,,,,,,2016:06:03 13:52:03+04:00,,,,,,,,,,,,,,,,./downloaded_docs,,,,,,,,,,,13.59,2026:07:31 13:57:01-04:00,2026:07:29 12:26:54-04:00,2026:07:29 12:26:54-04:00,1447196.pdf,-rw-rw-rw-,4.2 MB,PDF,pdf,,,,,,,,,,,,,,,,,,,,,,,,,,,,,,,,,,Yes,,,,,,,,,,,,,,,,,,,,,,,application/pdf,,2016:06:03 13:52:03+04:00,,,,,,,,,203,,,,,,,,,,,1.3,,,,,,,,,,,,,,,,,,,,,,,,,,,,,,,,,,,,,,,,,,,,,,,,,,,,,,,,,,,,,,,,,,,,,,,,,,,,,,,,,,,,,,,,,,,,,,,,,,,,,,,,,
./downloaded_docs/1475806.pdf,,,,,,,,,,,,,,,,,,,,,,,,,,,,,,,,,,,,,,2016:09:22 16:02:59Z,,,,,,,,,,,,,,,,./downloaded_docs,,,,,,,,,,,13.59,2026:07:31 13:57:01-04:00,2026:07:30 11:27:54-04:00,2026:07:30 11:27:54-04:00,1475806.pdf,-rw-rw-rw-,221 kB,PDF,pdf,,,,,,,,,,,,,,,,,,,,,,,,,,,,,,,,,,No,,,,,,,,,,,,,,,,,,,,,,,application/pdf,,2016:09:22 16:02:59Z,,,,,,,,,9,,,,,,,,,,,1.5,,,,,,,,,,,,,,,,,,,,,,,,,,,,,,,,,,,,,,,,,,,,,,,,,,,,,,,,,,,,,,,,,,,,,,,,,,,,,,,,,,,,,,,,,,,,,,,,,,,,,,,,,
./downloaded_docs/1500928.pdf,,,,,,,,,,,,,,,,,,,,,,,,,,,,,,,,,,,,,,2017:01:11 19:57:55Z,,,,,,,,,,,,,,,,./downloaded_docs,,,,,,,,,,,13.59,2026:07:31 13:57:01-04:00,2026:07:30 11:30:06-04:00,2026:07:30 11:30:06-04:00,1500928.pdf,-rw-rw-rw-,182 kB,PDF,pdf,,,,,,,,,,,,,,,,,,,,,,,,,,,,,,,,,,No,,,,,,,,,,,,,,,,,,,,,,,application/pdf,,2017:01:11 19:57:55Z,,,,,,,,,5,,,,,,,,,,,1.5,,,,,,,,,,,,,,,,,,,,,,,,,,,,,,,,,,,,,,,,,,,,,,,,,,,,,,,,,,,,,,,,,,,,,,,,,,,,,,,,,,,,,,,,,,,,,,,,,,,,,,,,,
./downloaded_docs/1643192.pdf,,,,,,,,,,,,,,,,,,,,,,,,,,,,,,,,,,,,,,,,WorkCentre 3615,,,,,,,,,,,,,,./downloaded_docs,,,,,,,,,,,13.59,2026:08:07 08:46:01-04:00,2026:08:07 08:45:59-04:00,2026:08:07 08:45:59-04:00,1643192.pdf,-rw-rw-rw-,324 kB,PDF,pdf,,,,,,,,,,,,,,,,,,,,,,,,,,,,,,,,,,No,,,,,,,,,,,,,,,,,,,,,,,application/pdf,,,,,,,,,,,8,,,,,,,,,,,1.6,,,,,,,,,,,,,,WorkCentre 3615,,,,,,,,,,,,,,,,,,,,,,,,,,,,,,,,,,,,,,,,,,,,,,,,,,,,,,,,,,,,,,,,,,,,,,,,,,,,,,,,,,,,,,,,,,,
./downloaded_docs/1643471.pdf,,,,,,,,,,,,,,,,,,,,,,,,,,,,,,,,,,,,,,2019:11:08 16:37:24Z00:00,,,,,,,,,,,,,,,,./downloaded_docs,,,,,,,,,,,13.59,2026:07:31 13:57:01-04:00,2026:07:29 12:26:48-04:00,2026:07:29 12:26:48-04:00,1643471.pdf,-rw-rw-rw-,8.9 MB,PDF,pdf,,,,,,,,,,,,,,,,,,,,,,,,,,,,,,,,,,Yes,,,,,,,,,,,,,,,,,,,,"0, 0, 612, 792",,,application/pdf,,2019:11:08 13:35:13-05:00,,,,,,,,,9,,,,,,,,,,,1.3,,,,,,,,,,,,,,iOS Version 13.1.3 (Build 17A878) Quartz PDFContext,,,,,,,,,,,,,,,,,,,,,,,,,,,,,,,,,,,,,,,,,,,,,,,,,,,,,,,,,,,,,,,,,,,,,,,,,,,,,,,3.1-701,,,,,,,,,,,,
./downloaded_docs/1705390.pdf,,,,,,,,,,,,,,,,,,,,,,,,,,,,,,,,,,,,,,,,,,,,,,,,,,,,,,./downloaded_docs,,,,,,,,,,,13.59,2026:07:31 13:57:01-04:00,2026:07:29 12:28:19-04:00,2026:07:29 12:28:19-04:00,1705390.pdf,-rw-rw-rw-,26 MB,PDF,pdf,,,,,,,,,,,,,,,,,,,,,,,,,,,,,,,,,,No,,,,,,,,,,,,,,,,,,,,,,,application/pdf,,,,,,,,,,,164,,,,,,,,,,,1.4,,,,,,,,,,,,,,,,,,,,,,,,,,,,,,,,,,,,,,,,,,,,,,,,,,,,,,,,,,,,,Yes,,,,,,,,,,,,,,,,,,,,,,,,,,,,,,,,,,,,,,,,,,,,
./downloaded_docs/174898551.pdf,,,,,,,,,,,,,Owner,,,,,,,,,,,,,,,,,,,,,,,,,2015:02:12 14:21:27-05:00,,Writer,,,,,,,,,,,,,,./downloaded_docs,,,,,,,,,,,13.59,2026:08:07 08:46:43-04:00,2026:07:28 10:46:53-04:00,2026:08:07 08:46:43-04:00,174898551.pdf,-rw-rw-rw-,45 kB,PDF,pdf,,,,,,,,,,,,,,,,,,,,,,,,,,,,,,en-US,,,,No,,,,,,,,,,,,,,,,,,,,"0, 0, 612, 792",,,application/pdf,,,,,,,,,,,5,,,,,,,,,,,1.4,,,,,,,,,,,,,,LibreOffice 4.2,,,,,,,,,,,,,,,,,,,,,,,,,,,,,,,,,,,,,,,,,,,,,,,,,,,,,,,,,,,,,,,,,,,,,,,,,,,,,,,,,,,,,,,,,,,
./downloaded_docs/1829621.pdf,,,,,,,,,,,,,"Pierce, Thomasina Y.",,,,,,,,,,,,,,,,,,,,,B,,,,2024:05:15 16:00:55-04:00,,"Pierce, Thomasina Y.",Power PDF Create,,,,,,,,,,,,,./downloaded_docs,,,,,,,,,,,13.59,2026:08:07 08:46:45-04:00,2026:07:28 10:45:48-04:00,2026:08:07 08:46:45-04:00,1829621.pdf,-rw-rw-rw-,524 kB,PDF,pdf,,,,,,,,,,,,,,,,,,,,,,,,,,,,,,en-US,,,,Yes,,,,,,,,,,,,,,,,,,,,,,2024:05:15 16:21:19-04:00,application/pdf,,2024:05:15 16:21:19-04:00,,,,,,,,,5,,,,,,,UseNone,,,1,1.4,,,,,,,,,,,,,,Power PDF Create,,,,,,,,,,,,,,,,,,,,,,,,,,,,,,,,,,,,,,,,,,,,,,,Yes,,,,,,,,2024-05-15 PECO Transmittal Letters and COS re Responses to OCA Sets 6 & 7 Discovery,,,,,,,,,,,,,,,,,,,,,,,,3.1-701,,,,,,,,,,,,
./downloaded_docs/1837992.pdf,,,,,,,,,,,,,,,,,,,,,,,,,,,,,,,,,,,,,,,,,,,,,,,,,,,,,,./downloaded_docs,,,,,,,,,,,13.59,2026:08:07 08:46:43-04:00,2026:07:28 10:46:32-04:00,2026:08:07 08:46:42-04:00,1837992.pdf,-rw-rw-rw-,250 kB,PDF,pdf,,,,,,,,,,,,,,,,,,,,,,,,,,,,,,,,,,Yes,,,,,,,,,,,,,,,,,,,,,,,application/pdf,,,,,,,,,,,5,,,,,,,,,,,1.6,,,,,,,,,,,,,,,,,,,,,,,,,,,,,,,,,,,,,,,,,,,,,,,,,,,,,,,,,,,,,Yes,,,,,,,,,,,,,,,,,,,,,,,,,,,,,,,,,,,,,,,,,,,,
./downloaded_docs/1854210.pdf,,,,,,,,,,,,,,,,,,,,,,,,,,,,,,,,,,,,,,2017:04:25 16:25:17Z,,,,,,,,,,,,,,,,./downloaded_docs,,,,,,,,,,,13.59,2026:08:07 08:47:21-04:00,2026:08:07 08:47:18-04:00,2026:08:07 08:47:18-04:00,1854210.pdf,-rw-rw-rw-,1847 kB,PDF,pdf,,,,,,,,,,,,,,,,,,,,,,,,,,,,,,,,,,No,,,,,,,,,,,,,,,,,,,,,,,application/pdf,,2017:04:25 16:25:17Z,,,,,,,,,80,,,,,,,,,,,1.5,,,,,,,,,,,,,,,,,,,,,,,,,,,,,,,,,,,,,,,,,,,,,,,,,,,,,,,,,,,,,,,,,,,,,,,,,,,,,,,,,,,,,,,,,,,,,,,,,,,,,,,,,
./downloaded_docs/1862449.docx,,,,,Microsoft Office Word,,,16.0000,,,,,,,,,,,2040,2393,,,,,,,,,,,,,,,,,,2025:01:15 18:19:00Z,,"Reed, Andrew",,,,,,,,,,,,,,./downloaded_docs,,,,None,,,,,,,13.59,2026:07:31 13:57:01-04:00,2026:07:29 12:27:33-04:00,2026:07:29 12:27:33-04:00,1862449.docx,-rw-rw-rw-,18 kB,DOCX,docx,,,,,,,,,,,,,,,,,,,,,,No,,,,,,,,,,"Reed, Andrew",,,17,No,,,,,,,,,,,,,,,,,,,,,application/vnd.openxmlformats-officedocument.wordprocessingml.document,,2025:01:15 18:40:00Z,,,,,,,,,,,,,,,,,1,4,,,,,,,,,,,,,,,,,,,,,,,,,,,,,,,,,7,,No,,,,,,,,,No,,,,,,,,,,,,,,,,,,,,,Normal,,,,,,,,,9 minutes,,,,,,,,,,,,,,,,,,,357,,,,,,,0x0006,346,Deflated,0x6cd2a4df,[Content_Types].xml,1980:01:01 00:00:00,20,1312
./downloaded_docs/1875108.pdf,,,,,,,,,,,,,,,,,,,,,,,,,,,,,,,,,,,,,,2025:04:17 12:37:04-04:00,,Bluebeam Stapler 21.1.0.10,,,,,,,,,,,,,,./downloaded_docs,,,,,,,,,,,13.59,2026:07:31 13:57:01-04:00,2026:07:30 11:28:07-04:00,2026:07:30 11:28:07-04:00,1875108.pdf,-rw-rw-rw-,34 MB,PDF,pdf,,,,,,,,,,,,,,,,,,,,,,,,,,,,,,,,,,No,,,,,,,,,,,,,,,,,,,,,,,application/pdf,,2025:04:17 12:37:23-04:00,,,,,,,,,99,,,,,,,,,,,1.4,,,,,,,,,,,,,,Bluebeam Brewery 5.0,,,,,,,,,,,,,,,,,,,,,,,,,,,,,,,,,,,,,,,,,,,,,,,,,,,,,,,,,,,,,,,,,,,,,,,,,,,,,,,,,,,,,,,,,,,
./downloaded_docs/1880470.pdf,,,,,,,,,,,,,Sobel,,,,,,,,,,,,,,,,,,,,,,,,,2025:05:20 10:13:48,,Sobel,AutoCAD LT 2024 - English 2024 (24.3s (LMS Tech)),,,,,,,,,,,,,./downloaded_docs,,,,,uuid:d599fddd-329c-4d61-bbad-4ef5ea295d80,,,,,,13.59,2026:07:31 13:57:01-04:00,2026:07:29 12:27:35-04:00,2026:07:29 12:27:35-04:00,1880470.pdf,-rw-rw-rw-,1088 kB,PDF,pdf,application/pdf,,,,,,,,,,,,,,,,,,,,,,,,,,uuid:f2d28419-fc8d-4688-9fcb-21fdea893a5e,,,,,,,No,,,,,,,,,,,,,,,,,,,,,,2025:05:20 13:24:23-04:00,application/pdf,,2025:05:22 14:55:56-05:00,,,,,,,,,6,,,,,,SinglePage,UseThumbs,,,,1.7,,,,,,,,,,,,,,pdfplot16.hdi 16.03.212.00000,,,,,,,,,,,,,,,,,,,,,,,,,,,,,,,,,,,,,,,,,,,,,,,,,,,,,,,Aqua Template,,,,,,,,,,,,,,,,,,,,,,,,"Adobe XMP Core 9.1-c001 79.675d0f7, 2023/06/11-19:21:16        ",,,,,,,,,,,,
./downloaded_docs/1885536.pdf,,,,,,,,,,,,,"DiCarlantonio, George",,,,,,,,,,,,,,,,,,,,,,,,,2025:07:01 16:14:50Z,,"DiCarlantonio, George",Microsoft Word,,,,,,,,,,,,,./downloaded_docs,,,,,uuid:ED0E0CC8-88B1-4BDA-98B7-E44F9C853CF9,,,,,,13.59,2026:07:31 13:57:01-04:00,2026:07:30 11:27:52-04:00,2026:07:30 11:27:52-04:00,1885536.pdf,-rw-rw-rw-,338 kB,PDF,pdf,application/pdf,,,,,,,,,,,,,,,,,,,,,,,,,,uuid:ab8e7766-c094-054d-b24f-323a2a134a5c,,,en,,,,No,,,,,,,,,,,,,,,,,,,,,,2025:07:03 09:00:41-04:00,application/pdf,,2025:07:03 09:00:41-04:00,,,,,,,,,4,,,,,,,,,,,1.7,,,,,,,,,,,,,,,,,,,,,,,,,,,,,,,,,,,,,,,,,,,,,,,,,,,,,,,,,,,,,Yes,,,,,,,,Application Aqua Parkmount Rd.pdf,,,,,,,,,,,,,,,,,,,,,,,,"Adobe XMP Core 9.1-c001 79.675d0f7, 2023/06/11-19:21:16        ",,,,,,,,,,,,
./downloaded_docs/1987-07-23.pdf,,,,,,,,,,,,,,,,,,,,,,,,,,,,,,,,,,,,,,2005:12:13 17:37:15Z,,,ABBYY FineReader,,,,,,,,,,,,,./downloaded_docs,,,,,uuid:3c3d9e07-2d90-4517-a156-d2af2895644e,,,,,,13.59,2026:08:07 08:47:14-04:00,2026:07:28 10:45:52-04:00,2026:08:07 08:47:12-04:00,1987-07-23.pdf,-rw-rw-rw-,6.8 MB,PDF,pdf,application/pdf,,,,,,,,,,,,,,,,,,,,,,,,,,uuid:4c565e5f-a7a0-44b7-b10a-632519a4a2e8,,,,,,,Yes,,,,,,,,,,,,,,,,,,,,,,2015:01:02 22:34:36-05:00,application/pdf,,2015:01:02 22:34:36-05:00,,,,,,,,,13,,,,,,,,,,,1.7,,,,,,,,,,,,,,,,,,,,,,,,,,,,,,,,,,,,,,,,,,,,,,,,,,,,,,,,,,,,,,,,,,,,,,,,,,,,,,,,,,,,,,,,,,,,,"Adobe XMP Core 5.2-c001 63.139439, 2010/09/27-13:37:26        ",,,,,,,,,,,,
./downloaded_docs/1fc40af7-754f-11ec-b1e1-0050569183fa-541dea03-b8aa-43fc-adb2-a201c9607e91-1666015441.pdf,,,,,,,,,,,,,,,,,,,,,,"Not Embedded, Independent",,,,,,,GRAY,,,,,,0.9642 1 0.82491,,,2022:10:17 14:05:33+00:00,,,,,,,,,,,"Reflective, Glossy, Positive, Color",none,,,,./downloaded_docs,,,,,,,,,,,13.59,2026:07:31 13:57:01-04:00,2026:07:29 12:27:28-04:00,2026:07:29 12:27:28-04:00,1fc40af7-754f-11ec-b1e1-0050569183fa-541dea03-b8aa-43fc-adb2-a201c9607e91-1666015441.pdf,-rw-rw-rw-,24 MB,PDF,pdf,,,"(Binary data 14 bytes, use -b option to extract)",,,,,,,No,,,,,,,,,,,,,,,,,,,,,,,,No,,,,,,,,,,,,,,,,,,,0 0 0,,0.9505 1 1.0891,,application/pdf,,2022:10:17 14:05:33+00:00,,,,,,,,,308,,,,,,,,,,,1.7,,Apple Computer Inc.,,,,,,,,,,,,Ruby CombinePDF 1.0.21 Library,Display Device Profile,Adobe Systems Inc.,"XYZ ",Copyright 1999 Adobe Systems Incorporated,Adobe Systems Inc.,1999:06:03 00:00:00,Gray Gamma 2.2,acsp,0,2.1.0,,,,Perceptual,,,,,,,,,,,,,,,,,,,,,,,,,,,,,,,,,,,,,,,,,,,,,,,,,,,,,,,,,,,,,,,,,,,,,,,,,,,,,
./downloaded_docs/2003Feb.pdf,,,,,,,,,,,,,,,,,,,,,,,,,,,,,,,,,,,,,,2009:01:05 11:09:44-05:00,,CanoScan LiDE 30/N1240U,CanoScan LiDE 30/N1240U,,,,,,,,,,,,,./downloaded_docs,,,,,uuid:cfcb2822-2253-4c31-8bdb-b71d1fc77b52,,,,,,13.59,2026:07:31 13:57:01-04:00,2026:07:31 09:57:29-04:00,2026:07:31 09:57:29-04:00,2003Feb.pdf,-rw-rw-rw-,10 MB,PDF,pdf,application/pdf,,,,,,,,,,,,,,,,,,,,,,,,,,uuid:07a7daa4-75b8-4b94-89c4-13162261736c,,,,,,,Yes,,,,,,,,,,,,,,,,,,,,,,2009:01:05 11:19:52-05:00,application/pdf,,2009:01:05 11:19:52-05:00,,,,,,,,,14,,,,,,,,,,,1.6,,,,,,,,,,,,,,Adobe Acrobat 9.0 Paper Capture Plug-in,,,,,,,,,,,,,,,,,,,,,,,,,,,,,,,,,,,,,,,,,,,,,,,Yes,,,,,,,,,,,,,,,,,,,,,,,,,,,,,,,,"Adobe XMP Core 4.2.1-c041 52.342996, 2008/05/07-20:48:00        ",,,,,,,,,,,,
./downloaded_docs/2007_-_November.pdf,,,,,,,,,,,,,,,,,,,,,,,,,,,,,,,,,,,,,,2007:11:14 15:16:08Z,2007:11:14 15:16:08Z,QuarkXPress(tm) 6.5,,,,,,,,,,,,,,./downloaded_docs,,,,,,,,,,,13.59,2026:07:31 13:57:01-04:00,2026:07:30 11:28:34-04:00,2026:07:30 11:28:34-04:00,2007_-_November.pdf,-rw-rw-rw-,4.3 MB,PDF,pdf,,,,,,,,,,,,,,,,,,,,,,,,,,,,,,,,,,Yes,,,,,,,,,,,,,,,,,,,,,,2007:11:16 09:53:14-05:00,application/pdf,2007:11:16 09:53:14-05:00,2007:11:16 09:53:14-05:00,,,,,,,,,16,,,,,,,,,,,1.3,,,,,,,,,,,,,,QuarkXPress(tm) 6.5,,,,,,,,,,,,,,,,,,,,,,,,,,,,,,,,,,,,,,,,,,,,,,,,,,,,,,,Layout 1,,,,,,,,,,,,,,,,,,,,,,,,,"%%DocumentProcessColors: Cyan Magenta Black
%%DocumentCustomColors: (PANTONE 260 M)
%%CMYKCustomColor: .52 1 0 .26 (PANTONE 260 M)
%%EndComments",,,,,,,,,,,
./downloaded_docs/2012_-_Summer.pdf,,,,,,,,,,,,,,,,,,,,,,,,,,,,,,,,,,,,,,2012:09:17 13:47:17-04:00,,Adobe InDesign CS5 (7.0.4),Adobe InDesign CS5 (7.0.4),,,xmp.did:6D4EA2E9818DE111AAF299D142FA74CF,xmp.iid:92AA726EC2E7E11180489642EA4B8707,xmp.did:2E4C2FB11B206811A961F265393A0F31,default,,,,,,,./downloaded_docs,24238,,,,xmp.did:06D9BDF7C5E7E11180489642EA4B8707,,,,,,13.59,2026:08:07 08:47:11-04:00,2026:07:31 09:58:21-04:00,2026:08:07 08:47:10-04:00,2012_-_Summer.pdf,-rw-rw-rw-,2.2 MB,PDF,pdf,application/pdf,,,,,,,,,,,,,"created, saved, saved, saved, saved, saved, saved, saved, saved, saved, saved, saved, saved, saved, saved, saved, saved, saved, saved, saved, saved, saved, saved, saved, saved, saved, saved, saved, saved, saved, saved, saved, saved, saved, saved, saved, saved, saved, saved, saved, saved, saved, saved, saved, saved, saved, saved, saved, saved, saved, saved, saved, saved, saved, saved, saved, saved, saved, saved, saved, saved, saved, saved, saved, saved, saved, saved, saved, saved, saved, saved, saved, saved, saved, saved, saved, saved, saved, saved, saved, saved, saved, saved, saved, saved, saved, saved, saved, saved, saved, saved, saved, saved, saved, saved, saved, saved, saved, saved, saved, saved, saved, saved, saved, saved, saved, saved, saved, saved, saved, saved, saved, saved, saved, saved, saved, saved, saved, saved, saved, saved, saved, saved, saved, saved, saved, saved, saved, saved, saved, saved, saved, saved, saved, saved, saved, saved, saved, saved, saved, saved, saved, saved, saved, saved, saved, saved, saved, saved, saved, saved, saved, saved, saved, saved, saved, saved, saved, saved, saved, saved, saved, saved, saved, saved, saved, saved, saved, saved, saved, saved, saved, saved, saved, saved, saved, saved, saved, saved, saved, saved, saved, saved, saved, saved, saved, saved, saved, saved, saved, saved, saved, saved, saved, saved, saved, saved, saved, saved, saved, saved, saved, saved, saved, saved, saved, saved, saved, saved, saved, saved, saved, saved, saved, saved, saved, saved, saved, saved, saved, saved, saved, saved, saved, saved, saved, saved, saved, saved, saved, saved, saved, saved, saved, saved, saved, saved, saved, saved, saved, saved, saved, saved, saved, saved, saved, saved, saved, saved, saved, saved, saved, saved, saved, saved, saved, saved, saved, saved, saved, saved, saved, saved, saved, saved, saved, saved, saved, saved, saved, saved, saved, saved, saved, saved, saved, saved, saved, saved, saved, saved, saved, saved, saved, saved, saved, saved, saved, saved, saved, saved, saved, saved, saved, saved, saved, saved, saved, saved, saved, saved, saved, saved, saved, saved, saved, saved, saved, saved, saved, saved, saved, saved, saved, saved, saved, saved, saved, saved, saved, saved, saved, saved, saved, saved, saved, saved, saved, saved, saved, saved, saved, saved, saved, saved, saved, saved, saved, saved, saved, saved, saved, saved, saved, saved, saved, saved, saved, saved, saved, saved, saved, saved, saved, saved, saved, saved, saved, saved, saved, saved, saved, saved, saved, saved, saved, saved, saved, saved, saved, saved, saved, saved, saved, saved, saved, saved, saved, saved, saved, saved, saved, saved, saved, saved, saved, saved, saved, saved, saved, saved, saved, saved, saved, saved, saved, saved, saved, saved, saved, saved, saved, saved, saved, saved, saved, saved, saved, saved, saved, saved, saved, saved, saved, saved, saved, saved, saved, saved, saved, saved, saved, saved, saved, saved, saved, saved, saved, saved, saved, saved, saved, saved, saved, saved, saved, saved, saved, saved, saved, saved, saved, saved, saved, saved, saved, saved, saved, saved, saved, saved, saved, saved, saved, saved, saved, saved, saved, saved, saved, saved, saved, saved, saved, saved, saved, saved, saved, saved, saved, saved, saved, saved, saved, saved, saved, saved, saved, saved, saved, saved, saved, saved, saved, saved, saved, saved, saved, saved, saved, saved, saved, saved, saved, saved, saved, saved, saved, saved, saved, saved, saved, saved, saved, saved, saved, saved, saved, saved, saved, saved, saved, saved, saved, saved, saved, saved, saved, saved, saved, saved, saved, saved, saved, saved, saved, saved, saved, saved, saved, saved, saved, saved, saved, saved, saved, saved, saved, saved, saved, saved, saved, saved, saved, saved, saved, saved, saved, saved, saved, saved, saved, saved, saved, saved, saved, saved, saved, saved, saved, saved, saved, saved, saved, saved, saved, saved, saved, saved, saved, saved, saved, saved, saved, saved, saved, saved, saved, saved, saved, saved, saved, saved, saved, saved, saved, saved, saved, saved, saved, saved, saved, saved, saved, saved, saved, saved, saved, saved, saved, saved, saved, saved, saved, saved, saved, saved, saved, saved, saved, saved, saved, saved, saved, saved, saved, saved, saved, saved, saved, saved, saved, saved, saved, saved, saved, saved, saved, saved, saved, saved, saved, saved, saved, saved, saved, saved, saved, saved, saved, saved, saved, saved, saved, saved, saved, saved, saved, saved, saved, saved, saved, saved, saved, saved, saved, saved, saved, saved, saved, saved, saved, saved, saved, saved, saved, saved, saved, saved, saved, saved, saved, saved, saved, saved, saved, saved, saved, saved, saved, saved, saved, saved, saved, saved, saved, saved, saved, saved, saved, saved, saved, saved, saved, saved, saved, saved, saved, saved, saved, saved, saved, saved, saved, saved, saved, saved, saved, saved, saved, saved, saved, saved, saved, saved, saved, saved, saved, saved, saved, saved, saved, saved, saved, saved, saved, saved, saved, saved, saved, saved, saved, saved, saved, saved, saved, saved, saved, saved, saved, saved, saved, saved, saved, saved, saved, saved, saved, saved, saved, saved, saved, saved, saved, saved, saved, saved, saved, saved, saved, saved, saved, saved, saved, saved, saved, saved, saved, saved, saved, saved, saved, saved, saved, saved, saved, saved, saved, saved, saved, saved, saved, saved, saved, saved, saved, saved, saved, saved, saved, saved, saved, saved, saved, saved, saved, saved, saved, saved, saved, saved, saved, saved, saved, saved, saved, saved, saved, saved, saved, saved, saved, saved, saved, saved, saved, saved, saved, saved, saved, saved, saved, saved, saved, saved, saved, saved, saved, saved, saved, saved, saved, saved, saved, saved, saved, saved, saved, saved, saved, saved, saved, saved, saved, saved, saved, saved, saved, saved, saved, saved, saved, saved, saved, saved, saved, saved, saved, saved, saved, saved, saved, saved, saved, saved, saved, saved, saved, saved, saved, saved, saved, saved, saved, saved, saved, saved, saved, saved, saved, saved, saved, saved, saved, saved, saved, saved, saved, saved, saved, saved, saved, saved, saved, saved, saved, saved, saved, saved, saved, saved, saved, saved, saved, saved, saved, saved, saved, saved, saved, saved, saved, saved, saved, saved, saved, saved, saved, saved, saved, saved, saved, saved, saved, saved, saved, saved, saved, saved, saved, saved, saved, saved, saved, saved, saved, saved, saved, saved, saved, saved, saved, saved, saved, saved, saved, saved, saved, saved, saved, saved, saved, saved, saved, saved, saved, saved, saved, saved, saved, saved, saved, saved, saved, saved, saved, saved, saved, saved, saved, saved, saved, saved, saved, saved, saved, saved, saved, saved, saved, saved, saved, saved, saved, saved, saved, saved, saved, saved, saved, saved, saved, saved, saved, saved, saved, saved, saved, saved, saved","/, /metadata, /, /, /, /, /, /, /, /, /, /, /, /, /, /, /, /, /, /, /, /, /, /, /, /, /, /, /, /, /, /, /, /, /, /, /, /, /, /, /, /, /, /, /, /, /, /, /, /, /, /, /, /, /, /, /, /, /, /, /, /, /, /, /, /, /, /, /, /, /, /, /, /, /, /, /, /, /, /, /, /, /, /, /, /, /, /, /, /, /, /, /, /, /, /, /, /, /, /, /, /, /, /, /, /, /, /, /, /, /, /, /, /, /, /, /, /, /, /, /, /, /, /, /, /, /, /, /, /, /, /, /, /, /, /, /, /, /, /, /, /, /, /, /, /, /, /, /, /, /, /, /, /, /, /, /, /, /, /, /, /, /, /, /, /, /, /, /, /, /, /, /, /, /, /, /, /, /, /, /, /, /, /, /, /, /, /, /, /, /, /, /, /, /, /, /, /, /, /, /, /, /, /, /, /, /, /, /, /, /, /, /, /, /, /, /, /, /, /, /, /, /, /, /, /, /, /, /, /, /, /, /, /, /, /, /, /, /, /, /, /, /, /, /, /, /, /, /, /, /, /, /, /, /, /, /, /, /, /, /, /, /, /, /, /, /, /, /, /, /, /, /, /, /, /, /, /, /, /, /, /, /, /, /, /, /, /, /, /, /, /, /, /, /, /, /, /, /, /, /, /, /, /, /, /, /, /, /, /, /, /, /, /, /, /, /, /, /, /, /, /, /, /, /, /, /, /, /, /, /, /, /, /, /, /, /, /, /, /, /, /, /, /, /, /, /, /, /, /, /, /, /, /, /, /, /, /, /, /, /, /, /, /, /, /, /, /, /, /, /, /, /, /, /, /, /, /, /, /, /, /, /, /, /, /, /, /, /, /, /, /, /, /, /, /, /, /, /, /, /, /, /, /, /, /, /, /, /, /, /, /, /, /, /, /, /, /, /, /, /, /, /, /, /, /, /, /, /, /, /, /, /, /, /, /, /, /, /, /, /, /, /, /, /, /, /, /, /, /, /, /, /, /, /, /, /, /, /, /, /, /, /, /, /, /, /, /, /, /, /, /, /, /, /, /, /, /, /, /, /, /, /, /, /, /, /, /, /, /, /, /, /, /, /, /, /, /, /, /, /, /, /, /, /, /, /, /, /, /, /, /, /, /, /, /, /, /, /, /, /, /, /, /, /, /, /, /, /, /, /, /, /, /, /, /, /, /, /, /, /, /, /, /, /, /, /, /, /, /, /, /, /, /, /, /, /, /, /, /, /, /, /, /, /, /, /, /, /, /, /, /, /, /, /, /, /, /, /, /, /, /, /, /, /, /, /, /, /, /, /, /, /, /, /, /, /, /, /, /, /, /, /, /, /, /, /, /, /, /, /, /, /, /, /, /, /, /, /, /, /, /, /, /, /, /, /, /, /, /, /, /, /, /, /, /, /, /, /, /, /, /, /, /, /, /, /, /, /, /, /, /, /, /, /, /, /, /, /, /, /, /, /, /, /, /, /, /, /, /, /, /, /, /, /, /, /, /, /, /, /, /, /, /, /, /, /, /, /, /, /, /, /, /, /, /, /, /, /, /, /, /, /, /, /, /, /, /, /, /, /, /, /, /, /, /, /, /, /, /, /, /, /, /, /, /, /, /, /, /, /, /, /, /, /, /, /, /, /, /, /, /, /, /, /, /, /, /, /, /, /, /, /, /, /, /, /, /, /, /, /, /, /, /, /, /, /, /, /, /, /, /, /, /, /, /, /, /, /, /, /, /, /, /, /, /, /, /, /, /, /, /, /, /, /, /, /, /, /, /, /, /, /, /, /, /, /, /, /, /, /, /, /, /metadata, /;/metadata, /, /, /, /, /, /, /, /, /, /, /, /, /, /, /, /, /, /, /, /, /, /, /, /, /, /, /, /, /, /, /, /, /, /, /, /, /, /, /, /, /, /, /, /, /, /, /, /, /, /, /, /, /, /, /, /, /, /, /, /, /, /, /, /, /, /, /, /, /, /, /, /, /, /, /, /, /, /, /, /, /, /, /, /, /, /, /, /, /, /, /, /, /, /, /, /, /, /, /, /, /, /, /, /, /, /, /, /, /, /, /, /, /, /, /, /, /, /, /, /, /, /, /, /, /, /, /, /, /, /metadata, /;/metadata, /, /, /, /, /, /, /, /, /, /, /, /, /, /, /, /, /, /, /, /, /, /, /, /, /, /, /, /, /, /, /, /, /, /, /, /, /, /, /, /, /, /, /, /, /, /, /, /, /, /, /, /, /","xmp.iid:2E4C2FB11B206811A961F265393A0F31, xmp.iid:74FF65133E206811A961F265393A0F31, xmp.iid:75FF65133E206811A961F265393A0F31, xmp.iid:76FF65133E206811A961F265393A0F31, xmp.iid:77FF65133E206811A961F265393A0F31, xmp.iid:78FF65133E206811A961F265393A0F31, xmp.iid:79FF65133E206811A961F265393A0F31, xmp.iid:7AFF65133E206811A961F265393A0F31, xmp.iid:7BFF65133E206811A961F265393A0F31, xmp.iid:7CFF65133E206811A961F265393A0F31, xmp.iid:7DFF65133E206811A961F265393A0F31, xmp.iid:7EFF65133E206811A961F265393A0F31, xmp.iid:FCB7563A40206811A961F265393A0F31, xmp.iid:FDB7563A40206811A961F265393A0F31, xmp.iid:FEB7563A40206811A961F265393A0F31, xmp.iid:FFB7563A40206811A961F265393A0F31, xmp.iid:00B8563A40206811A961F265393A0F31, xmp.iid:01B8563A40206811A961F265393A0F31, xmp.iid:02B8563A40206811A961F265393A0F31, xmp.iid:03B8563A40206811A961F265393A0F31, xmp.iid:04B8563A40206811A961F265393A0F31, xmp.iid:05B8563A40206811A961F265393A0F31, xmp.iid:06B8563A40206811A961F265393A0F31, xmp.iid:D655A74A44206811A961F265393A0F31, xmp.iid:D755A74A44206811A961F265393A0F31, xmp.iid:D855A74A44206811A961F265393A0F31, xmp.iid:D955A74A44206811A961F265393A0F31, xmp.iid:DA55A74A44206811A961F265393A0F31, xmp.iid:DB55A74A44206811A961F265393A0F31, xmp.iid:DC55A74A44206811A961F265393A0F31, xmp.iid:DD55A74A44206811A961F265393A0F31, xmp.iid:DE55A74A44206811A961F265393A0F31, xmp.iid:DF55A74A44206811A961F265393A0F31, xmp.iid:E055A74A44206811A961F265393A0F31, xmp.iid:C04932CA47206811A961F265393A0F31, xmp.iid:C14932CA47206811A961F265393A0F31, xmp.iid:C24932CA47206811A961F265393A0F31, xmp.iid:C34932CA47206811A961F265393A0F31, xmp.iid:C44932CA47206811A961F265393A0F31, xmp.iid:C54932CA47206811A961F265393A0F31, xmp.iid:C64932CA47206811A961F265393A0F31, xmp.iid:C74932CA47206811A961F265393A0F31, xmp.iid:C84932CA47206811A961F265393A0F31, xmp.iid:C94932CA47206811A961F265393A0F31, xmp.iid:CA4932CA47206811A961F265393A0F31, xmp.iid:3EBE56BF4A206811A961F265393A0F31, xmp.iid:3FBE56BF4A206811A961F265393A0F31, xmp.iid:40BE56BF4A206811A961F265393A0F31, xmp.iid:41BE56BF4A206811A961F265393A0F31, xmp.iid:42BE56BF4A206811A961F265393A0F31, xmp.iid:43BE56BF4A206811A961F265393A0F31, xmp.iid:44BE56BF4A206811A961F265393A0F31, xmp.iid:45BE56BF4A206811A961F265393A0F31, xmp.iid:46BE56BF4A206811A961F265393A0F31, xmp.iid:47BE56BF4A206811A961F265393A0F31, xmp.iid:48BE56BF4A206811A961F265393A0F31, xmp.iid:3007DD004D206811A961F265393A0F31, xmp.iid:3107DD004D206811A961F265393A0F31, xmp.iid:3207DD004D206811A961F265393A0F31, xmp.iid:3307DD004D206811A961F265393A0F31, xmp.iid:3407DD004D206811A961F265393A0F31, xmp.iid:3507DD004D206811A961F265393A0F31, xmp.iid:3607DD004D206811A961F265393A0F31, xmp.iid:3707DD004D206811A961F265393A0F31, xmp.iid:3807DD004D206811A961F265393A0F31, xmp.iid:3907DD004D206811A961F265393A0F31, xmp.iid:3A07DD004D206811A961F265393A0F31, xmp.iid:74592E5D4F206811A961F265393A0F31, xmp.iid:75592E5D4F206811A961F265393A0F31, xmp.iid:76592E5D4F206811A961F265393A0F31, xmp.iid:77592E5D4F206811A961F265393A0F31, xmp.iid:78592E5D4F206811A961F265393A0F31, xmp.iid:79592E5D4F206811A961F265393A0F31, xmp.iid:7A592E5D4F206811A961F265393A0F31, xmp.iid:7B592E5D4F206811A961F265393A0F31, xmp.iid:7C592E5D4F206811A961F265393A0F31, xmp.iid:7D592E5D4F206811A961F265393A0F31, xmp.iid:7E592E5D4F206811A961F265393A0F31, xmp.iid:E2CE1D2951206811A961F265393A0F31, xmp.iid:E3CE1D2951206811A961F265393A0F31, xmp.iid:E4CE1D2951206811A961F265393A0F31, xmp.iid:E5CE1D2951206811A961F265393A0F31, xmp.iid:E6CE1D2951206811A961F265393A0F31, xmp.iid:E7CE1D2951206811A961F265393A0F31, xmp.iid:E8CE1D2951206811A961F265393A0F31, xmp.iid:E9CE1D2951206811A961F265393A0F31, xmp.iid:EACE1D2951206811A961F265393A0F31, xmp.iid:EBCE1D2951206811A961F265393A0F31, xmp.iid:ECCE1D2951206811A961F265393A0F31, xmp.iid:8496430A54206811A961F265393A0F31, xmp.iid:8596430A54206811A961F265393A0F31, xmp.iid:8696430A54206811A961F265393A0F31, xmp.iid:8796430A54206811A961F265393A0F31, xmp.iid:8896430A54206811A961F265393A0F31, xmp.iid:8996430A54206811A961F265393A0F31, xmp.iid:8A96430A54206811A961F265393A0F31, xmp.iid:8B96430A54206811A961F265393A0F31, xmp.iid:8C96430A54206811A961F265393A0F31, xmp.iid:8D96430A54206811A961F265393A0F31, xmp.iid:8E96430A54206811A961F265393A0F31, xmp.iid:5CB5C6D955206811A961F265393A0F31, xmp.iid:5DB5C6D955206811A961F265393A0F31, xmp.iid:5EB5C6D955206811A961F265393A0F31, xmp.iid:60B5C6D955206811A961F265393A0F31, xmp.iid:61B5C6D955206811A961F265393A0F31, xmp.iid:62B5C6D955206811A961F265393A0F31, xmp.iid:63B5C6D955206811A961F265393A0F31, xmp.iid:64B5C6D955206811A961F265393A0F31, xmp.iid:65B5C6D955206811A961F265393A0F31, xmp.iid:66B5C6D955206811A961F265393A0F31, xmp.iid:F77F1174072068119457A1C8C49F6473, xmp.iid:F87F1174072068119457A1C8C49F6473, xmp.iid:F97F1174072068119457A1C8C49F6473, xmp.iid:FA7F1174072068119457A1C8C49F6473, xmp.iid:FB7F1174072068119457A1C8C49F6473, xmp.iid:FC7F1174072068119457A1C8C49F6473, xmp.iid:FD7F1174072068119457A1C8C49F6473, xmp.iid:FE7F1174072068119457A1C8C49F6473, xmp.iid:FF7F1174072068119457A1C8C49F6473, xmp.iid:00801174072068119457A1C8C49F6473, xmp.iid:CC432AB5092068119457A1C8C49F6473, xmp.iid:CD432AB5092068119457A1C8C49F6473, xmp.iid:CE432AB5092068119457A1C8C49F6473, xmp.iid:CF432AB5092068119457A1C8C49F6473, xmp.iid:D0432AB5092068119457A1C8C49F6473, xmp.iid:D1432AB5092068119457A1C8C49F6473, xmp.iid:D2432AB5092068119457A1C8C49F6473, xmp.iid:D3432AB5092068119457A1C8C49F6473, xmp.iid:D4432AB5092068119457A1C8C49F6473, xmp.iid:D5432AB5092068119457A1C8C49F6473, xmp.iid:D6432AB5092068119457A1C8C49F6473, xmp.iid:C42927D70C2068119457A1C8C49F6473, xmp.iid:C52927D70C2068119457A1C8C49F6473, xmp.iid:C62927D70C2068119457A1C8C49F6473, xmp.iid:018011740720681197A5A0A925807E5E, xmp.iid:028011740720681197A5A0A925807E5E, xmp.iid:038011740720681197A5A0A925807E5E, xmp.iid:048011740720681197A5A0A925807E5E, xmp.iid:058011740720681197A5A0A925807E5E, xmp.iid:068011740720681197A5A0A925807E5E, xmp.iid:078011740720681197A5A0A925807E5E, xmp.iid:088011740720681197A5A0A925807E5E, xmp.iid:098011740720681197A5A0A925807E5E, xmp.iid:0A8011740720681197A5A0A925807E5E, xmp.iid:DC14EBBF0C20681197A5A0A925807E5E, xmp.iid:DD14EBBF0C20681197A5A0A925807E5E, xmp.iid:DE14EBBF0C20681197A5A0A925807E5E, xmp.iid:DF14EBBF0C20681197A5A0A925807E5E, xmp.iid:E014EBBF0C20681197A5A0A925807E5E, xmp.iid:E114EBBF0C20681197A5A0A925807E5E, xmp.iid:E214EBBF0C20681197A5A0A925807E5E, xmp.iid:E314EBBF0C20681197A5A0A925807E5E, xmp.iid:E414EBBF0C20681197A5A0A925807E5E, xmp.iid:E514EBBF0C20681197A5A0A925807E5E, xmp.iid:E614EBBF0C20681197A5A0A925807E5E, xmp.iid:3C44EE5F1120681197A5A0A925807E5E, xmp.iid:3D44EE5F1120681197A5A0A925807E5E, xmp.iid:3E44EE5F1120681197A5A0A925807E5E, xmp.iid:3F44EE5F1120681197A5A0A925807E5E, xmp.iid:4044EE5F1120681197A5A0A925807E5E, xmp.iid:4144EE5F1120681197A5A0A925807E5E, xmp.iid:4244EE5F1120681197A5A0A925807E5E, xmp.iid:4344EE5F1120681197A5A0A925807E5E, xmp.iid:4444EE5F1120681197A5A0A925807E5E, xmp.iid:4544EE5F1120681197A5A0A925807E5E, xmp.iid:4644EE5F1120681197A5A0A925807E5E, xmp.iid:FCFCE1801520681197A5A0A925807E5E, xmp.iid:FDFCE1801520681197A5A0A925807E5E, xmp.iid:FEFCE1801520681197A5A0A925807E5E, xmp.iid:FFFCE1801520681197A5A0A925807E5E, xmp.iid:00FDE1801520681197A5A0A925807E5E, xmp.iid:01FDE1801520681197A5A0A925807E5E, xmp.iid:02FDE1801520681197A5A0A925807E5E, xmp.iid:03FDE1801520681197A5A0A925807E5E, xmp.iid:04FDE1801520681197A5A0A925807E5E, xmp.iid:05FDE1801520681197A5A0A925807E5E, xmp.iid:06FDE1801520681197A5A0A925807E5E, xmp.iid:5EC543311F20681197A5A0A925807E5E, xmp.iid:5FC543311F20681197A5A0A925807E5E, xmp.iid:60C543311F20681197A5A0A925807E5E, xmp.iid:61C543311F20681197A5A0A925807E5E, xmp.iid:62C543311F20681197A5A0A925807E5E, xmp.iid:63C543311F20681197A5A0A925807E5E, xmp.iid:64C543311F20681197A5A0A925807E5E, xmp.iid:65C543311F20681197A5A0A925807E5E, xmp.iid:66C543311F20681197A5A0A925807E5E, xmp.iid:67C543311F20681197A5A0A925807E5E, xmp.iid:68C543311F20681197A5A0A925807E5E, xmp.iid:4262CEDF2320681197A5A0A925807E5E, xmp.iid:4362CEDF2320681197A5A0A925807E5E, xmp.iid:4462CEDF2320681197A5A0A925807E5E, xmp.iid:4562CEDF2320681197A5A0A925807E5E, xmp.iid:4662CEDF2320681197A5A0A925807E5E, xmp.iid:4762CEDF2320681197A5A0A925807E5E, xmp.iid:4862CEDF2320681197A5A0A925807E5E, xmp.iid:4962CEDF2320681197A5A0A925807E5E, xmp.iid:4A62CEDF2320681197A5A0A925807E5E, xmp.iid:4B62CEDF2320681197A5A0A925807E5E, xmp.iid:4C62CEDF2320681197A5A0A925807E5E, xmp.iid:94A5807C2620681197A5A0A925807E5E, xmp.iid:95A5807C2620681197A5A0A925807E5E, xmp.iid:96A5807C2620681197A5A0A925807E5E, xmp.iid:97A5807C2620681197A5A0A925807E5E, xmp.iid:98A5807C2620681197A5A0A925807E5E, xmp.iid:99A5807C2620681197A5A0A925807E5E, xmp.iid:9AA5807C2620681197A5A0A925807E5E, xmp.iid:9BA5807C2620681197A5A0A925807E5E, xmp.iid:9CA5807C2620681197A5A0A925807E5E, xmp.iid:9DA5807C2620681197A5A0A925807E5E, xmp.iid:9EA5807C2620681197A5A0A925807E5E, xmp.iid:2A5C99432C20681197A5A0A925807E5E, xmp.iid:2B5C99432C20681197A5A0A925807E5E, xmp.iid:2C5C99432C20681197A5A0A925807E5E, xmp.iid:2D5C99432C20681197A5A0A925807E5E, xmp.iid:2E5C99432C20681197A5A0A925807E5E, xmp.iid:2F5C99432C20681197A5A0A925807E5E, xmp.iid:305C99432C20681197A5A0A925807E5E, xmp.iid:315C99432C20681197A5A0A925807E5E, xmp.iid:325C99432C20681197A5A0A925807E5E, xmp.iid:335C99432C20681197A5A0A925807E5E, xmp.iid:345C99432C20681197A5A0A925807E5E, xmp.iid:1E8829222F20681197A5A0A925807E5E, xmp.iid:1F8829222F20681197A5A0A925807E5E, xmp.iid:208829222F20681197A5A0A925807E5E, xmp.iid:218829222F20681197A5A0A925807E5E, xmp.iid:228829222F20681197A5A0A925807E5E, xmp.iid:238829222F20681197A5A0A925807E5E, xmp.iid:248829222F20681197A5A0A925807E5E, xmp.iid:258829222F20681197A5A0A925807E5E, xmp.iid:268829222F20681197A5A0A925807E5E, xmp.iid:278829222F20681197A5A0A925807E5E, xmp.iid:288829222F20681197A5A0A925807E5E, xmp.iid:946A0E383120681197A5A0A925807E5E, xmp.iid:956A0E383120681197A5A0A925807E5E, xmp.iid:966A0E383120681197A5A0A925807E5E, xmp.iid:976A0E383120681197A5A0A925807E5E, xmp.iid:986A0E383120681197A5A0A925807E5E, xmp.iid:996A0E383120681197A5A0A925807E5E, xmp.iid:9A6A0E383120681197A5A0A925807E5E, xmp.iid:9B6A0E383120681197A5A0A925807E5E, xmp.iid:9C6A0E383120681197A5A0A925807E5E, xmp.iid:9D6A0E383120681197A5A0A925807E5E, xmp.iid:9E6A0E383120681197A5A0A925807E5E, xmp.iid:FC6CE9C23320681197A5A0A925807E5E, xmp.iid:FD6CE9C23320681197A5A0A925807E5E, xmp.iid:FE6CE9C23320681197A5A0A925807E5E, xmp.iid:FF6CE9C23320681197A5A0A925807E5E, xmp.iid:006DE9C23320681197A5A0A925807E5E, xmp.iid:016DE9C23320681197A5A0A925807E5E, xmp.iid:026DE9C23320681197A5A0A925807E5E, xmp.iid:036DE9C23320681197A5A0A925807E5E, xmp.iid:046DE9C23320681197A5A0A925807E5E, xmp.iid:056DE9C23320681197A5A0A925807E5E, xmp.iid:066DE9C23320681197A5A0A925807E5E, xmp.iid:BA648EB23420681197A5A0A925807E5E, xmp.iid:BB648EB23420681197A5A0A925807E5E, xmp.iid:BC648EB23420681197A5A0A925807E5E, xmp.iid:BD648EB23420681197A5A0A925807E5E, xmp.iid:BE648EB23420681197A5A0A925807E5E, xmp.iid:BF648EB23420681197A5A0A925807E5E, xmp.iid:C0648EB23420681197A5A0A925807E5E, xmp.iid:C1648EB23420681197A5A0A925807E5E, xmp.iid:C2648EB23420681197A5A0A925807E5E, xmp.iid:C3648EB23420681197A5A0A925807E5E, xmp.iid:C4648EB23420681197A5A0A925807E5E, xmp.iid:6446948C3720681197A5A0A925807E5E, xmp.iid:6546948C3720681197A5A0A925807E5E, xmp.iid:6646948C3720681197A5A0A925807E5E, xmp.iid:6746948C3720681197A5A0A925807E5E, xmp.iid:6946948C3720681197A5A0A925807E5E, xmp.iid:6A46948C3720681197A5A0A925807E5E, xmp.iid:6B46948C3720681197A5A0A925807E5E, xmp.iid:6C46948C3720681197A5A0A925807E5E, xmp.iid:6D46948C3720681197A5A0A925807E5E, xmp.iid:6E46948C3720681197A5A0A925807E5E, xmp.iid:64EF6B5F3E20681197A5A0A925807E5E, xmp.iid:F1FFE24F4220681197A5A0A925807E5E, xmp.iid:06C1A1262D206811AB08EF83CAC8742F, xmp.iid:07C1A1262D206811AB08EF83CAC8742F, xmp.iid:08C1A1262D206811AB08EF83CAC8742F, xmp.iid:5A29A8DA1820681197A58F00171430C5, xmp.iid:5B29A8DA1820681197A58F00171430C5, xmp.iid:5C29A8DA1820681197A58F00171430C5, xmp.iid:726988F92220681197A58F00171430C5, xmp.iid:736988F92220681197A58F00171430C5, xmp.iid:746988F92220681197A58F00171430C5, xmp.iid:7B6988F92220681197A58F00171430C5, xmp.iid:7C6988F92220681197A58F00171430C5, xmp.iid:A25A3C352620681197A58F00171430C5, xmp.iid:A35A3C352620681197A58F00171430C5, xmp.iid:A45A3C352620681197A58F00171430C5, xmp.iid:A55A3C352620681197A58F00171430C5, xmp.iid:A65A3C352620681197A58F00171430C5, xmp.iid:A75A3C352620681197A58F00171430C5, xmp.iid:A85A3C352620681197A58F00171430C5, xmp.iid:A95A3C352620681197A58F00171430C5, xmp.iid:AA5A3C352620681197A58F00171430C5, xmp.iid:AB5A3C352620681197A58F00171430C5, xmp.iid:AC5A3C352620681197A58F00171430C5, xmp.iid:78CF8AB82C20681197A58F00171430C5, xmp.iid:79CF8AB82C20681197A58F00171430C5, xmp.iid:7ACF8AB82C20681197A58F00171430C5, xmp.iid:7BCF8AB82C20681197A58F00171430C5, xmp.iid:7CCF8AB82C20681197A58F00171430C5, xmp.iid:7DCF8AB82C20681197A58F00171430C5, xmp.iid:7ECF8AB82C20681197A58F00171430C5, xmp.iid:7FCF8AB82C20681197A58F00171430C5, xmp.iid:80CF8AB82C20681197A58F00171430C5, xmp.iid:81CF8AB82C20681197A58F00171430C5, xmp.iid:82CF8AB82C20681197A58F00171430C5, xmp.iid:B43DA1772F20681197A58F00171430C5, xmp.iid:B53DA1772F20681197A58F00171430C5, xmp.iid:B63DA1772F20681197A58F00171430C5, xmp.iid:B73DA1772F20681197A58F00171430C5, xmp.iid:B83DA1772F20681197A58F00171430C5, xmp.iid:6BF6DB3A3920681197A58F00171430C5, xmp.iid:6CF6DB3A3920681197A58F00171430C5, xmp.iid:786AF31E4020681197A58F00171430C5, xmp.iid:796AF31E4020681197A58F00171430C5, xmp.iid:7A6AF31E4020681197A58F00171430C5, xmp.iid:7B6AF31E4020681197A58F00171430C5, xmp.iid:7C6AF31E4020681197A58F00171430C5, xmp.iid:7D6AF31E4020681197A58F00171430C5, xmp.iid:7E6AF31E4020681197A58F00171430C5, xmp.iid:7F6AF31E4020681197A58F00171430C5, xmp.iid:806AF31E4020681197A58F00171430C5, xmp.iid:816AF31E4020681197A58F00171430C5, xmp.iid:826AF31E4020681197A58F00171430C5, xmp.iid:20015C844220681197A58F00171430C5, xmp.iid:21015C844220681197A58F00171430C5, xmp.iid:22015C844220681197A58F00171430C5, xmp.iid:23015C844220681197A58F00171430C5, xmp.iid:24015C844220681197A58F00171430C5, xmp.iid:25015C844220681197A58F00171430C5, xmp.iid:26015C844220681197A58F00171430C5, xmp.iid:27015C844220681197A58F00171430C5, xmp.iid:5199C4F54720681197A58F00171430C5, xmp.iid:0780117407206811B84086B0C0FF393E, xmp.iid:0880117407206811B84086B0C0FF393E, xmp.iid:0980117407206811B84086B0C0FF393E, xmp.iid:0A80117407206811B84086B0C0FF393E, xmp.iid:E00380D712206811B84086B0C0FF393E, xmp.iid:E10380D712206811B84086B0C0FF393E, xmp.iid:E20380D712206811B84086B0C0FF393E, xmp.iid:E30380D712206811B84086B0C0FF393E, xmp.iid:E40380D712206811B84086B0C0FF393E, xmp.iid:E50380D712206811B84086B0C0FF393E, xmp.iid:E60380D712206811B84086B0C0FF393E, xmp.iid:E70380D712206811B84086B0C0FF393E, xmp.iid:E80380D712206811B84086B0C0FF393E, xmp.iid:E90380D712206811B84086B0C0FF393E, xmp.iid:EA0380D712206811B84086B0C0FF393E, xmp.iid:D48C09C618206811B84086B0C0FF393E, xmp.iid:D58C09C618206811B84086B0C0FF393E, xmp.iid:D68C09C618206811B84086B0C0FF393E, xmp.iid:D78C09C618206811B84086B0C0FF393E, xmp.iid:D88C09C618206811B84086B0C0FF393E, xmp.iid:D98C09C618206811B84086B0C0FF393E, xmp.iid:DA8C09C618206811B84086B0C0FF393E, xmp.iid:DB8C09C618206811B84086B0C0FF393E, xmp.iid:378DC3D81B206811B84086B0C0FF393E, xmp.iid:3D8DC3D81B206811B84086B0C0FF393E, xmp.iid:3E8DC3D81B206811B84086B0C0FF393E, xmp.iid:3F8DC3D81B206811B84086B0C0FF393E, xmp.iid:408DC3D81B206811B84086B0C0FF393E, xmp.iid:80EE1DC231206811B84086B0C0FF393E, xmp.iid:81EE1DC231206811B84086B0C0FF393E, xmp.iid:82EE1DC231206811B84086B0C0FF393E, xmp.iid:83EE1DC231206811B84086B0C0FF393E, xmp.iid:84EE1DC231206811B84086B0C0FF393E, xmp.iid:F77F11740720681195FE89AAF9B13691, xmp.iid:8D087B421220681195FE89AAF9B13691, xmp.iid:8E087B421220681195FE89AAF9B13691, xmp.iid:8F087B421220681195FE89AAF9B13691, xmp.iid:90087B421220681195FE89AAF9B13691, xmp.iid:91087B421220681195FE89AAF9B13691, xmp.iid:92087B421220681195FE89AAF9B13691, xmp.iid:93087B421220681195FE89AAF9B13691, xmp.iid:94087B421220681195FE89AAF9B13691, xmp.iid:0499C4F31B20681195FE89AAF9B13691, xmp.iid:0599C4F31B20681195FE89AAF9B13691, xmp.iid:0699C4F31B20681195FE89AAF9B13691, xmp.iid:0799C4F31B20681195FE89AAF9B13691, xmp.iid:0899C4F31B20681195FE89AAF9B13691, xmp.iid:0999C4F31B20681195FE89AAF9B13691, xmp.iid:0A99C4F31B20681195FE89AAF9B13691, xmp.iid:0B99C4F31B20681195FE89AAF9B13691, xmp.iid:0C99C4F31B20681195FE89AAF9B13691, xmp.iid:0D99C4F31B20681195FE89AAF9B13691, xmp.iid:0E99C4F31B20681195FE89AAF9B13691, xmp.iid:98A69DE42320681195FE89AAF9B13691, xmp.iid:99A69DE42320681195FE89AAF9B13691, xmp.iid:9AA69DE42320681195FE89AAF9B13691, xmp.iid:9BA69DE42320681195FE89AAF9B13691, xmp.iid:9CA69DE42320681195FE89AAF9B13691, xmp.iid:9DA69DE42320681195FE89AAF9B13691, xmp.iid:9EA69DE42320681195FE89AAF9B13691, xmp.iid:9FA69DE42320681195FE89AAF9B13691, xmp.iid:A0A69DE42320681195FE89AAF9B13691, xmp.iid:A1A69DE42320681195FE89AAF9B13691, xmp.iid:A2A69DE42320681195FE89AAF9B13691, xmp.iid:742B44712620681195FE89AAF9B13691, xmp.iid:752B44712620681195FE89AAF9B13691, xmp.iid:762B44712620681195FE89AAF9B13691, xmp.iid:772B44712620681195FE89AAF9B13691, xmp.iid:782B44712620681195FE89AAF9B13691, xmp.iid:792B44712620681195FE89AAF9B13691, xmp.iid:7A2B44712620681195FE89AAF9B13691, xmp.iid:7B2B44712620681195FE89AAF9B13691, xmp.iid:7C2B44712620681195FE89AAF9B13691, xmp.iid:7D2B44712620681195FE89AAF9B13691, xmp.iid:7E2B44712620681195FE89AAF9B13691, xmp.iid:1C99822C2B20681195FE89AAF9B13691, xmp.iid:1D99822C2B20681195FE89AAF9B13691, xmp.iid:1E99822C2B20681195FE89AAF9B13691, xmp.iid:1F99822C2B20681195FE89AAF9B13691, xmp.iid:2099822C2B20681195FE89AAF9B13691, xmp.iid:2199822C2B20681195FE89AAF9B13691, xmp.iid:2299822C2B20681195FE89AAF9B13691, xmp.iid:2399822C2B20681195FE89AAF9B13691, xmp.iid:2499822C2B20681195FE89AAF9B13691, xmp.iid:2599822C2B20681195FE89AAF9B13691, xmp.iid:2699822C2B20681195FE89AAF9B13691, xmp.iid:92EC27A33120681195FE89AAF9B13691, xmp.iid:93EC27A33120681195FE89AAF9B13691, xmp.iid:94EC27A33120681195FE89AAF9B13691, xmp.iid:95EC27A33120681195FE89AAF9B13691, xmp.iid:98EC27A33120681195FE89AAF9B13691, xmp.iid:9AEC27A33120681195FE89AAF9B13691, xmp.iid:9BEC27A33120681195FE89AAF9B13691, xmp.iid:9CEC27A33120681195FE89AAF9B13691, xmp.iid:CAFFA40E3F20681195FE89AAF9B13691, xmp.iid:CBFFA40E3F20681195FE89AAF9B13691, xmp.iid:CCFFA40E3F20681195FE89AAF9B13691, xmp.iid:CDFFA40E3F20681195FE89AAF9B13691, xmp.iid:1259A4A45320681195FE89AAF9B13691, xmp.iid:10C516A95920681195FE89AAF9B13691, xmp.iid:11C516A95920681195FE89AAF9B13691, xmp.iid:12C516A95920681195FE89AAF9B13691, xmp.iid:16C516A95920681195FE89AAF9B13691, xmp.iid:17C516A95920681195FE89AAF9B13691, xmp.iid:18C516A95920681195FE89AAF9B13691, xmp.iid:19C516A95920681195FE89AAF9B13691, xmp.iid:1AC516A95920681195FE89AAF9B13691, xmp.iid:DC1A9FEC5C20681195FE89AAF9B13691, xmp.iid:DD1A9FEC5C20681195FE89AAF9B13691, xmp.iid:DE1A9FEC5C20681195FE89AAF9B13691, xmp.iid:DF1A9FEC5C20681195FE89AAF9B13691, xmp.iid:E01A9FEC5C20681195FE89AAF9B13691, xmp.iid:E11A9FEC5C20681195FE89AAF9B13691, xmp.iid:E21A9FEC5C20681195FE89AAF9B13691, xmp.iid:E31A9FEC5C20681195FE89AAF9B13691, xmp.iid:E41A9FEC5C20681195FE89AAF9B13691, xmp.iid:E51A9FEC5C20681195FE89AAF9B13691, xmp.iid:E61A9FEC5C20681195FE89AAF9B13691, xmp.iid:5CCA61595D20681195FE89AAF9B13691, xmp.iid:5DCA61595D20681195FE89AAF9B13691, xmp.iid:5ECA61595D20681195FE89AAF9B13691, xmp.iid:5FCA61595D20681195FE89AAF9B13691, xmp.iid:60CA61595D20681195FE89AAF9B13691, xmp.iid:61CA61595D20681195FE89AAF9B13691, xmp.iid:62CA61595D20681195FE89AAF9B13691, xmp.iid:63CA61595D20681195FE89AAF9B13691, xmp.iid:64CA61595D20681195FE89AAF9B13691, xmp.iid:65CA61595D20681195FE89AAF9B13691, xmp.iid:66CA61595D20681195FE89AAF9B13691, xmp.iid:661EA4355E20681195FE89AAF9B13691, xmp.iid:671EA4355E20681195FE89AAF9B13691, xmp.iid:681EA4355E20681195FE89AAF9B13691, xmp.iid:691EA4355E20681195FE89AAF9B13691, xmp.iid:6A1EA4355E20681195FE89AAF9B13691, xmp.iid:6B1EA4355E20681195FE89AAF9B13691, xmp.iid:6C1EA4355E20681195FE89AAF9B13691, xmp.iid:6D1EA4355E20681195FE89AAF9B13691, xmp.iid:89B8BD660C206811B1A4FC49595D8C2C, xmp.iid:8AB8BD660C206811B1A4FC49595D8C2C, xmp.iid:8BB8BD660C206811B1A4FC49595D8C2C, xmp.iid:8CB8BD660C206811B1A4FC49595D8C2C, xmp.iid:8DB8BD660C206811B1A4FC49595D8C2C, xmp.iid:8EB8BD660C206811B1A4FC49595D8C2C, xmp.iid:D931510224206811B1A4FC49595D8C2C, xmp.iid:684C5DF50B206811A961FDC39198DD36, xmp.iid:694C5DF50B206811A961FDC39198DD36, xmp.iid:6A4C5DF50B206811A961FDC39198DD36, xmp.iid:69680B8B2F206811A961FD7BBBB1437F, xmp.iid:6A680B8B2F206811A961FD7BBBB1437F, xmp.iid:6B680B8B2F206811A961FD7BBBB1437F, xmp.iid:6C680B8B2F206811A961FD7BBBB1437F, xmp.iid:6D680B8B2F206811A961FD7BBBB1437F, xmp.iid:6E680B8B2F206811A961FD7BBBB1437F, xmp.iid:6F680B8B2F206811A961FD7BBBB1437F, xmp.iid:70680B8B2F206811A961FD7BBBB1437F, xmp.iid:5A19534C3B206811A961FD7BBBB1437F, xmp.iid:5B19534C3B206811A961FD7BBBB1437F, xmp.iid:5C19534C3B206811A961FD7BBBB1437F, xmp.iid:5D19534C3B206811A961FD7BBBB1437F, xmp.iid:5E19534C3B206811A961FD7BBBB1437F, xmp.iid:0A801174072068118DBBC009569EBF51, xmp.iid:4034A887342068118DBBC009569EBF51, xmp.iid:4134A887342068118DBBC009569EBF51, xmp.iid:B96B181D4C2068118DBBDAD18B38ECA9, xmp.iid:BA6B181D4C2068118DBBDAD18B38ECA9, xmp.iid:BB6B181D4C2068118DBBDAD18B38ECA9, xmp.iid:BC6B181D4C2068118DBBDAD18B38ECA9, xmp.iid:BD6B181D4C2068118DBBDAD18B38ECA9, xmp.iid:BE6B181D4C2068118DBBDAD18B38ECA9, xmp.iid:BF6B181D4C2068118DBBDAD18B38ECA9, xmp.iid:C06B181D4C2068118DBBDAD18B38ECA9, xmp.iid:88DC69AB512068118DBBDAD18B38ECA9, xmp.iid:89DC69AB512068118DBBDAD18B38ECA9, xmp.iid:8ADC69AB512068118DBBDAD18B38ECA9, xmp.iid:8BDC69AB512068118DBBDAD18B38ECA9, xmp.iid:8CDC69AB512068118DBBDAD18B38ECA9, xmp.iid:8DDC69AB512068118DBBDAD18B38ECA9, xmp.iid:8EDC69AB512068118DBBDAD18B38ECA9, xmp.iid:8FDC69AB512068118DBBDAD18B38ECA9, xmp.iid:90DC69AB512068118DBBDAD18B38ECA9, xmp.iid:91DC69AB512068118DBBDAD18B38ECA9, xmp.iid:92DC69AB512068118DBBDAD18B38ECA9, xmp.iid:3AAE96EA572068118DBBDAD18B38ECA9, xmp.iid:3BAE96EA572068118DBBDAD18B38ECA9, xmp.iid:3CAE96EA572068118DBBDAD18B38ECA9, xmp.iid:3DAE96EA572068118DBBDAD18B38ECA9, xmp.iid:3EAE96EA572068118DBBDAD18B38ECA9, xmp.iid:3FAE96EA572068118DBBDAD18B38ECA9, xmp.iid:40AE96EA572068118DBBDAD18B38ECA9, xmp.iid:41AE96EA572068118DBBDAD18B38ECA9, xmp.iid:42AE96EA572068118DBBDAD18B38ECA9, xmp.iid:29C7F8F614206811994CECDA5E8F88C0, xmp.iid:2AC7F8F614206811994CECDA5E8F88C0, xmp.iid:2BC7F8F614206811994CECDA5E8F88C0, xmp.iid:2CC7F8F614206811994CECDA5E8F88C0, xmp.iid:2DC7F8F614206811994CECDA5E8F88C0, xmp.iid:2EC7F8F614206811994CECDA5E8F88C0, xmp.iid:2FC7F8F614206811994CECDA5E8F88C0, xmp.iid:30C7F8F614206811994CECDA5E8F88C0, xmp.iid:31C7F8F614206811994CECDA5E8F88C0, xmp.iid:32C7F8F614206811994CECDA5E8F88C0, xmp.iid:D40303A01E206811994CECDA5E8F88C0, xmp.iid:D50303A01E206811994CECDA5E8F88C0, xmp.iid:D60303A01E206811994CECDA5E8F88C0, xmp.iid:D70303A01E206811994CECDA5E8F88C0, xmp.iid:D80303A01E206811994CECDA5E8F88C0, xmp.iid:D90303A01E206811994CECDA5E8F88C0, xmp.iid:DA0303A01E206811994CECDA5E8F88C0, xmp.iid:DB0303A01E206811994CECDA5E8F88C0, xmp.iid:DC0303A01E206811994CECDA5E8F88C0, xmp.iid:DD0303A01E206811994CECDA5E8F88C0, xmp.iid:DE0303A01E206811994CECDA5E8F88C0, xmp.iid:E251EED221206811994CECDA5E8F88C0, xmp.iid:E351EED221206811994CECDA5E8F88C0, xmp.iid:E751EED221206811994CECDA5E8F88C0, xmp.iid:E851EED221206811994CECDA5E8F88C0, xmp.iid:E951EED221206811994CECDA5E8F88C0, xmp.iid:EA51EED221206811994CECDA5E8F88C0, xmp.iid:EB51EED221206811994CECDA5E8F88C0, xmp.iid:EC51EED221206811994CECDA5E8F88C0, xmp.iid:0A242BFF2C206811994CECDA5E8F88C0, xmp.iid:0B242BFF2C206811994CECDA5E8F88C0, xmp.iid:0C242BFF2C206811994CECDA5E8F88C0, xmp.iid:0D242BFF2C206811994CECDA5E8F88C0, xmp.iid:0E242BFF2C206811994CECDA5E8F88C0, xmp.iid:0F242BFF2C206811994CECDA5E8F88C0, xmp.iid:10242BFF2C206811994CECDA5E8F88C0, xmp.iid:11242BFF2C206811994CECDA5E8F88C0, xmp.iid:12242BFF2C206811994CECDA5E8F88C0, xmp.iid:13242BFF2C206811994CECDA5E8F88C0, xmp.iid:14242BFF2C206811994CECDA5E8F88C0, xmp.iid:C66F841033206811994CECDA5E8F88C0, xmp.iid:C76F841033206811994CECDA5E8F88C0, xmp.iid:C86F841033206811994CECDA5E8F88C0, xmp.iid:C96F841033206811994CECDA5E8F88C0, xmp.iid:CA6F841033206811994CECDA5E8F88C0, xmp.iid:CB6F841033206811994CECDA5E8F88C0, xmp.iid:CC6F841033206811994CECDA5E8F88C0, xmp.iid:CD6F841033206811994CECDA5E8F88C0, xmp.iid:CE6F841033206811994CECDA5E8F88C0, xmp.iid:CF6F841033206811994CECDA5E8F88C0, xmp.iid:D06F841033206811994CECDA5E8F88C0, xmp.iid:70E1BDA63D206811994CECDA5E8F88C0, xmp.iid:71E1BDA63D206811994CECDA5E8F88C0, xmp.iid:72E1BDA63D206811994CECDA5E8F88C0, xmp.iid:73E1BDA63D206811994CECDA5E8F88C0, xmp.iid:74E1BDA63D206811994CECDA5E8F88C0, xmp.iid:75E1BDA63D206811994CECDA5E8F88C0, xmp.iid:76E1BDA63D206811994CECDA5E8F88C0, xmp.iid:77E1BDA63D206811994CECDA5E8F88C0, xmp.iid:78E1BDA63D206811994CECDA5E8F88C0, xmp.iid:79E1BDA63D206811994CECDA5E8F88C0, xmp.iid:7AE1BDA63D206811994CECDA5E8F88C0, xmp.iid:22C52ACE45206811994CECDA5E8F88C0, xmp.iid:23C52ACE45206811994CECDA5E8F88C0, xmp.iid:24C52ACE45206811994CECDA5E8F88C0, xmp.iid:25C52ACE45206811994CECDA5E8F88C0, xmp.iid:26C52ACE45206811994CECDA5E8F88C0, xmp.iid:27C52ACE45206811994CECDA5E8F88C0, xmp.iid:28C52ACE45206811994CECDA5E8F88C0, xmp.iid:29C52ACE45206811994CECDA5E8F88C0, xmp.iid:2AC52ACE45206811994CECDA5E8F88C0, xmp.iid:2BC52ACE45206811994CECDA5E8F88C0, xmp.iid:2CC52ACE45206811994CECDA5E8F88C0, xmp.iid:64C7DDE74D206811994CECDA5E8F88C0, xmp.iid:65C7DDE74D206811994CECDA5E8F88C0, xmp.iid:67C7DDE74D206811994CECDA5E8F88C0, xmp.iid:68C7DDE74D206811994CECDA5E8F88C0, xmp.iid:69C7DDE74D206811994CECDA5E8F88C0, xmp.iid:6AC7DDE74D206811994CECDA5E8F88C0, xmp.iid:6BC7DDE74D206811994CECDA5E8F88C0, xmp.iid:6CC7DDE74D206811994CECDA5E8F88C0, xmp.iid:6DC7DDE74D206811994CECDA5E8F88C0, xmp.iid:6EC7DDE74D206811994CECDA5E8F88C0, xmp.iid:8E21B3BF53206811994CECDA5E8F88C0, xmp.iid:8F21B3BF53206811994CECDA5E8F88C0, xmp.iid:9021B3BF53206811994CECDA5E8F88C0, xmp.iid:9121B3BF53206811994CECDA5E8F88C0, xmp.iid:9221B3BF53206811994CECDA5E8F88C0, xmp.iid:9321B3BF53206811994CECDA5E8F88C0, xmp.iid:9421B3BF53206811994CECDA5E8F88C0, xmp.iid:9521B3BF53206811994CECDA5E8F88C0, xmp.iid:F77F1174072068118DBBA6F2DF2E8DEF, xmp.iid:F87F1174072068118DBBA6F2DF2E8DEF, xmp.iid:F97F1174072068118DBBA6F2DF2E8DEF, xmp.iid:FA7F1174072068118DBBA6F2DF2E8DEF, xmp.iid:FB7F1174072068118DBBA6F2DF2E8DEF, xmp.iid:FC7F1174072068118DBBA6F2DF2E8DEF, xmp.iid:FD7F1174072068118DBBA6F2DF2E8DEF, xmp.iid:FE7F1174072068118DBBA6F2DF2E8DEF, xmp.iid:FF7F1174072068118DBBA6F2DF2E8DEF, xmp.iid:00801174072068118DBBA6F2DF2E8DEF, xmp.iid:466A99240D2068118DBBA6F2DF2E8DEF, xmp.iid:486A99240D2068118DBBA6F2DF2E8DEF, xmp.iid:496A99240D2068118DBBA6F2DF2E8DEF, xmp.iid:4A6A99240D2068118DBBA6F2DF2E8DEF, xmp.iid:4B6A99240D2068118DBBA6F2DF2E8DEF, xmp.iid:4C6A99240D2068118DBBA6F2DF2E8DEF, xmp.iid:4D6A99240D2068118DBBA6F2DF2E8DEF, xmp.iid:4E6A99240D2068118DBBA6F2DF2E8DEF, xmp.iid:4F6A99240D2068118DBBA6F2DF2E8DEF, xmp.iid:506A99240D2068118DBBA6F2DF2E8DEF, xmp.iid:0A91F8E8172068118DBBA6F2DF2E8DEF, xmp.iid:0B91F8E8172068118DBBA6F2DF2E8DEF, xmp.iid:0C91F8E8172068118DBBA6F2DF2E8DEF, xmp.iid:0D91F8E8172068118DBBA6F2DF2E8DEF, xmp.iid:0E91F8E8172068118DBBA6F2DF2E8DEF, xmp.iid:0F91F8E8172068118DBBA6F2DF2E8DEF, xmp.iid:1091F8E8172068118DBBA6F2DF2E8DEF, xmp.iid:1191F8E8172068118DBBA6F2DF2E8DEF, xmp.iid:1291F8E8172068118DBBA6F2DF2E8DEF, xmp.iid:1391F8E8172068118DBBA6F2DF2E8DEF, xmp.iid:1491F8E8172068118DBBA6F2DF2E8DEF, xmp.iid:94EC4FA7262068118DBBA6F2DF2E8DEF, xmp.iid:95EC4FA7262068118DBBA6F2DF2E8DEF, xmp.iid:96EC4FA7262068118DBBA6F2DF2E8DEF, xmp.iid:97EC4FA7262068118DBBA6F2DF2E8DEF, xmp.iid:98EC4FA7262068118DBBA6F2DF2E8DEF, xmp.iid:99EC4FA7262068118DBBA6F2DF2E8DEF, xmp.iid:9AEC4FA7262068118DBBA6F2DF2E8DEF, xmp.iid:9BEC4FA7262068118DBBA6F2DF2E8DEF, xmp.iid:9CEC4FA7262068118DBBA6F2DF2E8DEF, xmp.iid:9DEC4FA7262068118DBBA6F2DF2E8DEF, xmp.iid:9EEC4FA7262068118DBBA6F2DF2E8DEF, xmp.iid:0E9DEC91292068118DBBA6F2DF2E8DEF, xmp.iid:0F9DEC91292068118DBBA6F2DF2E8DEF, xmp.iid:109DEC91292068118DBBA6F2DF2E8DEF, xmp.iid:119DEC91292068118DBBA6F2DF2E8DEF, xmp.iid:129DEC91292068118DBBA6F2DF2E8DEF, xmp.iid:139DEC91292068118DBBA6F2DF2E8DEF, xmp.iid:149DEC91292068118DBBA6F2DF2E8DEF, xmp.iid:6CC688832F2068118DBBA6F2DF2E8DEF, xmp.iid:D79A59E019206811AE56C447D5A7F19F, xmp.iid:D89A59E019206811AE56C447D5A7F19F, xmp.iid:143EC39520206811AE56C447D5A7F19F, xmp.iid:153EC39520206811AE56C447D5A7F19F, xmp.iid:163EC39520206811AE56C447D5A7F19F, xmp.iid:173EC39520206811AE56C447D5A7F19F, xmp.iid:183EC39520206811AE56C447D5A7F19F, xmp.iid:193EC39520206811AE56C447D5A7F19F, xmp.iid:1A3EC39520206811AE56C447D5A7F19F, xmp.iid:1B3EC39520206811AE56C447D5A7F19F, xmp.iid:1C3EC39520206811AE56C447D5A7F19F, xmp.iid:1D3EC39520206811AE56C447D5A7F19F, xmp.iid:1E3EC39520206811AE56C447D5A7F19F, xmp.iid:829B1AE823206811AE56C447D5A7F19F, xmp.iid:839B1AE823206811AE56C447D5A7F19F, xmp.iid:849B1AE823206811AE56C447D5A7F19F, xmp.iid:859B1AE823206811AE56C447D5A7F19F, xmp.iid:869B1AE823206811AE56C447D5A7F19F, xmp.iid:879B1AE823206811AE56C447D5A7F19F, xmp.iid:889B1AE823206811AE56C447D5A7F19F, xmp.iid:899B1AE823206811AE56C447D5A7F19F, xmp.iid:6CBCB0160E206811AFFDC21158434981, xmp.iid:2CFD854A18206811AFFDC21158434981, xmp.iid:2DFD854A18206811AFFDC21158434981, xmp.iid:2EFD854A18206811AFFDC21158434981, xmp.iid:2FFD854A18206811AFFDC21158434981, xmp.iid:30FD854A18206811AFFDC21158434981, xmp.iid:31FD854A18206811AFFDC21158434981, xmp.iid:32FD854A18206811AFFDC21158434981, xmp.iid:33FD854A18206811AFFDC21158434981, xmp.iid:34FD854A18206811AFFDC21158434981, xmp.iid:35FD854A18206811AFFDC21158434981, xmp.iid:36FD854A18206811AFFDC21158434981, xmp.iid:CC74718223206811AFFDC21158434981, xmp.iid:CD74718223206811AFFDC21158434981, xmp.iid:CE74718223206811AFFDC21158434981, xmp.iid:CF74718223206811AFFDC21158434981, xmp.iid:D074718223206811AFFDC21158434981, xmp.iid:D174718223206811AFFDC21158434981, xmp.iid:D274718223206811AFFDC21158434981, xmp.iid:D374718223206811AFFDC21158434981, xmp.iid:D474718223206811AFFDC21158434981, xmp.iid:D574718223206811AFFDC21158434981, xmp.iid:D674718223206811AFFDC21158434981, xmp.iid:EC1C03B429206811AFFDC21158434981, xmp.iid:ED1C03B429206811AFFDC21158434981, xmp.iid:EE1C03B429206811AFFDC21158434981, xmp.iid:EF1C03B429206811AFFDC21158434981, xmp.iid:F01C03B429206811AFFDC21158434981, xmp.iid:F51C03B429206811AFFDC21158434981, xmp.iid:F61C03B429206811AFFDC21158434981, xmp.iid:0680117407206811BCC4BC0B8D2FFDA6, xmp.iid:0780117407206811BCC4BC0B8D2FFDA6, xmp.iid:0880117407206811BCC4BC0B8D2FFDA6, xmp.iid:0980117407206811BCC4BC0B8D2FFDA6, xmp.iid:0A80117407206811BCC4BC0B8D2FFDA6, xmp.iid:E4C14BBC13206811BCC4BC0B8D2FFDA6, xmp.iid:E5C14BBC13206811BCC4BC0B8D2FFDA6, xmp.iid:E6C14BBC13206811BCC4BC0B8D2FFDA6, xmp.iid:E7C14BBC13206811BCC4BC0B8D2FFDA6, xmp.iid:E8C14BBC13206811BCC4BC0B8D2FFDA6, xmp.iid:E9C14BBC13206811BCC4BC0B8D2FFDA6, xmp.iid:EAC14BBC13206811BCC4BC0B8D2FFDA6, xmp.iid:EBC14BBC13206811BCC4BC0B8D2FFDA6, xmp.iid:ECC14BBC13206811BCC4BC0B8D2FFDA6, xmp.iid:EDC14BBC13206811BCC4BC0B8D2FFDA6, xmp.iid:EEC14BBC13206811BCC4BC0B8D2FFDA6, xmp.iid:280DFC221D206811BCC4BC0B8D2FFDA6, xmp.iid:290DFC221D206811BCC4BC0B8D2FFDA6, xmp.iid:2A0DFC221D206811BCC4BC0B8D2FFDA6, xmp.iid:2B0DFC221D206811BCC4BC0B8D2FFDA6, xmp.iid:2C0DFC221D206811BCC4BC0B8D2FFDA6, xmp.iid:2D0DFC221D206811BCC4BC0B8D2FFDA6, xmp.iid:2E0DFC221D206811BCC4BC0B8D2FFDA6, xmp.iid:2F0DFC221D206811BCC4BC0B8D2FFDA6, xmp.iid:300DFC221D206811BCC4BC0B8D2FFDA6, xmp.iid:310DFC221D206811BCC4BC0B8D2FFDA6, xmp.iid:320DFC221D206811BCC4BC0B8D2FFDA6, xmp.iid:BC7199CF20206811BCC4BC0B8D2FFDA6, xmp.iid:BD7199CF20206811BCC4BC0B8D2FFDA6, xmp.iid:BE7199CF20206811BCC4BC0B8D2FFDA6, xmp.iid:BF7199CF20206811BCC4BC0B8D2FFDA6, xmp.iid:C07199CF20206811BCC4BC0B8D2FFDA6, xmp.iid:C17199CF20206811BCC4BC0B8D2FFDA6, xmp.iid:5BCF99160A206811A9618FDBFAA5709B, xmp.iid:5CCF99160A206811A9618FDBFAA5709B, xmp.iid:5DCF99160A206811A9618FDBFAA5709B, xmp.iid:5ECF99160A206811A9618FDBFAA5709B, xmp.iid:5FCF99160A206811A9618FDBFAA5709B, xmp.iid:60CF99160A206811A9618FDBFAA5709B, xmp.iid:5657B6D71C206811A9618FDBFAA5709B, xmp.iid:5757B6D71C206811A9618FDBFAA5709B, xmp.iid:5857B6D71C206811A9618FDBFAA5709B, xmp.iid:5957B6D71C206811A9618FDBFAA5709B, xmp.iid:5A57B6D71C206811A9618FDBFAA5709B, xmp.iid:5B57B6D71C206811A9618FDBFAA5709B, xmp.iid:5C57B6D71C206811A9618FDBFAA5709B, xmp.iid:5D57B6D71C206811A9618FDBFAA5709B, xmp.iid:5E57B6D71C206811A9618FDBFAA5709B, xmp.iid:5F57B6D71C206811A9618FDBFAA5709B, xmp.iid:6057B6D71C206811A9618FDBFAA5709B, xmp.iid:60BDA7411F206811A9618FDBFAA5709B, xmp.iid:61BDA7411F206811A9618FDBFAA5709B, xmp.iid:62BDA7411F206811A9618FDBFAA5709B, xmp.iid:63BDA7411F206811A9618FDBFAA5709B, xmp.iid:64BDA7411F206811A9618FDBFAA5709B, xmp.iid:65BDA7411F206811A9618FDBFAA5709B, xmp.iid:66BDA7411F206811A9618FDBFAA5709B, xmp.iid:67BDA7411F206811A9618FDBFAA5709B, xmp.iid:68BDA7411F206811A9618FDBFAA5709B, xmp.iid:69BDA7411F206811A9618FDBFAA5709B, xmp.iid:6ABDA7411F206811A9618FDBFAA5709B, xmp.iid:9E60081A23206811A9618FDBFAA5709B, xmp.iid:9F60081A23206811A9618FDBFAA5709B, xmp.iid:A060081A23206811A9618FDBFAA5709B, xmp.iid:A160081A23206811A9618FDBFAA5709B, xmp.iid:A260081A23206811A9618FDBFAA5709B, xmp.iid:A360081A23206811A9618FDBFAA5709B, xmp.iid:630433852A206811A9618FDBFAA5709B, xmp.iid:640433852A206811A9618FDBFAA5709B, xmp.iid:650433852A206811A9618FDBFAA5709B, xmp.iid:660433852A206811A9618FDBFAA5709B, xmp.iid:670433852A206811A9618FDBFAA5709B, xmp.iid:680433852A206811A9618FDBFAA5709B, xmp.iid:01801174072068118DBBE87F6133325A, xmp.iid:02801174072068118DBBE87F6133325A, xmp.iid:03801174072068118DBBE87F6133325A, xmp.iid:BC17F25814206811994CF1022751DCB2, xmp.iid:FA7F1174072068118DBBF0056A4F035A, xmp.iid:FB7F1174072068118DBBF0056A4F035A, xmp.iid:FC7F1174072068118DBBF0056A4F035A, xmp.iid:74117FEA2007116895FEAED0FC4AA3E4, xmp.iid:F77F117407206811ACAFE31DF7976CEE, xmp.iid:F87F117407206811ACAFE31DF7976CEE, xmp.iid:F97F117407206811ACAFE31DF7976CEE, xmp.iid:FA7F117407206811ACAFE31DF7976CEE, xmp.iid:FB7F117407206811ACAFE31DF7976CEE, xmp.iid:FC7F117407206811ACAFE31DF7976CEE, xmp.iid:FD7F117407206811ACAFE31DF7976CEE, xmp.iid:FE7F117407206811ACAFE31DF7976CEE, xmp.iid:FF7F117407206811ACAFE31DF7976CEE, xmp.iid:0080117407206811ACAFE31DF7976CEE, xmp.iid:3E64DCE20A206811ACAFE31DF7976CEE, xmp.iid:3F64DCE20A206811ACAFE31DF7976CEE, xmp.iid:CA0E774420231168B699C86ED7045DB0, xmp.iid:CA0E774520231168B699C86ED7045DB0, xmp.iid:CA0E774620231168B699C86ED7045DB0, xmp.iid:CA0E774720231168B699C86ED7045DB0, xmp.iid:CA0E774820231168B699C86ED7045DB0, xmp.iid:CA0E774920231168B699C86ED7045DB0, xmp.iid:CA0E774A20231168B699C86ED7045DB0, xmp.iid:CA0E774B20231168B699C86ED7045DB0, xmp.iid:CA0E774C20231168B699C86ED7045DB0, xmp.iid:CA0E774D20231168B699C86ED7045DB0, xmp.iid:CA0E774E20231168B699C86ED7045DB0, xmp.iid:5670234820351168B699C86ED7045DB0, xmp.iid:5670234920351168B699C86ED7045DB0, xmp.iid:5670234A20351168B699C86ED7045DB0, xmp.iid:5670234B20351168B699C86ED7045DB0, xmp.iid:5670234C20351168B699C86ED7045DB0, xmp.iid:5670234D20351168B699C86ED7045DB0, xmp.iid:5670234E20351168B699C86ED7045DB0, xmp.iid:5670234F20351168B699C86ED7045DB0, xmp.iid:5670235020351168B699C86ED7045DB0, xmp.iid:5670235120351168B699C86ED7045DB0, xmp.iid:5670235220351168B699C86ED7045DB0, xmp.iid:CE302676203F1168B699C86ED7045DB0, xmp.iid:CE302677203F1168B699C86ED7045DB0, xmp.iid:CE302678203F1168B699C86ED7045DB0, xmp.iid:CE302679203F1168B699C86ED7045DB0, xmp.iid:CE30267A203F1168B699C86ED7045DB0, xmp.iid:CE30267B203F1168B699C86ED7045DB0, xmp.iid:CE30267C203F1168B699C86ED7045DB0, xmp.iid:CE30267D203F1168B699C86ED7045DB0, xmp.iid:74117FED20071168B4F2E99980896A57, xmp.iid:74117FEE20071168B4F2E99980896A57, xmp.iid:74117FEF20071168B4F2E99980896A57, xmp.iid:74117FF020071168B4F2E99980896A57, xmp.iid:74117FF120071168B4F2E99980896A57, xmp.iid:74117FF220071168B4F2E99980896A57, xmp.iid:74117FF320071168B4F2E99980896A57, xmp.iid:74117FF520071168B4F2E99980896A57, xmp.iid:74117FF620071168B4F2E99980896A57, xmp.iid:1EC6E64220181168B4F2E99980896A57, xmp.iid:1EC6E64320181168B4F2E99980896A57, xmp.iid:1EC6E64420181168B4F2E99980896A57, xmp.iid:1EC6E64520181168B4F2E99980896A57, xmp.iid:1EC6E64620181168B4F2E99980896A57, xmp.iid:1EC6E64720181168B4F2E99980896A57, xmp.iid:1EC6E64820181168B4F2E99980896A57, xmp.iid:1EC6E64920181168B4F2E99980896A57, xmp.iid:1EC6E64A20181168B4F2E99980896A57, xmp.iid:1EC6E64B20181168B4F2E99980896A57, xmp.iid:1EC6E64C20181168B4F2E99980896A57, xmp.iid:A75EBE56201F1168B4F2E99980896A57, xmp.iid:A75EBE57201F1168B4F2E99980896A57, xmp.iid:A75EBE58201F1168B4F2E99980896A57, xmp.iid:A75EBE59201F1168B4F2E99980896A57, xmp.iid:A75EBE5A201F1168B4F2E99980896A57, xmp.iid:A75EBE5B201F1168B4F2E99980896A57, xmp.iid:A75EBE5C201F1168B4F2E99980896A57, xmp.iid:A75EBE5D201F1168B4F2E99980896A57, xmp.iid:A75EBE5E201F1168B4F2E99980896A57, xmp.iid:A75EBE5F201F1168B4F2E99980896A57, xmp.iid:A75EBE60201F1168B4F2E99980896A57, xmp.iid:6511F7CA20241168B4F2E99980896A57, xmp.iid:6511F7CB20241168B4F2E99980896A57, xmp.iid:6511F7CC20241168B4F2E99980896A57, xmp.iid:6511F7CD20241168B4F2E99980896A57, xmp.iid:6511F7CE20241168B4F2E99980896A57, xmp.iid:6511F7CF20241168B4F2E99980896A57, xmp.iid:6511F7D020241168B4F2E99980896A57, xmp.iid:6511F7D120241168B4F2E99980896A57, xmp.iid:6511F7D220241168B4F2E99980896A57, xmp.iid:6511F7D320241168B4F2E99980896A57, xmp.iid:6511F7D420241168B4F2E99980896A57, xmp.iid:B189C596202A1168B4F2E99980896A57, xmp.iid:B189C597202A1168B4F2E99980896A57, xmp.iid:B189C598202A1168B4F2E99980896A57, xmp.iid:B189C599202A1168B4F2E99980896A57, xmp.iid:B189C59A202A1168B4F2E99980896A57, xmp.iid:B189C59B202A1168B4F2E99980896A57, xmp.iid:B189C59C202A1168B4F2E99980896A57, xmp.iid:B189C59D202A1168B4F2E99980896A57, xmp.iid:B189C59E202A1168B4F2E99980896A57, xmp.iid:B189C59F202A1168B4F2E99980896A57, xmp.iid:B189C5A0202A1168B4F2E99980896A57, xmp.iid:6324C9A8203B1168B4F2E99980896A57, xmp.iid:6324C9A9203B1168B4F2E99980896A57, xmp.iid:6324C9AA203B1168B4F2E99980896A57, xmp.iid:6324C9AB203B1168B4F2E99980896A57, xmp.iid:6324C9AC203B1168B4F2E99980896A57, xmp.iid:6324C9AD203B1168B4F2E99980896A57, xmp.iid:6324C9AE203B1168B4F2E99980896A57, xmp.iid:6324C9AF203B1168B4F2E99980896A57, xmp.iid:6324C9B0203B1168B4F2E99980896A57, xmp.iid:2B3BEB79201F1168A46CCE129F9B2098, xmp.iid:2B3BEB7A201F1168A46CCE129F9B2098, xmp.iid:2B3BEB7B201F1168A46CCE129F9B2098, xmp.iid:2B3BEB7C201F1168A46CCE129F9B2098, xmp.iid:2B3BEB7D201F1168A46CCE129F9B2098, xmp.iid:A6D3E7F620141168BE1789160CE6B115, xmp.iid:A6D3E7F720141168BE1789160CE6B115, xmp.iid:A6D3E7F820141168BE1789160CE6B115, xmp.iid:A6D3E7F920141168BE1789160CE6B115, xmp.iid:A6D3E7FA20141168BE1789160CE6B115, xmp.iid:DCFEE372201C1168BE1789160CE6B115, xmp.iid:DCFEE373201C1168BE1789160CE6B115, xmp.iid:DCFEE374201C1168BE1789160CE6B115, xmp.iid:DCFEE375201C1168BE1789160CE6B115, xmp.iid:DCFEE376201C1168BE1789160CE6B115, xmp.iid:DCFEE37C201C1168BE1789160CE6B115, xmp.iid:DD5D95C820231168BE1789160CE6B115, xmp.iid:DD5D95C920231168BE1789160CE6B115, xmp.iid:DD5D95CA20231168BE1789160CE6B115, xmp.iid:DD5D95CB20231168BE1789160CE6B115, xmp.iid:DD5D95CC20231168BE1789160CE6B115, xmp.iid:DD5D95CD20231168BE1789160CE6B115, xmp.iid:DD5D95CE20231168BE1789160CE6B115, xmp.iid:DD5D95CF20231168BE1789160CE6B115, xmp.iid:DD5D95D020231168BE1789160CE6B115, xmp.iid:DD5D95D120231168BE1789160CE6B115, xmp.iid:E455C94E20301168BE1789160CE6B115, xmp.iid:E455C94F20301168BE1789160CE6B115, xmp.iid:E455C95020301168BE1789160CE6B115, xmp.iid:E455C95120301168BE1789160CE6B115, xmp.iid:E455C95220301168BE1789160CE6B115, xmp.iid:74117FDE20071168A7BAE5821BAFB944, xmp.iid:74117FDF20071168A7BAE5821BAFB944, xmp.iid:74117FE020071168A7BAE5821BAFB944, xmp.iid:74117FE120071168A7BAE5821BAFB944, xmp.iid:74117FE220071168A7BAE5821BAFB944, xmp.iid:D2ABFAB51F20681188C6DB9ED337C8A6, xmp.iid:D3ABFAB51F20681188C6DB9ED337C8A6, xmp.iid:6732A7BD202D1168B6998804CD2185EE, xmp.iid:6732A7BE202D1168B6998804CD2185EE, xmp.iid:0580117407206811BD35876C0BC34AD8, xmp.iid:0680117407206811BD35876C0BC34AD8, xmp.iid:0780117407206811BD35876C0BC34AD8, xmp.iid:0880117407206811BD35876C0BC34AD8, xmp.iid:0980117407206811BD35876C0BC34AD8, xmp.iid:0A80117407206811BD35876C0BC34AD8, xmp.iid:BC1FA03A33206811BD35876C0BC34AD8, xmp.iid:BD1FA03A33206811BD35876C0BC34AD8, xmp.iid:BE1FA03A33206811BD35876C0BC34AD8, xmp.iid:01801174072068118A6DBE99953AEAFA, xmp.iid:02801174072068118A6DBE99953AEAFA, xmp.iid:03801174072068118A6DBE99953AEAFA, xmp.iid:04801174072068118A6DBE99953AEAFA, xmp.iid:05801174072068118A6DBE99953AEAFA, xmp.iid:06801174072068118A6DBE99953AEAFA, xmp.iid:07801174072068118A6DBE99953AEAFA, xmp.iid:08801174072068118A6DBE99953AEAFA, xmp.iid:09801174072068118A6DBE99953AEAFA, xmp.iid:0A801174072068118A6DBE99953AEAFA, xmp.iid:2029FFCD282068118A6DBE99953AEAFA, xmp.iid:2129FFCD282068118A6DBE99953AEAFA, xmp.iid:2229FFCD282068118A6DBE99953AEAFA, xmp.iid:2329FFCD282068118A6DBE99953AEAFA, xmp.iid:2429FFCD282068118A6DBE99953AEAFA, xmp.iid:2529FFCD282068118A6DBE99953AEAFA, xmp.iid:2629FFCD282068118A6DBE99953AEAFA, xmp.iid:2729FFCD282068118A6DBE99953AEAFA, xmp.iid:2829FFCD282068118A6DBE99953AEAFA, xmp.iid:2929FFCD282068118A6DBE99953AEAFA, xmp.iid:2A29FFCD282068118A6DBE99953AEAFA, xmp.iid:103DFA42322068118A6DBE99953AEAFA, xmp.iid:113DFA42322068118A6DBE99953AEAFA, xmp.iid:123DFA42322068118A6DBE99953AEAFA, xmp.iid:133DFA42322068118A6DBE99953AEAFA, xmp.iid:143DFA42322068118A6DBE99953AEAFA, xmp.iid:153DFA42322068118A6DBE99953AEAFA, xmp.iid:163DFA42322068118A6DBE99953AEAFA, xmp.iid:0180117407206811871FEDC0C9CC2FDD, xmp.iid:0280117407206811871FEDC0C9CC2FDD, xmp.iid:0380117407206811871FEDC0C9CC2FDD, xmp.iid:0480117407206811871FEDC0C9CC2FDD, xmp.iid:0580117407206811871FEDC0C9CC2FDD, xmp.iid:0680117407206811871FEDC0C9CC2FDD, xmp.iid:0780117407206811871FEDC0C9CC2FDD, xmp.iid:0880117407206811871FEDC0C9CC2FDD, xmp.iid:0980117407206811871FEDC0C9CC2FDD, xmp.iid:FA599EBF0F206811871FEDC0C9CC2FDD, xmp.iid:FB599EBF0F206811871FEDC0C9CC2FDD, xmp.iid:FD599EBF0F206811871FEDC0C9CC2FDD, xmp.iid:FE599EBF0F206811871FEDC0C9CC2FDD, xmp.iid:FF599EBF0F206811871FEDC0C9CC2FDD, xmp.iid:005A9EBF0F206811871FEDC0C9CC2FDD, xmp.iid:015A9EBF0F206811871FEDC0C9CC2FDD, xmp.iid:025A9EBF0F206811871FEDC0C9CC2FDD, xmp.iid:035A9EBF0F206811871FEDC0C9CC2FDD",,"Adobe InDesign 6.0, Adobe InDesign 6.0, Adobe InDesign 6.0, Adobe InDesign 6.0, Adobe InDesign 6.0, Adobe InDesign 6.0, Adobe InDesign 6.0, Adobe InDesign 6.0, Adobe InDesign 6.0, Adobe InDesign 6.0, Adobe InDesign 6.0, Adobe InDesign 6.0, Adobe InDesign 6.0, Adobe InDesign 6.0, Adobe InDesign 6.0, Adobe InDesign 6.0, Adobe InDesign 6.0, Adobe InDesign 6.0, Adobe InDesign 6.0, Adobe InDesign 6.0, Adobe InDesign 6.0, Adobe InDesign 6.0, Adobe InDesign 6.0, Adobe InDesign 6.0, Adobe InDesign 6.0, Adobe InDesign 6.0, Adobe InDesign 6.0, Adobe InDesign 6.0, Adobe InDesign 6.0, Adobe InDesign 6.0, Adobe InDesign 6.0, Adobe InDesign 6.0, Adobe InDesign 6.0, Adobe InDesign 6.0, Adobe InDesign 6.0, Adobe InDesign 6.0, Adobe InDesign 6.0, Adobe InDesign 6.0, Adobe InDesign 6.0, Adobe InDesign 6.0, Adobe InDesign 6.0, Adobe InDesign 6.0, Adobe InDesign 6.0, Adobe InDesign 6.0, Adobe InDesign 6.0, Adobe InDesign 6.0, Adobe InDesign 6.0, Adobe InDesign 6.0, Adobe InDesign 6.0, Adobe InDesign 6.0, Adobe InDesign 6.0, Adobe InDesign 6.0, Adobe InDesign 6.0, Adobe InDesign 6.0, Adobe InDesign 6.0, Adobe InDesign 6.0, Adobe InDesign 6.0, Adobe InDesign 6.0, Adobe InDesign 6.0, Adobe InDesign 6.0, Adobe InDesign 6.0, Adobe InDesign 6.0, Adobe InDesign 6.0, Adobe InDesign 6.0, Adobe InDesign 6.0, Adobe InDesign 6.0, Adobe InDesign 6.0, Adobe InDesign 6.0, Adobe InDesign 6.0, Adobe InDesign 6.0, Adobe InDesign 6.0, Adobe InDesign 6.0, Adobe InDesign 6.0, Adobe InDesign 6.0, Adobe InDesign 6.0, Adobe InDesign 6.0, Adobe InDesign 6.0, Adobe InDesign 6.0, Adobe InDesign 6.0, Adobe InDesign 6.0, Adobe InDesign 6.0, Adobe InDesign 6.0, Adobe InDesign 6.0, Adobe InDesign 6.0, Adobe InDesign 6.0, Adobe InDesign 6.0, Adobe InDesign 6.0, Adobe InDesign 6.0, Adobe InDesign 6.0, Adobe InDesign 6.0, Adobe InDesign 6.0, Adobe InDesign 6.0, Adobe InDesign 6.0, Adobe InDesign 6.0, Adobe InDesign 6.0, Adobe InDesign 6.0, Adobe InDesign 6.0, Adobe InDesign 6.0, Adobe InDesign 6.0, Adobe InDesign 6.0, Adobe InDesign 6.0, Adobe InDesign 6.0, Adobe InDesign 6.0, Adobe InDesign 6.0, Adobe InDesign 6.0, Adobe InDesign 6.0, Adobe InDesign 6.0, Adobe InDesign 6.0, Adobe InDesign 6.0, Adobe InDesign 6.0, Adobe InDesign 6.0, Adobe InDesign 6.0, Adobe InDesign 6.0, Adobe InDesign 6.0, Adobe InDesign 6.0, Adobe InDesign 6.0, Adobe InDesign 6.0, Adobe InDesign 6.0, Adobe InDesign 6.0, Adobe InDesign 6.0, Adobe InDesign 6.0, Adobe InDesign 6.0, Adobe InDesign 6.0, Adobe InDesign 6.0, Adobe InDesign 6.0, Adobe InDesign 6.0, Adobe InDesign 6.0, Adobe InDesign 6.0, Adobe InDesign 6.0, Adobe InDesign 6.0, Adobe InDesign 6.0, Adobe InDesign 6.0, Adobe InDesign 6.0, Adobe InDesign 6.0, Adobe InDesign 6.0, Adobe InDesign 6.0, Adobe InDesign 6.0, Adobe InDesign 6.0, Adobe InDesign 6.0, Adobe InDesign 6.0, Adobe InDesign 6.0, Adobe InDesign 6.0, Adobe InDesign 6.0, Adobe InDesign 6.0, Adobe InDesign 6.0, Adobe InDesign 6.0, Adobe InDesign 6.0, Adobe InDesign 6.0, Adobe InDesign 6.0, Adobe InDesign 6.0, Adobe InDesign 6.0, Adobe InDesign 6.0, Adobe InDesign 6.0, Adobe InDesign 6.0, Adobe InDesign 6.0, Adobe InDesign 6.0, Adobe InDesign 6.0, Adobe InDesign 6.0, Adobe InDesign 6.0, Adobe InDesign 6.0, Adobe InDesign 6.0, Adobe InDesign 6.0, Adobe InDesign 6.0, Adobe InDesign 6.0, Adobe InDesign 6.0, Adobe InDesign 6.0, Adobe InDesign 6.0, Adobe InDesign 6.0, Adobe InDesign 6.0, Adobe InDesign 6.0, Adobe InDesign 6.0, Adobe InDesign 6.0, Adobe InDesign 6.0, Adobe InDesign 6.0, Adobe InDesign 6.0, Adobe InDesign 6.0, Adobe InDesign 6.0, Adobe InDesign 6.0, Adobe InDesign 6.0, Adobe InDesign 6.0, Adobe InDesign 6.0, Adobe InDesign 6.0, Adobe InDesign 6.0, Adobe InDesign 6.0, Adobe InDesign 6.0, Adobe InDesign 6.0, Adobe InDesign 6.0, Adobe InDesign 6.0, Adobe InDesign 6.0, Adobe InDesign 6.0, Adobe InDesign 6.0, Adobe InDesign 6.0, Adobe InDesign 6.0, Adobe InDesign 6.0, Adobe InDesign 6.0, Adobe InDesign 6.0, Adobe InDesign 6.0, Adobe InDesign 6.0, Adobe InDesign 6.0, Adobe InDesign 6.0, Adobe InDesign 6.0, Adobe InDesign 6.0, Adobe InDesign 6.0, Adobe InDesign 6.0, Adobe InDesign 6.0, Adobe InDesign 6.0, Adobe InDesign 6.0, Adobe InDesign 6.0, Adobe InDesign 6.0, Adobe InDesign 6.0, Adobe InDesign 6.0, Adobe InDesign 6.0, Adobe InDesign 6.0, Adobe InDesign 6.0, Adobe InDesign 6.0, Adobe InDesign 6.0, Adobe InDesign 6.0, Adobe InDesign 6.0, Adobe InDesign 6.0, Adobe InDesign 6.0, Adobe InDesign 6.0, Adobe InDesign 6.0, Adobe InDesign 6.0, Adobe InDesign 6.0, Adobe InDesign 6.0, Adobe InDesign 6.0, Adobe InDesign 6.0, Adobe InDesign 6.0, Adobe InDesign 6.0, Adobe InDesign 6.0, Adobe InDesign 6.0, Adobe InDesign 6.0, Adobe InDesign 6.0, Adobe InDesign 6.0, Adobe InDesign 6.0, Adobe InDesign 6.0, Adobe InDesign 6.0, Adobe InDesign 6.0, Adobe InDesign 6.0, Adobe InDesign 6.0, Adobe InDesign 6.0, Adobe InDesign 6.0, Adobe InDesign 6.0, Adobe InDesign 6.0, Adobe InDesign 6.0, Adobe InDesign 6.0, Adobe InDesign 6.0, Adobe InDesign 6.0, Adobe InDesign 6.0, Adobe InDesign 6.0, Adobe InDesign 6.0, Adobe InDesign 6.0, Adobe InDesign 6.0, Adobe InDesign 6.0, Adobe InDesign 6.0, Adobe InDesign 6.0, Adobe InDesign 6.0, Adobe InDesign 6.0, Adobe InDesign 6.0, Adobe InDesign 6.0, Adobe InDesign 6.0, Adobe InDesign 6.0, Adobe InDesign 6.0, Adobe InDesign 6.0, Adobe InDesign 6.0, Adobe InDesign 6.0, Adobe InDesign 6.0, Adobe InDesign 6.0, Adobe InDesign 6.0, Adobe InDesign 6.0, Adobe InDesign 6.0, Adobe InDesign 6.0, Adobe InDesign 6.0, Adobe InDesign 6.0, Adobe InDesign 6.0, Adobe InDesign 6.0, Adobe InDesign 6.0, Adobe InDesign 6.0, Adobe InDesign 6.0, Adobe InDesign 6.0, Adobe InDesign 6.0, Adobe InDesign 6.0, Adobe InDesign 6.0, Adobe InDesign 6.0, Adobe InDesign 6.0, Adobe InDesign 6.0, Adobe InDesign 6.0, Adobe InDesign 6.0, Adobe InDesign 6.0, Adobe InDesign 6.0, Adobe InDesign 6.0, Adobe InDesign 6.0, Adobe InDesign 6.0, Adobe InDesign 6.0, Adobe InDesign 6.0, Adobe InDesign 6.0, Adobe InDesign 6.0, Adobe InDesign 6.0, Adobe InDesign 6.0, Adobe InDesign 6.0, Adobe InDesign 6.0, Adobe InDesign 6.0, Adobe InDesign 6.0, Adobe InDesign 6.0, Adobe InDesign 6.0, Adobe InDesign 6.0, Adobe InDesign 6.0, Adobe InDesign 6.0, Adobe InDesign 6.0, Adobe InDesign 6.0, Adobe InDesign 6.0, Adobe InDesign 6.0, Adobe InDesign 6.0, Adobe InDesign 6.0, Adobe InDesign 6.0, Adobe InDesign 6.0, Adobe InDesign 6.0, Adobe InDesign 6.0, Adobe InDesign 6.0, Adobe InDesign 6.0, Adobe InDesign 6.0, Adobe InDesign 6.0, Adobe InDesign 6.0, Adobe InDesign 6.0, Adobe InDesign 6.0, Adobe InDesign 6.0, Adobe InDesign 6.0, Adobe InDesign 6.0, Adobe InDesign 6.0, Adobe InDesign 6.0, Adobe InDesign 6.0, Adobe InDesign 6.0, Adobe InDesign 6.0, Adobe InDesign 6.0, Adobe InDesign 6.0, Adobe InDesign 6.0, Adobe InDesign 6.0, Adobe InDesign 6.0, Adobe InDesign 6.0, Adobe InDesign 6.0, Adobe InDesign 6.0, Adobe InDesign 6.0, Adobe InDesign 6.0, Adobe InDesign 6.0, Adobe InDesign 6.0, Adobe InDesign 6.0, Adobe InDesign 6.0, Adobe InDesign 6.0, Adobe InDesign 6.0, Adobe InDesign 6.0, Adobe InDesign 6.0, Adobe InDesign 6.0, Adobe InDesign 6.0, Adobe InDesign 6.0, Adobe InDesign 6.0, Adobe InDesign 6.0, Adobe InDesign 6.0, Adobe InDesign 6.0, Adobe InDesign 6.0, Adobe InDesign 6.0, Adobe InDesign 6.0, Adobe InDesign 6.0, Adobe InDesign 6.0, Adobe InDesign 6.0, Adobe InDesign 6.0, Adobe InDesign 6.0, Adobe InDesign 6.0, Adobe InDesign 6.0, Adobe InDesign 6.0, Adobe InDesign 6.0, Adobe InDesign 6.0, Adobe InDesign 6.0, Adobe InDesign 6.0, Adobe InDesign 6.0, Adobe InDesign 6.0, Adobe InDesign 6.0, Adobe InDesign 6.0, Adobe InDesign 6.0, Adobe InDesign 6.0, Adobe InDesign 6.0, Adobe InDesign 6.0, Adobe InDesign 6.0, Adobe InDesign 6.0, Adobe InDesign 6.0, Adobe InDesign 6.0, Adobe InDesign 6.0, Adobe InDesign 6.0, Adobe InDesign 6.0, Adobe InDesign 6.0, Adobe InDesign 6.0, Adobe InDesign 6.0, Adobe InDesign 6.0, Adobe InDesign 6.0, Adobe InDesign 6.0, Adobe InDesign 6.0, Adobe InDesign 6.0, Adobe InDesign 6.0, Adobe InDesign 6.0, Adobe InDesign 6.0, Adobe InDesign 6.0, Adobe InDesign 6.0, Adobe InDesign 6.0, Adobe InDesign 6.0, Adobe InDesign 6.0, Adobe InDesign 6.0, Adobe InDesign 6.0, Adobe InDesign 6.0, Adobe InDesign 6.0, Adobe InDesign 6.0, Adobe InDesign 6.0, Adobe InDesign 6.0, Adobe InDesign 6.0, Adobe InDesign 6.0, Adobe InDesign 6.0, Adobe InDesign 6.0, Adobe InDesign 6.0, Adobe InDesign 6.0, Adobe InDesign 6.0, Adobe InDesign 6.0, Adobe InDesign 6.0, Adobe InDesign 6.0, Adobe InDesign 6.0, Adobe InDesign 6.0, Adobe InDesign 6.0, Adobe InDesign 6.0, Adobe InDesign 6.0, Adobe InDesign 6.0, Adobe InDesign 6.0, Adobe InDesign 6.0, Adobe InDesign 6.0, Adobe InDesign 6.0, Adobe InDesign 6.0, Adobe InDesign 6.0, Adobe InDesign 6.0, Adobe InDesign 6.0, Adobe InDesign 6.0, Adobe InDesign 6.0, Adobe InDesign 6.0, Adobe InDesign 6.0, Adobe InDesign 6.0, Adobe InDesign 6.0, Adobe InDesign 6.0, Adobe InDesign 6.0, Adobe InDesign 6.0, Adobe InDesign 6.0, Adobe InDesign 6.0, Adobe InDesign 6.0, Adobe InDesign 6.0, Adobe InDesign 6.0, Adobe InDesign 6.0, Adobe InDesign 6.0, Adobe InDesign 6.0, Adobe InDesign 6.0, Adobe InDesign 6.0, Adobe InDesign 6.0, Adobe InDesign 6.0, Adobe InDesign 6.0, Adobe InDesign 6.0, Adobe InDesign 6.0, Adobe InDesign 6.0, Adobe InDesign 6.0, Adobe InDesign 6.0, Adobe InDesign 6.0, Adobe InDesign 6.0, Adobe InDesign 6.0, Adobe InDesign 6.0, Adobe InDesign 6.0, Adobe InDesign 6.0, Adobe InDesign 6.0, Adobe InDesign 6.0, Adobe InDesign 6.0, Adobe InDesign 6.0, Adobe InDesign 6.0, Adobe InDesign 6.0, Adobe InDesign 6.0, Adobe InDesign 6.0, Adobe InDesign 6.0, Adobe InDesign 6.0, Adobe InDesign 6.0, Adobe InDesign 6.0, Adobe InDesign 6.0, Adobe InDesign 6.0, Adobe InDesign 6.0, Adobe InDesign 6.0, Adobe InDesign 6.0, Adobe InDesign 6.0, Adobe InDesign 6.0, Adobe InDesign 6.0, Adobe InDesign 6.0, Adobe InDesign 6.0, Adobe InDesign 6.0, Adobe InDesign 6.0, Adobe InDesign 6.0, Adobe InDesign 6.0, Adobe InDesign 6.0, Adobe InDesign 6.0, Adobe InDesign 6.0, Adobe InDesign 6.0, Adobe InDesign 6.0, Adobe InDesign 6.0, Adobe InDesign 6.0, Adobe InDesign 6.0, Adobe InDesign 6.0, Adobe InDesign 6.0, Adobe InDesign 6.0, Adobe InDesign 6.0, Adobe InDesign 6.0, Adobe InDesign 6.0, Adobe InDesign 6.0, Adobe InDesign 6.0, Adobe InDesign 6.0, Adobe InDesign 6.0, Adobe InDesign 6.0, Adobe InDesign 6.0, Adobe InDesign 6.0, Adobe InDesign 6.0, Adobe InDesign 6.0, Adobe InDesign 6.0, Adobe InDesign 6.0, Adobe InDesign 6.0, Adobe InDesign 6.0, Adobe InDesign 6.0, Adobe InDesign 6.0, Adobe InDesign 6.0, Adobe InDesign 6.0, Adobe InDesign 6.0, Adobe InDesign 6.0, Adobe InDesign 6.0, Adobe InDesign 6.0, Adobe InDesign 6.0, Adobe InDesign 6.0, Adobe InDesign 6.0, Adobe InDesign 6.0, Adobe InDesign 6.0, Adobe InDesign 6.0, Adobe InDesign 6.0, Adobe InDesign 6.0, Adobe InDesign 6.0, Adobe InDesign 6.0, Adobe InDesign 6.0, Adobe InDesign 6.0, Adobe InDesign 6.0, Adobe InDesign 6.0, Adobe InDesign 6.0, Adobe InDesign 6.0, Adobe InDesign 6.0, Adobe InDesign 6.0, Adobe InDesign 6.0, Adobe InDesign 6.0, Adobe InDesign 6.0, Adobe InDesign 6.0, Adobe InDesign 6.0, Adobe InDesign 6.0, Adobe InDesign 6.0, Adobe InDesign 6.0, Adobe InDesign 6.0, Adobe InDesign 6.0, Adobe InDesign 6.0, Adobe InDesign 6.0, Adobe InDesign 6.0, Adobe InDesign 6.0, Adobe InDesign 6.0, Adobe InDesign 6.0, Adobe InDesign 6.0, Adobe InDesign 6.0, Adobe InDesign 6.0, Adobe InDesign 6.0, Adobe InDesign 6.0, Adobe InDesign 6.0, Adobe InDesign 6.0, Adobe InDesign 6.0, Adobe InDesign 6.0, Adobe InDesign 6.0, Adobe InDesign 6.0, Adobe InDesign 6.0, Adobe InDesign 6.0, Adobe InDesign 6.0, Adobe InDesign 6.0, Adobe InDesign 6.0, Adobe InDesign 6.0, Adobe InDesign 6.0, Adobe InDesign 6.0, Adobe InDesign 6.0, Adobe InDesign 6.0, Adobe InDesign 6.0, Adobe InDesign 6.0, Adobe InDesign 6.0, Adobe InDesign 6.0, Adobe InDesign 6.0, Adobe InDesign 6.0, Adobe InDesign 6.0, Adobe InDesign 6.0, Adobe InDesign 6.0, Adobe InDesign 6.0, Adobe InDesign 6.0, Adobe InDesign 6.0, Adobe InDesign 6.0, Adobe InDesign 6.0, Adobe InDesign 6.0, Adobe InDesign 6.0, Adobe InDesign 6.0, Adobe InDesign 6.0, Adobe InDesign 6.0, Adobe InDesign 6.0, Adobe InDesign 6.0, Adobe InDesign 6.0, Adobe InDesign 6.0, Adobe InDesign 6.0, Adobe InDesign 6.0, Adobe InDesign 6.0, Adobe InDesign 6.0, Adobe InDesign 6.0, Adobe InDesign 6.0, Adobe InDesign 6.0, Adobe InDesign 6.0, Adobe InDesign 6.0, Adobe InDesign 6.0, Adobe InDesign 6.0, Adobe InDesign 6.0, Adobe InDesign 6.0, Adobe InDesign 6.0, Adobe InDesign 6.0, Adobe InDesign 6.0, Adobe InDesign 6.0, Adobe InDesign 6.0, Adobe InDesign 6.0, Adobe InDesign 6.0, Adobe InDesign 6.0, Adobe InDesign 6.0, Adobe InDesign 6.0, Adobe InDesign 6.0, Adobe InDesign 6.0, Adobe InDesign 6.0, Adobe InDesign 6.0, Adobe InDesign 6.0, Adobe InDesign 6.0, Adobe InDesign 6.0, Adobe InDesign 6.0, Adobe InDesign 6.0, Adobe InDesign 6.0, Adobe InDesign 6.0, Adobe InDesign 6.0, Adobe InDesign 6.0, Adobe InDesign 6.0, Adobe InDesign 6.0, Adobe InDesign 6.0, Adobe InDesign 6.0, Adobe InDesign 6.0, Adobe InDesign 6.0, Adobe InDesign 6.0, Adobe InDesign 6.0, Adobe InDesign 6.0, Adobe InDesign 6.0, Adobe InDesign 6.0, Adobe InDesign 6.0, Adobe InDesign 6.0, Adobe InDesign 6.0, Adobe InDesign 6.0, Adobe InDesign 6.0, Adobe InDesign 6.0, Adobe InDesign 6.0, Adobe InDesign 6.0, Adobe InDesign 6.0, Adobe InDesign 6.0, Adobe InDesign 6.0, Adobe InDesign 6.0, Adobe InDesign 6.0, Adobe InDesign 6.0, Adobe InDesign 6.0, Adobe InDesign 6.0, Adobe InDesign 6.0, Adobe InDesign 6.0, Adobe InDesign 6.0, Adobe InDesign 6.0, Adobe InDesign 6.0, Adobe InDesign 6.0, Adobe InDesign 6.0, Adobe InDesign 6.0, Adobe InDesign 6.0, Adobe InDesign 6.0, Adobe InDesign 6.0, Adobe InDesign 6.0, Adobe InDesign 6.0, Adobe InDesign 6.0, Adobe InDesign 6.0, Adobe InDesign 6.0, Adobe InDesign 6.0, Adobe InDesign 6.0, Adobe InDesign 6.0, Adobe InDesign 6.0, Adobe InDesign 6.0, Adobe InDesign 6.0, Adobe InDesign 6.0, Adobe InDesign 6.0, Adobe InDesign 6.0, Adobe InDesign 6.0, Adobe InDesign 6.0, Adobe InDesign 6.0, Adobe InDesign 6.0, Adobe InDesign 6.0, Adobe InDesign 6.0, Adobe InDesign 6.0, Adobe InDesign 6.0, Adobe InDesign 6.0, Adobe InDesign 6.0, Adobe InDesign 6.0, Adobe InDesign 6.0, Adobe InDesign 6.0, Adobe InDesign 6.0, Adobe InDesign 6.0, Adobe InDesign 6.0, Adobe InDesign 6.0, Adobe InDesign 6.0, Adobe InDesign 6.0, Adobe InDesign 6.0, Adobe InDesign 6.0, Adobe InDesign 6.0, Adobe InDesign 6.0, Adobe InDesign 6.0, Adobe InDesign 6.0, Adobe InDesign 6.0, Adobe InDesign 6.0, Adobe InDesign 6.0, Adobe InDesign 6.0, Adobe InDesign 6.0, Adobe InDesign 6.0, Adobe InDesign 6.0, Adobe InDesign 6.0, Adobe InDesign 6.0, Adobe InDesign 6.0, Adobe InDesign 6.0, Adobe InDesign 6.0, Adobe InDesign 6.0, Adobe InDesign 6.0, Adobe InDesign 6.0, Adobe InDesign 6.0, Adobe InDesign 6.0, Adobe InDesign 6.0, Adobe InDesign 6.0, Adobe InDesign 6.0, Adobe InDesign 6.0, Adobe InDesign 6.0, Adobe InDesign 6.0, Adobe InDesign 6.0, Adobe InDesign 6.0, Adobe InDesign 6.0, Adobe InDesign 6.0, Adobe InDesign 6.0, Adobe InDesign 6.0, Adobe InDesign 6.0, Adobe InDesign 6.0, Adobe InDesign 6.0, Adobe InDesign 6.0, Adobe InDesign 6.0, Adobe InDesign 6.0, Adobe InDesign 6.0, Adobe InDesign 6.0, Adobe InDesign 6.0, Adobe InDesign 6.0, Adobe InDesign 6.0, Adobe InDesign 6.0, Adobe InDesign 6.0, Adobe InDesign 6.0, Adobe InDesign 6.0, Adobe InDesign 6.0, Adobe InDesign 6.0, Adobe InDesign 6.0, Adobe InDesign 6.0, Adobe InDesign 6.0, Adobe InDesign 6.0, Adobe InDesign 6.0, Adobe InDesign 6.0, Adobe InDesign 6.0, Adobe InDesign 6.0, Adobe InDesign 6.0, Adobe InDesign 6.0, Adobe InDesign 6.0, Adobe InDesign 6.0, Adobe InDesign 6.0, Adobe InDesign 6.0, Adobe InDesign 6.0, Adobe InDesign 6.0, Adobe InDesign 6.0, Adobe InDesign 6.0, Adobe InDesign 6.0, Adobe InDesign 6.0, Adobe InDesign 6.0, Adobe InDesign 6.0, Adobe InDesign 6.0, Adobe InDesign 6.0, Adobe InDesign 6.0, Adobe InDesign 6.0, Adobe InDesign 6.0, Adobe InDesign 6.0, Adobe InDesign 6.0, Adobe InDesign 6.0, Adobe InDesign 6.0, Adobe InDesign 6.0, Adobe InDesign 6.0, Adobe InDesign 6.0, Adobe InDesign 6.0, Adobe InDesign 6.0, Adobe InDesign 6.0, Adobe InDesign 6.0, Adobe InDesign 6.0, Adobe InDesign 6.0, Adobe InDesign 6.0, Adobe InDesign 6.0, Adobe InDesign 6.0, Adobe InDesign 6.0, Adobe InDesign 6.0, Adobe InDesign 6.0, Adobe InDesign 6.0, Adobe InDesign 6.0, Adobe InDesign 6.0, Adobe InDesign 6.0, Adobe InDesign 6.0, Adobe InDesign 6.0, Adobe InDesign 6.0, Adobe InDesign 6.0, Adobe InDesign 6.0, Adobe InDesign 6.0, Adobe InDesign 6.0, Adobe InDesign 6.0, Adobe InDesign 6.0, Adobe InDesign 6.0, Adobe InDesign 6.0, Adobe InDesign 6.0, Adobe InDesign 6.0, Adobe InDesign 6.0, Adobe InDesign 6.0, Adobe InDesign 6.0, Adobe InDesign 6.0, Adobe InDesign 6.0, Adobe InDesign 6.0, Adobe InDesign 6.0, Adobe InDesign 6.0, Adobe InDesign 6.0, Adobe InDesign 6.0, Adobe InDesign 6.0, Adobe InDesign 6.0, Adobe InDesign 6.0, Adobe InDesign 6.0, Adobe InDesign 6.0, Adobe InDesign 6.0, Adobe InDesign 6.0, Adobe InDesign 6.0, Adobe InDesign 6.0, Adobe InDesign 6.0, Adobe InDesign 6.0, Adobe InDesign 6.0, Adobe InDesign 6.0, Adobe InDesign 6.0, Adobe InDesign 6.0, Adobe InDesign 6.0, Adobe InDesign 6.0, Adobe InDesign 6.0, Adobe InDesign 6.0, Adobe InDesign 6.0, Adobe InDesign 6.0, Adobe InDesign 6.0, Adobe InDesign 6.0, Adobe InDesign 6.0, Adobe InDesign 6.0, Adobe InDesign 6.0, Adobe InDesign 6.0, Adobe InDesign 6.0, Adobe InDesign 6.0, Adobe InDesign 6.0, Adobe InDesign 6.0, Adobe InDesign 6.0, Adobe InDesign 6.0, Adobe InDesign 6.0, Adobe InDesign 6.0, Adobe InDesign 6.0, Adobe InDesign 6.0, Adobe InDesign 6.0, Adobe InDesign 6.0, Adobe InDesign 6.0, Adobe InDesign 6.0, Adobe InDesign 6.0, Adobe InDesign 6.0, Adobe InDesign 6.0, Adobe InDesign 6.0, Adobe InDesign 6.0, Adobe InDesign 6.0, Adobe InDesign 6.0, Adobe InDesign 6.0, Adobe InDesign 6.0, Adobe InDesign 6.0, Adobe InDesign 6.0, Adobe InDesign 6.0, Adobe InDesign 6.0, Adobe InDesign 6.0, Adobe InDesign 6.0, Adobe InDesign 6.0, Adobe InDesign 6.0, Adobe InDesign 6.0, Adobe InDesign 6.0, Adobe InDesign 6.0, Adobe InDesign 6.0, Adobe InDesign 6.0, Adobe InDesign 6.0, Adobe InDesign 6.0, Adobe InDesign 6.0, Adobe InDesign 6.0, Adobe InDesign 6.0, Adobe InDesign 6.0, Adobe InDesign 6.0, Adobe InDesign 6.0, Adobe InDesign 6.0, Adobe InDesign 6.0, Adobe InDesign 6.0, Adobe InDesign 6.0, Adobe InDesign 6.0, Adobe InDesign 6.0, Adobe InDesign 6.0, Adobe InDesign 6.0, Adobe InDesign 6.0, Adobe InDesign 6.0, Adobe InDesign 6.0, Adobe InDesign 6.0, Adobe InDesign 6.0, Adobe InDesign 6.0, Adobe InDesign 6.0, Adobe InDesign 6.0, Adobe InDesign 6.0, Adobe InDesign 6.0, Adobe InDesign 6.0, Adobe InDesign 6.0, Adobe InDesign 6.0, Adobe InDesign 6.0, Adobe InDesign 6.0, Adobe InDesign 6.0, Adobe InDesign 6.0, Adobe InDesign 6.0, Adobe InDesign 6.0, Adobe InDesign 6.0, Adobe InDesign 6.0, Adobe InDesign 6.0, Adobe InDesign 6.0, Adobe InDesign 6.0, Adobe InDesign 6.0, Adobe InDesign 6.0, Adobe InDesign 6.0, Adobe InDesign 6.0, Adobe InDesign 6.0, Adobe InDesign 6.0, Adobe InDesign 6.0, Adobe InDesign 6.0, Adobe InDesign 6.0, Adobe InDesign 6.0, Adobe InDesign 6.0, Adobe InDesign 6.0, Adobe InDesign 6.0, Adobe InDesign 6.0, Adobe InDesign 6.0, Adobe InDesign 6.0, Adobe InDesign 6.0, Adobe InDesign 6.0, Adobe InDesign 6.0, Adobe InDesign 6.0, Adobe InDesign 6.0, Adobe InDesign 6.0, Adobe InDesign 6.0, Adobe InDesign 6.0, Adobe InDesign 6.0, Adobe InDesign 6.0, Adobe InDesign 6.0, Adobe InDesign 6.0, Adobe InDesign 6.0, Adobe InDesign 6.0, Adobe InDesign 6.0, Adobe InDesign 6.0, Adobe InDesign 6.0, Adobe InDesign 6.0, Adobe InDesign 6.0, Adobe InDesign 6.0, Adobe InDesign 6.0, Adobe InDesign 6.0, Adobe InDesign 6.0, Adobe InDesign 6.0, Adobe InDesign 6.0, Adobe InDesign 6.0, Adobe InDesign 6.0, Adobe InDesign 6.0, Adobe InDesign 6.0, Adobe InDesign 6.0, Adobe InDesign 6.0, Adobe InDesign 6.0, Adobe InDesign 6.0, Adobe InDesign 6.0, Adobe InDesign 6.0, Adobe InDesign 6.0, Adobe InDesign 6.0, Adobe InDesign 6.0, Adobe InDesign 6.0, Adobe InDesign 6.0, Adobe InDesign 6.0, Adobe InDesign 6.0","2011:03:16 17:42:18-05:00, 2011:03:16 17:44:38-05:00, 2011:03:16 17:44:38-05:00, 2011:03:16 17:47:56-05:00, 2011:03:16 17:49:12-05:00, 2011:03:16 17:50:53-05:00, 2011:03:16 17:52:06-05:00, 2011:03:16 17:52:42-05:00, 2011:03:16 17:54:55-05:00, 2011:03:16 17:55:44-05:00, 2011:03:16 17:58:11-05:00, 2011:03:16 17:59:25-05:00, 2011:03:16 18:00:03-05:00, 2011:03:16 18:01:44-05:00, 2011:03:16 18:02:41-05:00, 2011:03:16 18:04:04-05:00, 2011:03:16 18:04:28-05:00, 2011:03:16 18:21:37-05:00, 2011:03:16 18:23:07-05:00, 2011:03:16 18:23:27-05:00, 2011:03:16 18:25:44-05:00, 2011:03:16 18:27:20-05:00, 2011:03:16 18:28:34-05:00, 2011:03:16 18:29:08-05:00, 2011:03:16 18:33:22-05:00, 2011:03:16 18:33:34-05:00, 2011:03:16 18:33:59-05:00, 2011:03:16 18:40:37-05:00, 2011:03:16 18:43:18-05:00, 2011:03:16 18:46:36-05:00, 2011:03:16 18:47:57-05:00, 2011:03:16 18:48:24-05:00, 2011:03:16 18:50:11-05:00, 2011:03:16 18:53-05:00, 2011:03:16 18:54:10-05:00, 2011:03:16 18:54:44-05:00, 2011:03:16 18:57:07-05:00, 2011:03:16 18:58:09-05:00, 2011:03:16 18:59:38-05:00, 2011:03:16 19:06:07-05:00, 2011:03:16 19:08:45-05:00, 2011:03:16 19:09:32-05:00, 2011:03:16 19:10:03-05:00, 2011:03:16 19:10:46-05:00, 2011:03:16 19:14:10-05:00, 2011:03:16 19:15:21-05:00, 2011:03:16 19:18:14-05:00, 2011:03:16 19:19:38-05:00, 2011:03:16 19:20:36-05:00, 2011:03:16 19:21-05:00, 2011:03:16 19:22:56-05:00, 2011:03:16 19:23:51-05:00, 2011:03:16 19:26:04-05:00, 2011:03:16 19:27:24-05:00, 2011:03:16 19:29:38-05:00, 2011:03:16 19:30:26-05:00, 2011:03:16 19:31:30-05:00, 2011:03:16 19:34:32-05:00, 2011:03:16 19:38:55-05:00, 2011:03:16 19:41:06-05:00, 2011:03:16 19:43:02-05:00, 2011:03:16 19:45:45-05:00, 2011:03:16 19:46:09-05:00, 2011:03:16 19:46:16-05:00, 2011:03:16 19:46:27-05:00, 2011:03:16 19:46:43-05:00, 2011:03:16 19:47:43-05:00, 2011:03:16 19:48:24-05:00, 2011:03:16 19:49:18-05:00, 2011:03:16 19:49:25-05:00, 2011:03:16 19:49:48-05:00, 2011:03:16 19:49:55-05:00, 2011:03:16 19:51:50-05:00, 2011:03:16 19:52:41-05:00, 2011:03:16 19:56:12-05:00, 2011:03:16 19:57:47-05:00, 2011:03:16 19:58:13-05:00, 2011:03:16 19:59:16-05:00, 2011:03:16 20:01:15-05:00, 2011:03:16 20:05:48-05:00, 2011:03:16 20:06:09-05:00, 2011:03:16 20:07:59-05:00, 2011:03:16 20:09:38-05:00, 2011:03:16 20:10:37-05:00, 2011:03:16 20:13:25-05:00, 2011:03:16 20:14:39-05:00, 2011:03:16 20:16:19-05:00, 2011:03:16 20:20:42-05:00, 2011:03:16 20:21:07-05:00, 2011:03:16 20:21:52-05:00, 2011:03:16 20:26:41-05:00, 2011:03:16 20:27:28-05:00, 2011:03:16 20:28:27-05:00, 2011:03:16 20:28:59-05:00, 2011:03:16 20:29:12-05:00, 2011:03:16 20:30:07-05:00, 2011:03:16 20:31:27-05:00, 2011:03:16 20:31:53-05:00, 2011:03:16 20:32:48-05:00, 2011:03:16 20:34:08-05:00, 2011:03:16 20:34:50-05:00, 2011:03:16 20:36:03-05:00, 2011:03:16 20:38:01-05:00, 2011:03:16 20:39:19-05:00, 2011:03:16 20:39:33-05:00, 2011:03:16 20:40:41-05:00, 2011:03:16 20:41:25-05:00, 2011:03:16 20:41:39-05:00, 2011:03:16 20:42:49-05:00, 2011:03:16 20:45:21-05:00, 2011:03:16 20:51:28-05:00, 2011:03:16 20:53:03-05:00, 2011:03:16 21:02:38-05:00, 2011:03:16 21:04:41-05:00, 2011:03:16 21:04:53-05:00, 2011:03:16 21:05:17-05:00, 2011:03:16 21:05:44-05:00, 2011:03:16 21:06:45-05:00, 2011:03:16 21:06:59-05:00, 2011:03:16 21:07:10-05:00, 2011:03:16 21:07:36-05:00, 2011:03:16 21:14:24-05:00, 2011:03:16 21:14:46-05:00, 2011:03:16 21:15:50-05:00, 2011:03:16 21:17:03-05:00, 2011:03:16 21:17:11-05:00, 2011:03:16 21:18:06-05:00, 2011:03:16 21:20:47-05:00, 2011:03:16 21:22:42-05:00, 2011:03:16 21:27:57-05:00, 2011:03:16 21:28:06-05:00, 2011:03:16 21:30:02-05:00, 2011:03:16 21:31:55-05:00, 2011:03:16 21:32:55-05:00, 2011:03:17 11:32:42-05:00, 2011:03:17 11:33:54-05:00, 2011:03:17 11:37:42-05:00, 2011:03:17 11:38:20-05:00, 2011:03:17 11:38:55-05:00, 2011:03:17 11:40:05-05:00, 2011:03:17 11:57:18-05:00, 2011:03:17 12:00:56-05:00, 2011:03:17 12:09:23-05:00, 2011:03:17 12:10:02-05:00, 2011:03:17 12:10:37-05:00, 2011:03:17 12:13:11-05:00, 2011:03:17 12:16:10-05:00, 2011:03:17 12:17:30-05:00, 2011:03:17 12:18:30-05:00, 2011:03:17 12:18:47-05:00, 2011:03:17 12:22:02-05:00, 2011:03:17 12:33:33-05:00, 2011:03:17 12:35:06-05:00, 2011:03:17 12:38:30-05:00, 2011:03:17 12:40:10-05:00, 2011:03:17 12:43:43-05:00, 2011:03:17 12:50:34-05:00, 2011:03:17 12:54:41-05:00, 2011:03:17 12:55:25-05:00, 2011:03:17 12:56:10-05:00, 2011:03:17 12:58:17-05:00, 2011:03:17 13:01:42-05:00, 2011:03:17 13:03:47-05:00, 2011:03:17 13:06:43-05:00, 2011:03:17 13:08:02-05:00, 2011:03:17 13:08:11-05:00, 2011:03:17 13:13:16-05:00, 2011:03:17 13:14:36-05:00, 2011:03:17 13:15:14-05:00, 2011:03:17 13:18:59-05:00, 2011:03:17 13:25:38-05:00, 2011:03:17 14:14:24-05:00, 2011:03:17 14:15:17-05:00, 2011:03:17 14:16:44-05:00, 2011:03:17 14:16:48-05:00, 2011:03:17 14:21:33-05:00, 2011:03:17 14:21:48-05:00, 2011:03:17 14:22:38-05:00, 2011:03:17 14:23:25-05:00, 2011:03:17 14:27:51-05:00, 2011:03:17 14:29:56-05:00, 2011:03:17 14:31:01-05:00, 2011:03:17 14:39-05:00, 2011:03:17 14:39:47-05:00, 2011:03:17 14:41:32-05:00, 2011:03:17 14:43:19-05:00, 2011:03:17 14:45:45-05:00, 2011:03:17 14:55:16-05:00, 2011:03:17 14:56:08-05:00, 2011:03:17 14:57:02-05:00, 2011:03:17 14:59:03-05:00, 2011:03:17 15:04:35-05:00, 2011:03:17 15:06:09-05:00, 2011:03:17 15:08:06-05:00, 2011:03:17 15:08:14-05:00, 2011:03:17 15:11:07-05:00, 2011:03:17 15:11:48-05:00, 2011:03:17 15:11:57-05:00, 2011:03:17 15:12:41-05:00, 2011:03:17 15:14:50-05:00, 2011:03:17 15:29:54-05:00, 2011:03:17 15:30:16-05:00, 2011:03:17 15:35:37-05:00, 2011:03:17 15:40:32-05:00, 2011:03:17 15:41:40-05:00, 2011:03:17 15:46:37-05:00, 2011:03:17 15:48:22-05:00, 2011:03:17 15:50:09-05:00, 2011:03:17 15:52:19-05:00, 2011:03:17 15:53:03-05:00, 2011:03:17 15:56:12-05:00, 2011:03:17 15:58:52-05:00, 2011:03:17 15:59:13-05:00, 2011:03:17 16:00:55-05:00, 2011:03:17 16:01:38-05:00, 2011:03:17 16:02:09-05:00, 2011:03:17 16:03:30-05:00, 2011:03:17 16:05:36-05:00, 2011:03:17 16:08:09-05:00, 2011:03:17 16:11:21-05:00, 2011:03:17 16:12:48-05:00, 2011:03:17 16:16:44-05:00, 2011:03:17 16:17:57-05:00, 2011:03:17 16:21:06-05:00, 2011:03:17 16:22:04-05:00, 2011:03:17 16:24:38-05:00, 2011:03:17 16:25:11-05:00, 2011:03:17 16:25:30-05:00, 2011:03:17 16:25:47-05:00, 2011:03:17 16:27:23-05:00, 2011:03:17 16:29:34-05:00, 2011:03:17 16:30:27-05:00, 2011:03:17 16:31:40-05:00, 2011:03:17 16:32:38-05:00, 2011:03:17 16:32:56-05:00, 2011:03:17 16:34-05:00, 2011:03:17 16:34:21-05:00, 2011:03:17 16:35:02-05:00, 2011:03:17 16:36:59-05:00, 2011:03:17 16:40:15-05:00, 2011:03:17 16:42:41-05:00, 2011:03:17 16:43:45-05:00, 2011:03:17 16:47:26-05:00, 2011:03:17 16:49:52-05:00, 2011:03:17 16:50:25-05:00, 2011:03:17 16:51:17-05:00, 2011:03:17 16:51:42-05:00, 2011:03:17 16:53:05-05:00, 2011:03:17 16:53:39-05:00, 2011:03:17 16:54:06-05:00, 2011:03:17 16:54:21-05:00, 2011:03:17 16:55:02-05:00, 2011:03:17 16:55:35-05:00, 2011:03:17 16:55:51-05:00, 2011:03:17 16:56:34-05:00, 2011:03:17 16:56:58-05:00, 2011:03:17 16:57:16-05:00, 2011:03:17 16:58:24-05:00, 2011:03:17 17:00:24-05:00, 2011:03:17 17:01:25-05:00, 2011:03:17 17:02:06-05:00, 2011:03:17 17:04:27-05:00, 2011:03:17 17:08:47-05:00, 2011:03:17 17:15:24-05:00, 2011:03:17 17:16:20-05:00, 2011:03:17 17:16:59-05:00, 2011:03:17 17:20:53-05:00, 2011:03:17 17:21:46-05:00, 2011:03:17 17:28:44-05:00, 2011:03:17 17:41:50-05:00, 2011:03:17 17:53:58-05:00, 2011:03:17 17:56:20-05:00, 2011:03:17 18:01:05-05:00, 2011:03:17 18:01:44-05:00, 2011:03:17 18:02:07-05:00, 2011:03:17 18:05:49-05:00, 2011:03:17 18:34:48-05:00, 2011:03:21 15:34:41-05:00, 2011:03:21 15:35:10-05:00, 2011:03:21 15:36:45-05:00, 2011:03:24 14:06:59-05:00, 2011:03:24 14:07:32-05:00, 2011:03:24 14:08:21-05:00, 2011:03:24 14:08:46-05:00, 2011:03:24 14:08:58-05:00, 2011:03:24 14:09:19-05:00, 2011:03:24 14:27:39-05:00, 2011:03:24 14:31:22-05:00, 2011:03:24 14:31:54-05:00, 2011:03:24 14:32:49-05:00, 2011:03:24 14:33:47-05:00, 2011:03:24 14:34:51-05:00, 2011:03:24 14:35:22-05:00, 2011:03:24 14:36:28-05:00, 2011:03:24 15:05:58-05:00, 2011:03:24 15:07:49-05:00, 2011:03:24 15:12:42-05:00, 2011:03:24 15:13:24-05:00, 2011:03:24 15:13:42-05:00, 2011:03:24 15:18:32-05:00, 2011:03:24 15:19:55-05:00, 2011:03:24 15:22:41-05:00, 2011:03:24 15:22:58-05:00, 2011:03:24 15:23:24-05:00, 2011:03:24 15:24:45-05:00, 2011:03:24 15:27:51-05:00, 2011:03:24 15:29:39-05:00, 2011:03:24 15:32:37-05:00, 2011:03:24 15:34:54-05:00, 2011:03:24 15:36:13-05:00, 2011:03:24 15:38:11-05:00, 2011:03:24 15:41:40-05:00, 2011:03:24 15:41:54-05:00, 2011:03:24 15:46:37-05:00, 2011:03:24 16:14:51-05:00, 2011:03:24 17:26:59-05:00, 2011:03:24 17:30:51-05:00, 2011:03:24 17:37:24-05:00, 2011:03:24 17:38:50-05:00, 2011:03:24 17:39:59-05:00, 2011:03:24 17:43:32-05:00, 2011:03:24 17:44:15-05:00, 2011:03:24 17:45:33-05:00, 2011:03:24 17:48:38-05:00, 2011:03:24 17:50:49-05:00, 2011:03:24 17:53:24-05:00, 2011:03:24 17:53:49-05:00, 2011:03:24 17:54:10-05:00, 2011:03:24 17:54:33-05:00, 2011:03:24 17:57:30-05:00, 2011:03:24 18:01:05-05:00, 2011:03:24 18:02:23-05:00, 2011:03:24 18:04:06-05:00, 2011:03:24 18:04:29-05:00, 2011:03:24 18:06:46-05:00, 2011:03:24 18:28:23-05:00, 2011:03:24 18:33:38-05:00, 2011:03:25 12:46:16-05:00, 2011:03:25 12:47:05-05:00, 2011:03:25 12:47:39-05:00, 2011:03:25 12:47:50-05:00, 2011:03:25 12:48:02-05:00, 2011:03:25 12:48:17-05:00, 2011:03:25 12:48:47-05:00, 2011:03:25 12:58:54-05:00, 2011:03:25 13:00:29-05:00, 2011:03:25 13:00:38-05:00, 2011:03:25 13:20:25-05:00, 2011:03:25 13:26:47-05:00, 2011:03:25 13:27-05:00, 2011:03:25 13:28:32-05:00, 2011:03:25 13:28:59-05:00, 2011:03:25 13:30:30-05:00, 2011:03:25 13:40:19-05:00, 2011:03:25 13:42:10-05:00, 2011:03:25 13:45:02-05:00, 2011:03:25 13:46:03-05:00, 2011:03:25 13:47:08-05:00, 2011:03:25 13:48:50-05:00, 2011:03:25 13:49:32-05:00, 2011:03:25 13:52:33-05:00, 2011:03:25 15:33:28-05:00, 2011:03:25 15:34:48-05:00, 2011:03:25 15:35:32-05:00, 2011:03:25 15:35:36-05:00, 2011:03:25 16:29:21-05:00, 2011:03:25 16:30:03-05:00, 2011:03:25 16:30:37-05:00, 2011:03:25 16:35:47-05:00, 2011:03:25 16:36:26-05:00, 2011:03:31 10:37:32-05:00, 2011:03:31 12:24:46-05:00, 2011:03:31 12:33:24-05:00, 2011:03:31 12:35:29-05:00, 2011:03:31 12:36:34-05:00, 2011:03:31 12:40:16-05:00, 2011:03:31 12:45:36-05:00, 2011:03:31 12:48:49-05:00, 2011:03:31 12:57:18-05:00, 2011:03:31 13:04:16-05:00, 2011:03:31 13:08:11-05:00, 2011:03:31 13:10:59-05:00, 2011:03:31 13:12:26-05:00, 2011:03:31 13:12:59-05:00, 2011:03:31 13:15:17-05:00, 2011:03:31 13:16:57-05:00, 2011:03:31 13:34:51-05:00, 2011:03:31 13:38:54-05:00, 2011:03:31 13:45:59-05:00, 2011:03:31 13:48:25-05:00, 2011:03:31 14:01:07-05:00, 2011:03:31 14:01:30-05:00, 2011:03:31 14:02:11-05:00, 2011:03:31 14:07:22-05:00, 2011:03:31 14:08:53-05:00, 2011:03:31 14:11:45-05:00, 2011:03:31 14:13:01-05:00, 2011:03:31 14:14:37-05:00, 2011:03:31 14:15:45-05:00, 2011:03:31 14:18:17-05:00, 2011:03:31 14:18:59-05:00, 2011:03:31 14:19:22-05:00, 2011:03:31 14:21:03-05:00, 2011:03:31 14:21:41-05:00, 2011:03:31 14:22:21-05:00, 2011:03:31 14:23:38-05:00, 2011:03:31 14:24:47-05:00, 2011:03:31 14:40:01-05:00, 2011:03:31 14:41:27-05:00, 2011:03:31 14:42:48-05:00, 2011:03:31 14:52:30-05:00, 2011:03:31 14:52:44-05:00, 2011:03:31 14:53:14-05:00, 2011:03:31 15:04:12-05:00, 2011:03:31 15:06:03-05:00, 2011:03:31 15:09:33-05:00, 2011:03:31 15:11:30-05:00, 2011:03:31 15:13:41-05:00, 2011:03:31 15:16:35-05:00, 2011:03:31 15:18:35-05:00, 2011:03:31 15:23:28-05:00, 2011:03:31 15:24:10-05:00, 2011:03:31 15:37:50-05:00, 2011:03:31 15:39:30-05:00, 2011:03:31 15:40:13-05:00, 2011:03:31 15:40:34-05:00, 2011:03:31 15:40:47-05:00, 2011:03:31 15:51:31-05:00, 2011:03:31 17:07:51-05:00, 2011:03:31 17:11:30-05:00, 2011:03:31 17:12:54-05:00, 2011:03:31 17:15:34-05:00, 2011:03:31 17:17:13-05:00, 2011:03:31 17:18:22-05:00, 2011:03:31 17:18:28-05:00, 2011:03:31 20:21:13-05:00, 2011:03:31 20:26-05:00, 2011:03:31 20:26:40-05:00, 2011:03:31 20:27-05:00, 2011:03:31 20:44:18-05:00, 2011:03:31 20:46:45-05:00, 2011:03:31 20:47:38-05:00, 2011:03:31 20:48:27-05:00, 2011:03:31 20:49:03-05:00, 2011:03:31 20:49:21-05:00, 2011:03:31 20:49:43-05:00, 2011:03:31 20:50:17-05:00, 2011:03:31 20:50:30-05:00, 2011:03:31 20:50:45-05:00, 2011:03:31 20:51:01-05:00, 2011:03:31 20:51:13-05:00, 2011:03:31 20:51:26-05:00, 2011:03:31 20:51:42-05:00, 2011:03:31 20:51:52-05:00, 2011:03:31 20:52:10-05:00, 2011:03:31 20:52:24-05:00, 2011:03:31 20:52:40-05:00, 2011:03:31 20:53:19-05:00, 2011:03:31 20:53:36-05:00, 2011:03:31 20:53:57-05:00, 2011:03:31 20:54:15-05:00, 2011:03:31 20:55:45-05:00, 2011:03:31 20:56:29-05:00, 2011:03:31 20:57:06-05:00, 2011:03:31 20:57:23-05:00, 2011:03:31 20:57:37-05:00, 2011:03:31 20:58:33-05:00, 2011:03:31 21:02:48-05:00, 2011:03:31 21:05:45-05:00, 2011:03:31 21:06:42-05:00, 2011:03:31 21:07:29-05:00, 2011:03:31 21:08:41-05:00, 2011:03:31 21:10:13-05:00, 2011:03:31 21:18:27-05:00, 2011:04:04 13:07:32-05:00, 2011:04:04 13:08:40-05:00, 2011:04:04 13:10:16-05:00, 2011:04:04 13:11:08-05:00, 2011:04:04 13:11:52-05:00, 2011:04:04 13:11:58-05:00, 2011:04:04 15:26:36-05:00, 2011:04:05 13:29:40-05:00, 2011:04:05 13:30:08-05:00, 2011:04:05 13:31:07-05:00, 2011:06:01 16:33:26-05:00, 2011:06:01 16:33:43-05:00, 2011:06:01 16:34:28-05:00, 2011:06:01 16:36:37-05:00, 2011:06:01 16:40:21-05:00, 2011:06:01 16:45:27-05:00, 2011:06:01 16:47:03-05:00, 2011:06:01 16:52:51-05:00, 2011:06:01 16:58:37-05:00, 2011:06:01 17:15:24-05:00, 2011:06:01 17:21:15-05:00, 2011:06:01 17:22:32-05:00, 2011:06:01 17:24:25-05:00, 2011:06:02 15:01:42-05:00, 2011:06:02 17:18:03-05:00, 2011:06:02 17:22:36-05:00, 2011:06:06 19:31:15-05:00, 2011:06:06 19:32:25-05:00, 2011:06:06 19:33:43-05:00, 2011:06:06 19:34:55-05:00, 2011:06:06 19:37:22-05:00, 2011:06:06 19:39:32-05:00, 2011:06:06 19:44-05:00, 2011:06:06 19:45:21-05:00, 2011:06:06 19:51:39-05:00, 2011:06:06 19:56:58-05:00, 2011:06:06 19:58:04-05:00, 2011:06:06 20:08:27-05:00, 2011:06:06 20:10:56-05:00, 2011:06:06 20:17:40-05:00, 2011:06:06 20:21:22-05:00, 2011:06:06 20:31:25-05:00, 2011:06:06 20:32:24-05:00, 2011:06:06 20:32:30-05:00, 2011:06:06 20:34:55-05:00, 2011:06:06 20:36:22-05:00, 2011:06:06 20:37:37-05:00, 2011:06:06 20:38:59-05:00, 2011:06:06 20:40:35-05:00, 2011:06:06 20:41:54-05:00, 2011:06:06 20:50:24-05:00, 2011:06:06 20:51:15-05:00, 2011:06:06 20:51:28-05:00, 2011:06:06 20:53:28-05:00, 2011:06:07 13:29:23-05:00, 2011:06:07 13:33:29-05:00, 2011:06:07 13:35:45-05:00, 2011:06:07 13:38:16-05:00, 2011:06:07 13:43:43-05:00, 2011:06:07 13:53:10-05:00, 2011:06:07 14:05:13-05:00, 2011:06:07 14:10:32-05:00, 2011:06:07 14:13:54-05:00, 2011:06:07 14:15:47-05:00, 2011:06:07 14:16:09-05:00, 2011:06:07 14:16:33-05:00, 2011:06:07 14:17:43-05:00, 2011:06:07 14:18:03-05:00, 2011:06:07 14:18:33-05:00, 2011:06:07 14:24:15-05:00, 2011:06:07 14:24:36-05:00, 2011:06:07 14:26:50-05:00, 2011:06:07 14:33:44-05:00, 2011:06:07 14:34:18-05:00, 2011:06:07 14:38:38-05:00, 2011:06:07 14:39:03-05:00, 2011:06:07 14:39:35-05:00, 2011:06:07 15:36:48-05:00, 2011:06:07 15:38:35-05:00, 2011:06:07 15:39:20-05:00, 2011:06:07 15:50:29-05:00, 2011:06:07 15:54:25-05:00, 2011:06:07 15:58:30-05:00, 2011:06:07 15:59:02-05:00, 2011:06:07 16:01:16-05:00, 2011:06:07 16:08:03-05:00, 2011:06:07 16:08:14-05:00, 2011:06:07 16:17:50-05:00, 2011:06:07 16:28:54-05:00, 2011:06:07 16:32:37-05:00, 2011:06:07 16:35:35-05:00, 2011:06:07 16:36:17-05:00, 2011:06:07 16:37:12-05:00, 2011:06:07 16:38:35-05:00, 2011:06:07 16:42:28-05:00, 2011:06:07 16:45:10-05:00, 2011:06:07 17:09:08-05:00, 2011:06:07 17:10:33-05:00, 2011:06:07 17:10:42-05:00, 2011:06:07 17:11-05:00, 2011:06:07 17:12:42-05:00, 2011:06:07 17:24:48-05:00, 2011:06:07 17:28:34-05:00, 2011:06:07 17:45:01-05:00, 2011:06:07 17:58:04-05:00, 2011:06:07 17:58:15-05:00, 2011:06:07 18:06:51-05:00, 2011:06:07 18:07:04-05:00, 2011:06:07 18:09:10-05:00, 2011:06:07 18:28:28-05:00, 2011:06:07 18:33:36-05:00, 2011:06:07 18:34:13-05:00, 2011:06:07 18:35:25-05:00, 2011:06:07 18:35:57-05:00, 2011:06:07 18:56-05:00, 2011:06:07 18:56:16-05:00, 2011:06:07 18:56:37-05:00, 2011:06:07 18:56:58-05:00, 2011:06:07 18:59:40-05:00, 2011:06:07 19:01:11-05:00, 2011:06:07 19:03:30-05:00, 2011:06:07 19:04:24-05:00, 2011:06:07 19:05:50-05:00, 2011:06:07 19:08:59-05:00, 2011:06:07 19:18:25-05:00, 2011:06:07 19:49-05:00, 2011:06:07 19:52:05-05:00, 2011:06:07 19:54:37-05:00, 2011:06:07 19:58:12-05:00, 2011:06:07 20:10:33-05:00, 2011:06:07 20:14:30-05:00, 2011:06:07 20:15:42-05:00, 2011:06:07 20:23:25-05:00, 2011:06:07 20:27:30-05:00, 2011:06:07 20:30:39-05:00, 2011:06:07 20:34:25-05:00, 2011:06:07 20:34:49-05:00, 2011:06:07 20:36:26-05:00, 2011:06:07 20:43:43-05:00, 2011:06:07 20:46:12-05:00, 2011:06:07 20:46:49-05:00, 2011:06:07 20:47:54-05:00, 2011:06:07 21:04:06-05:00, 2011:06:07 21:07:36-05:00, 2011:06:07 21:11:08-05:00, 2011:06:10 11:14:08-05:00, 2011:06:10 11:14:39-05:00, 2011:06:10 11:16:02-05:00, 2011:06:10 11:16:28-05:00, 2011:06:10 11:37:45-05:00, 2011:06:10 11:39:47-05:00, 2011:06:10 11:43:48-05:00, 2011:06:10 11:46:20-05:00, 2011:06:10 11:47:29-05:00, 2011:06:10 11:53:40-05:00, 2011:06:10 11:54:51-05:00, 2011:06:10 12:26:03-05:00, 2011:06:10 12:27:12-05:00, 2011:06:10 12:27:43-05:00, 2011:06:10 12:28:43-05:00, 2011:06:10 12:43:13-05:00, 2011:06:10 12:48:46-05:00, 2011:06:10 12:55:52-05:00, 2011:06:10 12:56:44-05:00, 2011:06:10 13:05:42-05:00, 2011:06:10 13:11:56-05:00, 2011:06:10 13:12:06-05:00, 2011:06:10 13:17-05:00, 2011:06:10 13:17:18-05:00, 2011:06:10 13:43:10-05:00, 2011:06:10 13:54:32-05:00, 2011:06:10 13:58:43-05:00, 2011:06:10 14:50:08-05:00, 2011:06:10 14:53:48-05:00, 2011:06:10 14:55:04-05:00, 2011:06:10 14:56:23-05:00, 2011:06:10 14:57:28-05:00, 2011:06:10 15:02:11-05:00, 2011:06:10 15:03:18-05:00, 2011:06:10 15:05:24-05:00, 2011:06:10 15:08:58-05:00, 2011:06:10 15:09:41-05:00, 2011:06:10 15:10:39-05:00, 2011:06:10 15:12:48-05:00, 2011:06:10 15:15:38-05:00, 2011:06:10 15:16:23-05:00, 2011:06:10 15:17:41-05:00, 2011:06:10 15:18:21-05:00, 2011:06:10 15:18:25-05:00, 2011:06:10 15:20:01-05:00, 2011:06:10 15:20:29-05:00, 2011:06:10 15:27:41-05:00, 2011:06:10 15:31:17-05:00, 2011:06:10 15:48:29-05:00, 2011:06:10 16:01:09-05:00, 2011:06:13 14:37:52-05:00, 2011:06:13 14:38:10-05:00, 2011:06:13 14:40:22-05:00, 2011:06:13 14:41:16-05:00, 2011:06:13 14:41:36-05:00, 2011:06:13 14:42:21-05:00, 2011:06:13 14:43:47-05:00, 2011:06:13 14:46:32-05:00, 2011:06:13 14:54:36-05:00, 2011:06:13 14:54:45-05:00, 2011:06:13 14:57:01-05:00, 2011:06:13 14:59:09-05:00, 2011:06:13 15:00:33-05:00, 2011:06:13 15:04:09-05:00, 2011:06:13 15:15:08-05:00, 2011:06:13 15:16:25-05:00, 2011:06:13 15:16:46-05:00, 2011:06:13 15:20:02-05:00, 2011:06:13 15:22:33-05:00, 2011:06:13 15:25:18-05:00, 2011:06:13 15:25:29-05:00, 2011:06:14 13:10:39-05:00, 2011:06:14 13:10:57-05:00, 2011:06:14 13:15:30-05:00, 2011:06:14 14:03:57-05:00, 2011:06:14 14:04:59-05:00, 2011:06:14 14:13:29-05:00, 2011:06:14 14:14:16-05:00, 2011:06:14 14:16:35-05:00, 2011:06:14 14:20:27-05:00, 2011:06:14 14:21:50-05:00, 2011:06:14 14:24:11-05:00, 2011:06:14 14:29:20-05:00, 2011:06:14 14:31:15-05:00, 2011:06:14 14:32:18-05:00, 2011:06:14 14:48:34-05:00, 2011:06:14 14:50:28-05:00, 2011:06:14 14:52:40-05:00, 2011:06:14 14:55:49-05:00, 2011:06:14 14:58:40-05:00, 2011:06:14 15:14:20-05:00, 2011:06:14 15:14:58-05:00, 2011:06:14 15:15:06-05:00, 2011:06:14 15:15:17-05:00, 2011:06:14 15:15:35-05:00, 2011:06:14 15:16:23-05:00, 2011:06:14 15:16:58-05:00, 2011:06:14 15:19:19-05:00, 2011:06:14 15:19:40-05:00, 2011:06:14 15:21:13-05:00, 2011:06:14 15:23:48-05:00, 2011:06:20 12:24:40-05:00, 2011:06:20 12:24:56-05:00, 2011:06:20 12:25:30-05:00, 2011:06:20 12:30:17-05:00, 2011:06:20 12:33:09-05:00, 2011:06:20 12:33:20-05:00, 2011:06:20 12:34:10-05:00, 2011:06:20 13:24:01-05:00, 2011:06:20 13:25:09-05:00, 2011:06:20 13:26:10-05:00, 2011:06:20 13:27:15-05:00, 2011:06:20 13:28:39-05:00, 2011:06:20 13:29:25-05:00, 2011:06:20 13:30:31-05:00, 2011:06:20 13:36:02-05:00, 2011:06:20 13:38:26-05:00, 2011:06:20 13:40:38-05:00, 2011:06:20 13:41:19-05:00, 2011:06:20 13:43:13-05:00, 2011:06:20 13:44:12-05:00, 2011:06:20 13:45:51-05:00, 2011:06:20 13:48:19-05:00, 2011:06:20 13:54:18-05:00, 2011:06:20 14:00:30-05:00, 2011:06:20 14:01:11-05:00, 2011:06:20 14:02:41-05:00, 2011:06:20 14:04:57-05:00, 2011:06:20 14:06:56-05:00, 2011:06:20 14:08:46-05:00, 2011:06:20 14:12:32-05:00, 2011:06:20 14:14:28-05:00, 2011:06:20 14:15:27-05:00, 2011:06:20 14:23:04-05:00, 2011:06:22 13:03:43-05:00, 2011:06:22 13:16:33-05:00, 2011:06:22 13:16:54-05:00, 2011:06:22 13:17:04-05:00, 2011:06:22 13:18:18-05:00, 2011:06:22 13:20:03-05:00, 2011:06:22 13:23:41-05:00, 2011:06:22 13:24:03-05:00, 2011:06:22 13:27:41-05:00, 2011:06:22 13:29:03-05:00, 2011:06:22 13:29:17-05:00, 2011:06:22 13:29:51-05:00, 2011:06:22 13:30:10-05:00, 2011:06:22 13:31:56-05:00, 2011:06:22 13:33:54-05:00, 2011:06:22 13:35:29-05:00, 2011:06:22 13:40:20-05:00, 2011:06:22 13:40:58-05:00, 2011:06:22 13:41:58-05:00, 2011:06:22 13:42:31-05:00, 2011:06:22 13:45:53-05:00, 2011:06:22 13:47:37-05:00, 2011:06:22 13:49:28-05:00, 2011:06:22 13:52-05:00, 2011:06:22 13:57:01-05:00, 2011:06:22 14:00:34-05:00, 2011:06:22 14:01:09-05:00, 2011:06:22 14:02:48-05:00, 2011:06:22 14:08:30-05:00, 2011:06:22 14:08:40-05:00, 2011:06:22 14:08:54-05:00, 2011:06:22 14:09:56-05:00, 2011:06:22 14:14:35-05:00, 2011:06:22 14:19:31-05:00, 2011:06:22 15:07:51-05:00, 2011:06:22 15:09:11-05:00, 2011:06:22 15:11:12-05:00, 2011:06:22 15:12:19-05:00, 2011:06:22 15:14:11-05:00, 2011:06:22 15:14:16-05:00, 2011:06:22 15:32:12-05:00, 2011:06:22 15:34:10-05:00, 2011:06:22 15:34:15-05:00, 2011:06:24 14:10:48-05:00, 2011:06:24 14:22:03-05:00, 2011:06:24 14:22:58-05:00, 2011:06:24 14:25:57-05:00, 2011:07:13 14:01:56-05:00, 2011:08:30 11:05:12-05:00, 2011:08:30 11:09:43-05:00, 2011:08:30 11:15:05-05:00, 2011:08:30 11:16:04-05:00, 2011:08:30 11:17:06-05:00, 2011:08:30 11:17:21-05:00, 2011:08:30 11:17:39-05:00, 2011:08:30 11:18:20-05:00, 2011:08:30 11:20:14-05:00, 2011:08:30 11:28:06-05:00, 2011:08:30 11:29:47-05:00, 2011:08:30 11:31:08-05:00, 2011:09:15 12:26:17-05:00, 2011:09:15 12:30:27-05:00, 2011:09:15 12:30:27-05:00, 2011:09:15 12:40:08-05:00, 2011:09:15 13:04:44-05:00, 2011:09:15 13:14:16-05:00, 2011:09:15 13:14:28-05:00, 2011:09:15 13:37:55-05:00, 2011:09:15 13:56:34-05:00, 2011:09:15 14:12:25-05:00, 2011:09:15 14:30:40-05:00, 2011:09:15 14:31:54-05:00, 2011:09:15 14:32:06-05:00, 2011:09:15 14:32:35-05:00, 2011:09:15 14:33:21-05:00, 2011:09:15 14:36:40-05:00, 2011:09:15 14:40:24-05:00, 2011:09:15 14:40:58-05:00, 2011:09:15 15:09:12-05:00, 2011:09:15 15:14:16-05:00, 2011:09:15 15:25:54-05:00, 2011:09:15 15:35:36-05:00, 2011:09:15 15:46:50-05:00, 2011:09:15 15:55-05:00, 2011:09:15 15:56:05-05:00, 2011:09:15 16:02:30-05:00, 2011:09:15 16:02:45-05:00, 2011:09:15 16:02:56-05:00, 2011:09:15 16:11:46-05:00, 2011:09:15 16:12:19-05:00, 2011:09:16 08:23:43-05:00, 2011:09:16 08:33:55-05:00, 2011:09:16 08:34:21-05:00, 2011:09:16 08:36:01-05:00, 2011:09:16 08:36:46-05:00, 2011:09:16 10:02-05:00, 2011:09:16 10:02:21-05:00, 2011:09:16 10:11:52-05:00, 2011:09:16 10:18:30-05:00, 2011:09:16 10:23:02-05:00, 2011:09:16 10:23:41-05:00, 2011:09:16 10:24:37-05:00, 2011:09:16 10:45:30-05:00, 2011:09:16 10:48:37-05:00, 2011:09:16 10:52:01-05:00, 2011:09:16 10:52:56-05:00, 2011:09:16 11:00:50-05:00, 2011:09:16 11:11:44-05:00, 2011:09:16 11:13:09-05:00, 2011:09:16 11:14:02-05:00, 2011:09:16 11:16:57-05:00, 2011:09:16 11:17:33-05:00, 2011:09:16 11:17:49-05:00, 2011:09:16 11:18:20-05:00, 2011:09:16 11:32:14-05:00, 2011:09:16 11:33:02-05:00, 2011:09:16 11:33:43-05:00, 2011:09:16 11:38:15-05:00, 2011:09:16 11:39:57-05:00, 2011:09:16 11:43:16-05:00, 2011:09:16 11:50:36-05:00, 2011:09:16 11:50:54-05:00, 2011:09:16 11:54:34-05:00, 2011:09:16 11:57:48-05:00, 2011:09:16 11:59:09-05:00, 2011:09:16 12:02:02-05:00, 2011:09:16 12:02:50-05:00, 2011:09:16 12:12:52-05:00, 2011:09:16 12:17:34-05:00, 2011:09:16 12:18:41-05:00, 2011:09:16 12:21:54-05:00, 2011:09:16 12:22:35-05:00, 2011:09:16 12:35:59-05:00, 2011:09:16 12:36:47-05:00, 2011:09:16 12:37:40-05:00, 2011:09:16 12:42:25-05:00, 2011:09:16 12:47-05:00, 2011:09:16 12:50:47-05:00, 2011:09:16 12:53:38-05:00, 2011:09:16 13:05:52-05:00, 2011:09:16 13:08:06-05:00, 2011:09:16 13:22:27-05:00, 2011:09:16 14:34:50-05:00, 2011:09:16 14:35:29-05:00, 2011:09:16 14:50:36-05:00, 2011:09:16 14:53:58-05:00, 2011:09:16 14:57:24-05:00, 2011:09:16 15:28:44-05:00, 2011:09:16 15:31:43-05:00, 2011:09:16 15:50:14-05:00, 2011:09:16 15:53:16-05:00, 2011:09:16 15:57:06-05:00, 2011:09:19 12:28:27-05:00, 2011:09:19 12:35:46-05:00, 2011:09:19 12:39:05-05:00, 2011:09:19 12:43:05-05:00, 2011:09:19 12:46:24-05:00, 2011:09:27 10:38:30-05:00, 2011:09:27 10:39:28-05:00, 2011:09:27 10:40:18-05:00, 2011:09:27 10:45:21-05:00, 2011:09:27 10:46:03-05:00, 2011:09:27 11:02:38-05:00, 2011:09:27 11:04:38-05:00, 2011:09:27 11:08:56-05:00, 2011:09:27 11:18:37-05:00, 2011:09:27 11:19:36-05:00, 2011:09:27 11:50:44-05:00, 2011:09:27 11:52:45-05:00, 2011:09:27 11:53:35-05:00, 2011:09:27 11:59:46-05:00, 2011:09:27 12:05:24-05:00, 2011:09:27 12:08:06-05:00, 2011:09:27 12:10:12-05:00, 2011:09:27 12:10:56-05:00, 2011:09:27 12:12:24-05:00, 2011:09:27 12:15:33-05:00, 2011:09:27 12:23:48-05:00, 2011:09:27 14:00:25-05:00, 2011:09:27 14:08:58-05:00, 2011:09:27 14:10:04-05:00, 2011:09:27 14:10:52-05:00, 2011:09:27 14:14:52-05:00, 2011:09:29 08:46:50-05:00, 2011:09:29 08:57:01-05:00, 2011:09:29 09:08:25-05:00, 2011:09:29 09:12:11-05:00, 2011:09:29 09:17:19-05:00, 2011:09:30 13:45:02-05:00, 2011:09:30 13:48:44-05:00, 2011:10:03 15:54:15-05:00, 2011:10:03 15:54:55-05:00, 2011:11:16 14:15:35-06:00, 2011:11:16 14:15:35-06:00, 2011:11:16 14:29:08-06:00, 2011:11:16 14:29:49-06:00, 2011:11:16 14:56:54-06:00, 2011:11:16 14:57:56-06:00, 2011:11:16 15:01:06-06:00, 2011:11:16 15:43:22-06:00, 2011:11:16 16:02:49-06:00, 2011:11:17 09:03:41-06:00, 2011:11:17 10:21:50-06:00, 2011:11:17 10:33:35-06:00, 2011:11:17 11:35:11-06:00, 2011:11:17 11:49:14-06:00, 2011:11:17 11:52:59-06:00, 2011:11:17 12:10:43-06:00, 2011:11:17 12:11:23-06:00, 2011:11:17 12:11:49-06:00, 2011:11:17 12:56:32-06:00, 2011:11:17 13:35:07-06:00, 2011:11:17 13:57:18-06:00, 2011:11:17 13:59:12-06:00, 2011:11:17 14:01:03-06:00, 2011:11:17 14:01:21-06:00, 2011:11:17 14:04:11-06:00, 2011:11:17 14:12:02-06:00, 2011:11:17 14:24:46-06:00, 2011:11:17 14:26:54-06:00, 2011:11:17 14:39:04-06:00, 2011:11:17 14:40:34-06:00, 2011:11:17 14:42:50-06:00, 2011:11:17 14:44:55-06:00, 2011:11:17 14:52:06-06:00, 2011:11:17 14:58:24-06:00, 2011:11:17 14:59:46-06:00, 2011:11:17 15:03:56-06:00, 2011:11:17 15:13:34-06:00, 2011:11:23 09:49:43-06:00, 2011:11:23 10:02:19-06:00, 2011:11:23 10:06:27-06:00, 2011:11:23 10:07:46-06:00, 2011:11:23 10:14:07-06:00, 2011:11:23 10:16:15-06:00, 2011:11:23 10:17:42-06:00, 2011:11:23 10:34:18-06:00, 2011:11:23 10:38:45-06:00, 2011:11:23 10:49:06-06:00, 2011:11:23 10:55:40-06:00, 2011:11:23 11:01:48-06:00, 2011:11:23 11:08:33-06:00, 2011:11:23 11:08:43-06:00, 2011:11:23 11:13:24-06:00, 2011:11:23 11:14:15-06:00, 2011:11:23 11:19:53-06:00, 2011:11:23 11:28:02-06:00",,,,,,,,uuid:416607ac-d86e-4a29-8d8f-80d6974fe4db,,,,,,,Yes,,,,,,,,,,,,,,,,,,,,,,2012:09:17 13:48:42-04:00,application/pdf,,2012:09:17 13:48:42-04:00,,,,,,,,xmp.did:2E4C2FB11B206811A961F265393A0F31,12,"(Binary data 15723 bytes, use -b option to extract), (Binary data 12634 bytes, use -b option to extract)","JPEG, JPEG","256, 256","1, 2","256, 256",,,,,,1.5,,,,,,,,,,,,,,Adobe PDF Library 9.9,,,,,,,,,,,,,,,proof:pdf,,,,,,,,,,,,,,,,,,,,,,,,,,,,,,,,,,,,,,,,,,,,False,,,,,,,,,,,,,,,,[Minor] Extracted only 1000 xmpMM:History items. Ignore minor errors to extract all,,,,"Adobe XMP Core 5.0-c060 61.134777, 2010/02/12-17:32:00        ",,,,,,,,,,,,
./downloaded_docs/2013-05-23%2520Senate%2520Judiciary%2520Hearing%2520Testimony%5B1%5D.pdf,,,,,,,,,,,,,,,,,,,,,,,,,,,,,,,,,,,,,,2013:05:22 12:50:20-04:00,,Microsoft® Word 2010,Microsoft® Word 2010,,,,,,,,,,,,,./downloaded_docs,,,,,uuid:d957482e-75c9-4064-9e79-217a893b0841,,,,,,13.59,2026:07:31 13:57:01-04:00,2026:07:29 12:28:26-04:00,2026:07:29 12:28:26-04:00,2013-05-23%2520Senate%2520Judiciary%2520Hearing%2520Testimony%5B1%5D.pdf,-rw-rw-rw-,4.2 MB,PDF,pdf,application/pdf,,,,,,,,,,,,,,,,,,,,,,,,,,uuid:4565eb8e-d286-4665-a296-7026015c08c6,,,en-US,,,,Yes,,,,,,,,,,,,,,,,,,,,,,2013:05:22 14:23:17-04:00,application/pdf,,2013:05:22 14:23:17-04:00,,,,,,,,,165,,,,,,,,,,,1.5,,,,,,,,,,,,,,Microsoft® Word 2010,,,,,,,,,,,,,,,,,,,,,,,,,,,,,,,,,,,,,,,,,,,,,,,Yes,,,,,,,,,,,,,,,,,,,,,,,,,,,,,,,,"Adobe XMP Core 5.2-c001 63.139439, 2010/09/27-13:37:26        ",,,,,,,,,,,,
./downloaded_docs/2018-Proceedings-Volume-2_ED_KB-1.pdf,,,,,,,,,,,,,yqa775,,,,,,,,,,,,,,,,,,,,,,,,,2018:09:20 13:10:20-05:00,,yqa775,Adobe InDesign CC 13.0 (Windows),,,xmp.did:372b1386-ec8d-4a4a-8ba9-9658da430f2c,xmp.iid:9d7004b1-6273-0244-92af-b2b5fbf44fc4,xmp.did:F77F1174072068118C14DB1D14375DEE,default,,,,,,,./downloaded_docs,,,,,xmp.id:4a851751-b888-0541-a0c4-ede0f45df2e1,,,,,,13.59,2026:07:31 13:57:01-04:00,2026:07:31 09:57:36-04:00,2026:07:31 09:57:36-04:00,2018-Proceedings-Volume-2_ED_KB-1.pdf,-rw-rw-rw-,14 MB,PDF,pdf,application/pdf,,,,,PDF/X-3:2002,PDF/X-3:2002,,,,,,,converted,/,,from application/x-indesign to application/pdf,Adobe InDesign CC 13.0 (Windows),2018:09:18 16:04:22-04:00,,,,,,,,uuid:c49af4ce-6bb2-410f-9f0d-7eacb343b79c,,,,,,,Yes,,,,,,,,,,,,,,,,,,,,,,2018:09:18 16:09:57-04:00,application/pdf,,2018:09:20 13:10:20-05:00,,,,,,,,xmp.did:F77F1174072068118C14DB1D14375DEE,403,,,,,,,,,,,1.5,,,,,,,,,,,,,,Acrobat Distiller 18.0 (Windows),,,,,,,,,,,,,,,proof:pdf,,,,,,,,,,,,,,,,,,,,,,,,,,,,,,,,,,,,,,,,2018 Proceedings Volume 2_ED_KB.indd,,,,False,,,,,,,,,,1,,,,,,,,,,"Adobe XMP Core 5.6-c015 84.159810, 2016/09/10-02:41:30        ",,,,,,,,,,,,
./downloaded_docs/2020-04-09.pdf,,,,,,,,,,,,,,,,,,,,,,,,,,,,,,,,,,,,,,,,,,,,,,,,,,,,,,./downloaded_docs,,,,,,,,,,,13.59,2026:07:31 13:57:01-04:00,2026:07:31 09:58:50-04:00,2026:07:31 09:58:50-04:00,2020-04-09.pdf,-rw-rw-rw-,475 kB,PDF,pdf,,,,,,,,,,,,,,,,,,,,,,,,,,,,,,en-US,,,,Yes,,,,,,,,,,,,,,,,,,,,,,,application/pdf,,,,,,,,,,,17,,,,,,,UseOutlines,,,,1.7,,,,,,,,,,,,,,,,,,,,,,,,,,,,,,,,,,,,,,,,,,,,,,,,,,,,,,,,,,,,,,,,,,,,,,,,,,,,,,,,,,,,,,,,,,,,,,,,,,,,,,,,,
./downloaded_docs/20220203171931202.pdf,,,,,,,,,,,,,,,,,,,,,,,,,,,,,,,,,,,,,,2022:02:03 17:19:31-05:00,,RICOH MP C3004ex,,,,,,,,,,,,,,./downloaded_docs,,,,,,,,,,,13.59,2026:07:31 13:57:01-04:00,2026:07:29 12:26:43-04:00,2026:07:29 12:26:43-04:00,20220203171931202.pdf,-rw-rw-rw-,125 kB,PDF,pdf,,,,,,,,,,,,,,,,,,,,,,,,,,,,,,,,,,No,,,,,,,,,,,,,,,,,,,,,,,application/pdf,,2022:02:03 17:19:31-05:00,,,,,,,,,2,,,,,,,,,,,1.4,,,,,,,,,,,,,,RICOH MP C3004ex,,,,,,,,,,,,,,,,,,,,,,,,,,,,,,,,,,,,,,,,,,,,,,,,,,,,,,,,,,,,,,,,,,,,,,,,,,,,,,,,,,,,,,,,,,,
./downloaded_docs/2022_November_EAS.pdf,,,,,,,,,,,,,Bernadette Taylor,,,,,,,,,,,,,,,,,,,,,,,,,2022:07:26 10:12:20-04:00,,Bernadette Taylor,Acrobat PDFMaker 11 for Word,,,,,,,,,,,,,./downloaded_docs,,,,,uuid:e168791c-207c-40d8-bc6c-6c3cb32874e8,,,,,,13.59,2026:08:07 08:47:23-04:00,2026:07:28 10:46:16-04:00,2026:08:07 08:47:22-04:00,2022_November_EAS.pdf,-rw-rw-rw-,2.9 MB,PDF,pdf,application/pdf,,,,,,,,,No,,,,,,,,,,,,,,,,,uuid:2169b103-2135-b64b-a210-1d6913753f0a,,,EN-US,,,,Yes,,,,,,,,,,,,,,,,,,,,,,2022:10:27 12:42:25-04:00,application/pdf,,2022:10:27 12:42:25-04:00,,,,,,,,,34,,,,,,OneColumn,,,,,1.7,,,,,,,,,,,,,,Adobe PDF Library 11.0,,,,,,,,,,,,,,,,,,,,,,,,,,,,,,,,2022:07:26 14:11:53,,,,,,,,,,,,,,,No,,,,,,,,,,,,,,,,,,,,,,,,,,,,,,,,"Adobe XMP Core 8.0-c001 79.328f76e, 2022/08/01-19:10:29        ",,,,,,,,,,,,
./downloaded_docs/2023_accepted_abstracts.pdf,,,,,,,,,,,,,Sonya Jones,,,,,,,,,,,,,,,,,,,,,,,,,2023:10:15 20:01:46-05:00,,Sonya Jones,Microsoft® Word for Microsoft 365,,,,,,,,,,,,,./downloaded_docs,,,,,uuid:69044531-0123-4B1D-8E42-FE8D601B251B,,,,,,13.59,2026:07:31 13:57:01-04:00,2026:07:29 12:27:26-04:00,2026:07:29 12:27:26-04:00,2023_accepted_abstracts.pdf,-rw-rw-rw-,1073 kB,PDF,pdf,,,,,,,,,,,,,,,,,,,,,,,,,,,uuid:69044531-0123-4B1D-8E42-FE8D601B251B,,,en,,,,No,,,,,,,,,,,,,,,,,,,,,,,application/pdf,,2023:10:15 20:01:46-05:00,,,,,,,,,158,,,,,,,,,,,1.7,,,,,,,,,,,,,,Microsoft® Word for Microsoft 365,,,,,,,,,,,,,,,,,,,,,,,,,,,,,,,,,,,,,,,,,,,,,,,Yes,,,,,,,,,,,,,,,,,,,,,,,,,,,,,,,,3.1-701,,,,,,,,,,,,
./downloaded_docs/2024-2025FinalDistrictwideSchoolSafetyPlanwithMOU12-2-24.pdf,,,,,,,,,,,,,mdelmonte,,,,,,,,,,,,,,,,,,,,,,,,,2024:12:02 11:01:51-05:00,,mdelmonte,Adobe Acrobat Pro 2017 17.12.30262,,,,,,,,,,,,,./downloaded_docs,,,,,uuid:de70e0d3-01f1-495c-ba94-aa4e73f24654,,,,,,13.59,2026:07:31 13:57:01-04:00,2026:07:30 11:28:37-04:00,2026:07:30 11:28:37-04:00,2024-2025FinalDistrictwideSchoolSafetyPlanwithMOU12-2-24.pdf,-rw-rw-rw-,2.8 MB,PDF,pdf,application/pdf,,,,,,,,,,,,,,,,,,,,,,,,,,uuid:bc145b50-ba1d-45d6-94e1-257a62c602df,,,,,,,No,,,,,,,,,,,,,,,,,,,,"0.0, 0.0, 612.0, 792.0",,2024:12:02 11:01:51-05:00,application/pdf,,2024:12:02 11:01:51-05:00,,,,,,,,,45,,,,,,,,,,,1.7,,,,,,,,,,,,,,Adobe Acrobat Pro 2017 17.12.30262,,,,,,,,,,,,,,,,,,,,,,,,,,,,,,,,,,,,,,,,,,,,,,,,,,,,,,,,,,,,,,,,,,,,,,,,,,,,,,,"Adobe XMP Core 5.6-c017 91.164464, 2020/06/15-10:20:05        ",,,,,,,,,,,,
./downloaded_docs/2024-ssoa-annual-safety-security-report.pdf,,,,,,,,,,,,,Prepared by Transportation Resource Associates,,,,,,,,,,,,,,,,,,,,,,,,,2025:06:25 13:39:20-04:00,,Prepared by Transportation Resource Associates,Microsoft® Word for Microsoft 365,,,,,,,,,,,,,./downloaded_docs,,,,,uuid:4A05C0D2-F5AF-4939-B75C-128AE639D93D,,,,,,13.59,2026:08:07 08:47:27-04:00,2026:07:28 10:46:20-04:00,2026:08:07 08:47:26-04:00,2024-ssoa-annual-safety-security-report.pdf,-rw-rw-rw-,1666 kB,PDF,pdf,,,,,,,,,,,,,,,,,,,,,,,,,,,uuid:4A05C0D2-F5AF-4939-B75C-128AE639D93D,,,en,,,,No,,,,,,,,,,,,,,,,,,,,,,,application/pdf,,2025:06:25 13:39:20-04:00,,,,,,,,,28,,,,,,,,,,,1.7,,,,,,,,,,,,,,Microsoft® Word for Microsoft 365,,,,,,,,,,,,,,,,,,,,,,,,,,,,,,,,,,,,,,,,,,,,,,,Yes,,,,,,,,,,,,,,,,,,,,,,,,,,,,,,,,3.1-701,,,,,,,,,,,,
./downloaded_docs/2024_healthy_holiday_cookbook.pdf,,,,,,,,,,"(Binary data 31078 bytes, use -b option to extract)","(Binary data 31078 bytes, use -b option to extract)","(Binary data 31078 bytes, use -b option to extract)",Eric Croft,,,"(Binary data 1648 bytes, use -b option to extract)","(Binary data 1648 bytes, use -b option to extract)","(Binary data 1648 bytes, use -b option to extract)",,,,"Not Embedded, Independent",,,,,,,"RGB ",,,,,,0.9642 1 0.82491,,,2024:11:21 18:41:43Z,,Eric Croft,Canva,,,,,,,,"Reflective, Glossy, Positive, Color",,,,,./downloaded_docs,,,,,uuid:e6786eb0-221d-430c-b81a-99ec4ea56772,,,,,,13.59,2026:08:07 08:46:46-04:00,2026:07:28 10:46:51-04:00,2026:08:07 08:46:45-04:00,2024_healthy_holiday_cookbook.pdf,-rw-rw-rw-,2.5 MB,PDF,pdf,application/pdf,"(Binary data 10018 bytes, use -b option to extract)",,,,,,,,,,,,,,,,,,,,,,,,,uuid:21a60cb5-e2b2-46dc-ba64-52b076b311b5,,"DAGU9w63IDo, BACRG7Daimw",en,,,,Yes,,,,,,,,,,,,,,,,,,,,,0.9642 1 0.82491,2024:11:21 13:42:25-05:00,application/pdf,,2024:11:21 13:42:25-05:00,,,,,,,,,11,,,,,,,,,,,1.4,,Unknown (),,,,,,,,,,,,Canva,Output Device Profile,,"XYZ ",Google Inc. 2016 - Modified by ACE,,2016:01:01 00:00:00,Modified Google/Skia/7C5FA2151397474A0486BBCC83733D59,acsp,0,2.4.0,,,,Media-Relative Colorimetric,,,,,,,,,,,,,,,,,,,,,,,,,,,,,,,,,Yes,,,,,,,,2024 Healthy Holiday Cookbook,,,,,,,,,,,,,,,,,,,,,,,,"Adobe XMP Core 5.6-c018 91.98c2f96, 2021/06/15-20:39:32        ",,,,,,,,,,,,
./downloaded_docs/2025-ssoa-annual-report.pdf,,,,,,,,,,,,,Prepared by Transportation Resource Associates,,,,,,,,,,,,,,,,,,,,,,,,,2026:06:30 15:26:06-04:00,,Prepared by Transportation Resource Associates,Microsoft® Word for Microsoft 365,,,,,,,,,,,,,./downloaded_docs,,,,,uuid:85112121-63A7-4BF1-8C36-6751BE0AA52E,,,,,,13.59,2026:08:07 08:48:02-04:00,2026:07:28 10:44:28-04:00,2026:08:07 08:48:01-04:00,2025-ssoa-annual-report.pdf,-rw-rw-rw-,1514 kB,PDF,pdf,,,,,,,,,,,,,,,,,,,,,,,,,,,uuid:85112121-63A7-4BF1-8C36-6751BE0AA52E,,,en,,,,No,,,,,,,,,,,,,,,,,,,,,,,application/pdf,,2026:06:30 15:26:06-04:00,,,,,,,,,30,,,,,,,,,,,1.7,,,,,,,,,,,,,,Microsoft® Word for Microsoft 365,,,,,,,,,,,,,,,,,,,,,,,,,,,,,,,,,,,,,,,,,,,,,,,Yes,,,,,,,,,,,,,,,,,,,,,,,,,,,,,,,,3.1-701,,,,,,,,,,,,
./downloaded_docs/20250708-150011-884-CHL.071025.pdf,,,,,,,,,,,,,Nick,,,,,,,,,,,,,,,,,,,,,,,,,2025:07:08 13:12:51-04:00,,Nick,QuarkXPress(R) 20.02,,,,,,,,,,,,,./downloaded_docs,,,,,uuid:bd3487e8-18d0-e547-b792-fcb8e8894e7e,,,,,,13.59,2026:08:07 08:46:01-04:00,2026:08:07 08:45:59-04:00,2026:08:07 08:45:59-04:00,20250708-150011-884-CHL.071025.pdf,-rw-rw-rw-,7.3 MB,PDF,pdf,application/pdf,,,,,,,,,No,,,,,,,,,,,,,,,,,uuid:fc4ef263-9b34-eb43-97ef-072bb85e67d0,,,,,,,No,,,,,,,,,,,,,,,,,,,,,,2025:07:08 13:17:11-04:00,application/pdf,,2025:07:08 13:17:11-04:00,,,,,,,,,24,,,,,,SinglePage,,,,,1.6,,,,,,,,,,,,,,QuarkXPress(R) 20.02,,,,,,,,,,,,,,,,,,,,,,,,,,,,,,,,,,,,,,,,,,,,,,,Yes,,,,,,,,,,,,,,,,,,,,,,,,,,,,,,,,"Adobe XMP Core 9.1-c001 79.675d0f7, 2023/06/11-19:21:16        ",,,,,,,,,,,,
./downloaded_docs/2025COMMENCEMENTPROGRAM.pdf,,,,,,,,,,,,,,,,,,,,,,,,,,,,,,,,,,,,,,2025:06:13 10:52:57-04:00,,Adobe Acrobat (64-bit) 25.1.20474,Adobe Acrobat (64-bit) 25.1.20474,,,,,,,,,,,,,./downloaded_docs,,,,,uuid:1c655a2b-c7c7-480c-8180-5c450aab98b3,,,,,,13.59,2026:07:31 13:57:01-04:00,2026:07:30 11:27:33-04:00,2026:07:30 11:27:33-04:00,2025COMMENCEMENTPROGRAM.pdf,-rw-rw-rw-,3.1 MB,PDF,pdf,application/pdf,,,,,,,,,No,,,,,,,,,,,,,,,,,uuid:d1b30c64-77dc-48d8-8129-323936222f08,,,,,,,Yes,,,,,,,,,,,,,,,,,,,,,,2025:06:27 09:52:21-04:00,application/pdf,,2025:06:27 09:52:21-04:00,,,,,,,,,17,,,,,,,,,,,1.6,,,,,,,,,,,,,,Adobe Acrobat (64-bit) 25.1.20474,,,,,,,,,,,,,,,,,,,,,,,,,,,,,,,,,,,,,,,,,,,,,,,Yes,,,,,,,,,,,,,,,,,,,,,,,,,,,,,,,,"Adobe XMP Core 9.1-c001 79.675d0f7, 2023/06/11-19:21:16        ",,,,,,,,,,,,
./downloaded_docs/22_23_EM_CALENDAR_1.18.23.pdf,,,,,,,,,,,,,,,,,,,,,,,,,,,,,,,,,,,,,,2023:01:18 15:40:06-05:00,,Adobe InDesign 15.0 (Macintosh),Adobe InDesign 15.0 (Macintosh),,,xmp.did:01217bc0-6dae-4fd7-8782-c78bb32fe883,xmp.iid:662978bd-c73d-4cc4-8105-fb0e9736aa87,xmp.did:087246E919206811808396C0270342CF,default,,,,,,,./downloaded_docs,,,,,xmp.id:ae7d9cbe-d1d4-4b26-b4a3-b2497a01eeba,,,,,,13.59,2026:07:31 13:57:01-04:00,2026:07:29 12:26:54-04:00,2026:07:29 12:26:54-04:00,22_23_EM_CALENDAR_1.18.23.pdf,-rw-rw-rw-,2.3 MB,PDF,pdf,application/pdf,,,,,,,,,,,,,converted,/,,from application/x-indesign to application/pdf,Adobe InDesign 15.0 (Macintosh),2023:01:18 15:40:06-05:00,,,,,,,,uuid:55d0af71-e165-ca47-be93-ffe4afe5d5c9,,,en-US,,,,Yes,,,,,,,,,,,,,,,,,,,,,,2023:01:18 15:40:25-05:00,application/pdf,,2023:01:18 15:40:25-05:00,,,,,,,,xmp.did:087246E919206811808396C0270342CF,44,,,,,,,,,,,1.5,,,,,,,,,,,,,,Adobe PDF Library 15.0,,,,,,,,,,,,,,,proof:pdf,,,,,,,,,,,,,,,,,,,,,,,,,,,,,,,,,,,,,,,,,,,,False,,,,,,,,,,,,,,,,,,,,"Adobe XMP Core 5.6-c148 79.164036, 2019/08/13-01:06:57        ",,,,,,,,,,,,
./downloaded_docs/23-06-AgendaBook.pdf,,,,,,,,,,,,,"Hall, Sierra",,,,,,,,,,,,,,,,,,,,,,,,,2023:06:21 16:58:54-04:00,,"Hall, Sierra",Adobe Acrobat Pro 2017 17.12.30262,,,,,,,,,,,,,./downloaded_docs,,,,,uuid:37653649-55ec-41dd-ad92-da564bd89e3a,,,,,,13.59,2026:08:07 08:48:01-04:00,2026:08:07 08:47:55-04:00,2026:08:07 08:47:55-04:00,23-06-AgendaBook.pdf,-rw-rw-rw-,4.9 MB,PDF,pdf,application/pdf,,,,,,,,,No,,,,,,,,,,,,,,,,,uuid:8779e824-e8f9-487f-9bfe-1daf83abc61a,,,,,,,Yes,,,,,,,,,,,,,,,,,,,,,,2023:07:03 07:49:29-04:00,application/pdf,,2023:07:03 07:49:29-04:00,,,,,,,,,200,,,,,,,,,,,1.6,,,,,,,,,,,,,,Adobe Acrobat Pro 2017 17.12.30262,,,,,,,,,,,,,,,,,,,,,,,,,,,,,,,,,,,,,,,,,,,,,,,No,,,,,,,,,,,,,,,,,,,,,,,,,,,,,,,,"Adobe XMP Core 9.1-c001 79.2a0d8d9, 2023/03/14-11:19:46        ",,,,,,,,,,,,
./downloaded_docs/2425POBCalendarNew-updated21.pdf,,,,,,,,,,,,,,,,,,,,,,,,,,,,,,,,,,,,,,2024:08:16 08:00:09-04:00,,Adobe InDesign 19.0 (Windows),Adobe InDesign 19.0 (Windows),,,xmp.did:cdf9c2fa-df9c-4137-947d-cc26755b378d,xmp.iid:75a1a624-5d70-be48-8d09-c218f5bc11e4,xmp.did:04E982B70A2068118083F1C9873A2CA6,default,,,,,,,./downloaded_docs,,,,,xmp.id:afcc23cd-b1d0-9a40-b568-e83427ffdd21,,,,,,13.59,2026:07:31 13:57:01-04:00,2026:07:29 12:26:51-04:00,2026:07:29 12:26:51-04:00,2425POBCalendarNew-updated21.pdf,-rw-rw-rw-,11 MB,PDF,pdf,application/pdf,,,,,PDF/X-1a:2001,PDF/X-1:2001,,,,,,,converted,/,,from application/x-indesign to application/pdf,Adobe InDesign 19.0 (Windows),2024:08:16 08:00:09-04:00,,,,,,,,uuid:bd6bf962-7ece-4f1e-b017-643c598304e8,,,en-US,,,,No,,,,,,,,,,,,,,,,,,,,,,2024:08:16 08:00:21-04:00,application/pdf,,2024:08:16 08:00:21-04:00,,,,,,,,xmp.did:04E982B70A2068118083F1C9873A2CA6,40,,,,,,,,,,,1.3,,,,,,,,,,,,,,Adobe PDF Library 17.0,,,,,,,,,,,,,,,proof:pdf,,,,,,,,,,,,,,,,,,,,,,,,,,,,,,,,,,,,,,,,2425 POB Calendar - NEW.indd,,,,False,,,,,,,,,,1,,,,,,,,,,"Adobe XMP Core 9.1-c001 79.2dac7a4, 2023/08/07-09:49:52        ",,,,,,,,,,,,
./downloaded_docs/2526_POB_Calendar.pdf,,,,,,,,,,,,,,,,,,,,,,,,,,,,,,,,,,,,,,2025:10:01 16:25:41-04:00,,Adobe InDesign 19.5 (Macintosh),Adobe InDesign 19.5 (Macintosh),,,xmp.did:b1cdd63d-d271-4bfd-91ce-c6e4cb72f69f,xmp.iid:03a1c54e-c1c6-4e7f-a769-d6d9d56d01cb,xmp.did:04E982B70A2068118083F1C9873A2CA6,default,,,,,,,./downloaded_docs,,,,,xmp.id:87a0df59-d990-42e9-b155-47b4d00a7e14,,,,,,13.59,2026:07:31 13:57:01-04:00,2026:07:29 12:26:42-04:00,2026:07:29 12:26:42-04:00,2526_POB_Calendar.pdf,-rw-rw-rw-,1031 kB,PDF,pdf,application/pdf,,,,,,,,,,,,,converted,/,,from application/x-indesign to application/pdf,Adobe InDesign 19.5 (Macintosh),2025:10:01 16:25:41-04:00,,,,,,,,uuid:76bdfb19-c0ae-514f-99b0-0ac0515e688a,,,en-US,,,,Yes,,,,,,,,,,,,,,,,,,,,,,2025:10:01 16:25:43-04:00,application/pdf,,2025:10:01 16:25:43-04:00,,,,,,,,xmp.did:04E982B70A2068118083F1C9873A2CA6,40,,,,,,,,,,,1.7,,,,,,,,,,,,,,Adobe PDF Library 17.0,,,,,,,,,,,,,,,proof:pdf,,,,,,,,,,,,,,,,,,,,,,,,,,,,,,,,,,,,,,,,,,,,False,,,,,,,,,,,,,,,,,,,,"Adobe XMP Core 9.1-c002 79.a6a6396, 2024/03/12-07:48:23        ",,,,,,,,,,,,
./downloaded_docs/2807.pdf,,,,,,,,,,,,,,,,,,,,,,,,,,,,,,,,,,B,,,,2011:10:13 15:39+08:00,,,Adobe Acrobat 9.0,,,,,,,,,,,,,./downloaded_docs,,,,,uuid:d9a7693a-90dd-447e-8e73-e19968c9d099,,,,,,13.59,2026:07:31 13:57:01-04:00,2026:07:30 11:30:06-04:00,2026:07:30 11:30:06-04:00,2807.pdf,-rw-rw-rw-,30 MB,PDF,pdf,application/pdf,,,,,,,,,No,,,,,,,,,,,,,,,,,uuid:29489308-cee0-4724-94a6-6d5bb3749043,,,en,,,,No,,,,,,,,,,,,,,,,,,,,,,2011:10:26 01:03:10+08:00,application/pdf,,2011:10:26 01:03:10+08:00,,,,,,,,,481,,,,,,SinglePage,UseThumbs,,,1,1.4,,,,,,,,,,,,,,Adobe Acrobat 9.0 Paper Capture Plug-in,,,,,,,,,,,,,,,,,,,,,,,,,,,,,,,,,,,,,,,,,,,,,,,,,,,,,,,,,,,,,,,,,,,,,,,,,,,,,,,"Adobe XMP Core 4.2.1-c043 52.372728, 2009/01/18-15:08:04        ",,,,,,,,,,,,
./downloaded_docs/310858700--Page-1-October-2015-Surrey-Services-surreyservices-.pdf,uuid:dad3b242-cc1d-11f6-0000-7848f298f15b,,,,,,,,,,,,,,,,,,,,,,,,,,,,,,,,,,,,,2021:04:02 22:18:09Z,,PDFfiller,PDFfiller,,,,,,,,,,,,,./downloaded_docs,,,,,uuid:dad3b242-cc1d-11f6-0000-7848f298f15b,,,,,,13.59,2026:07:31 13:57:01-04:00,2026:07:30 11:28:43-04:00,2026:07:30 11:28:43-04:00,310858700--Page-1-October-2015-Surrey-Services-surreyservices-.pdf,-rw-rw-rw-,1322 kB,PDF,pdf,application/pdf,,,,,,,,,,,,,,,,,,,,,,,,,,,,,,,,,No,,,,,,,,,,,,,,,,,,,,,,,application/pdf,,2021:04:02 22:18:09Z,,,,,,,,,8,,,,,,,,,,,1.7,,,,,,,,,,,,,,PDFfiller pdf2flat v1.2_20200403,,,,,,,,,,,,,,,,,,,,,,,,,,,,,,,,,,,,,,,,,,,,,,,,,,,,,,,Untitled,,,,,,,,,,,,,,,,,,,,,,,,"XMP toolkit 2.9.1-13, framework 1.6",,,,,,,,,,,,
./downloaded_docs/329-12a.pdf,,,,,,,,,,,,,"Hammond, Duane R. (CDC/NIOSH/DART)",,,,,,,,,,,,,,,,,,CDC,,,,,,,2012:06:08 10:39:03-04:00,,"Hammond, Duane R. (CDC/NIOSH/DART)",Acrobat PDFMaker 10.1 for Word,,,,,,,,,,,,,./downloaded_docs,,,,,uuid:eaa1f91b-6104-437b-bf52-a4568b779521,,,,,,13.59,2026:07:31 13:57:01-04:00,2026:07:29 12:27:35-04:00,2026:07:29 12:27:35-04:00,329-12a.pdf,-rw-rw-rw-,2.5 MB,PDF,pdf,application/pdf,,,,,,,,,No,,,,,,,,,,,,,,,,,uuid:25351c2f-9d05-4750-851c-6cebbcaa564c,,,en,,,,Yes,,,,,,,,,,,,,,,,,,,,,,2012:06:19 06:37:42-04:00,application/pdf,,2012:06:19 06:37:42-04:00,,,,,,,,,111,,,,,,OneColumn,,,,,1.6,,,,,,,,,,,,,,Adobe PDF Library 10.0,,,,,,,,,,,,,,,,,,,,,,,,,,,,,,,,2012:06:08 14:36:41,,11,,,,,,,,,,,,,Yes,,,,,,,,EPHB Report No. 279-26a,,,,,,,,,,,,,,,,,,,,,,,,"Adobe XMP Core 5.2-c001 63.139439, 2010/09/27-13:37:26        ",,,,,,,,,,,,
./downloaded_docs/4-18-13.pdf,,,,,,,,,,,,,"Mcguigan, Elaine",,,,,,,,,,,,,,,,,,Wantagh UFSD,,,,,,,2013:05:09 08:48:00-04:00,,"Mcguigan, Elaine",Acrobat PDFMaker 10.0 for Word,,,,,,,,,,,,,./downloaded_docs,,,,,uuid:ccc6a93b-3634-403a-ad5d-af8cf7821b06,,,,,,13.59,2026:07:31 13:57:01-04:00,2026:07:29 12:26:41-04:00,2026:07:29 12:26:41-04:00,4-18-13.pdf,-rw-rw-rw-,53 kB,PDF,pdf,application/pdf,,,,,,,,,,,,,,,,,,,,,,,,,,uuid:f56b6881-7b11-4ecc-9f23-e055175ac45c,,,,,,,Yes,,,,,,,,,,,,,,,,,,,,,,2013:05:09 08:48:04-04:00,application/pdf,,2013:05:09 08:48:04-04:00,,,,,,,,,11,,,,,,OneColumn,,,,,1.5,,,,,,,,,,,,,,Adobe PDF Library 10.0,,,,,,,,,,,,,,,,,,,,,,,,,,,,,,,,2013:05:08 14:27:11,,14,,,,,,,,,,,,,Yes,,,,,,,,,,,,,,,,,,,,,,,,,,,,,,,,"Adobe XMP Core 5.2-c001 63.139439, 2010/09/27-13:37:26        ",,,,,,,,,,,,
./downloaded_docs/45th%20anniversary%20report-FINAL%2012-4.pdf,,,,,,,,,,,,,Danielle,,,,,,,,,,,,,,,,,,,,,,,,,2024:12:04 18:03:56+00:00,,Canva,,,,,,,,,,,,,,./downloaded_docs,,,,,,,,,,,13.59,2026:07:31 13:57:01-04:00,2026:07:29 12:26:34-04:00,2026:07:29 12:26:34-04:00,45th%20anniversary%20report-FINAL%2012-4.pdf,-rw-rw-rw-,30 MB,PDF,pdf,,,,,,,,,,,,,,,,,,,,,,,,,,,,,"DAF7-RRn2Ms, BAFvwLtGr1o",en,,,,No,,,,,,,,,,,,,,,,,,,,,,,application/pdf,,2024:12:04 18:03:43+00:00,,,,,,,,,32,,,,,,,,,,,1.4,,,,,,,,,,,,,,Canva,,,,,,,,,,,,,,,,,,,,,,,,,,,,,,,,,,,,,,,,,,,,,,,Yes,,,,,,,,45th anniversary report,,,,,,,,,,,,,,,,,,,,,,,,,,,,,,,,,,,,
./downloaded_docs/47e73a_b4da985ce22d4169a24c68db9509a6f6.pdf,,,,,,,,,,,,,,,,,,,,,,,,,,,,,,,,,,,,,,2024:03:06 03:05:30Z,,Word,,,,,,,,,,,,,,./downloaded_docs,,,,,,,,,,,13.59,2026:07:31 13:57:01-04:00,2026:07:29 12:26:58-04:00,2026:07:29 12:26:58-04:00,47e73a_b4da985ce22d4169a24c68db9509a6f6.pdf,-rw-rw-rw-,1237 kB,PDF,pdf,,,,,,,,,,,,,,,,,,,,,,,,,,,,,,,,,,No,,,,,,,,,,,,,,,,,,,,"0, 0, 612, 792",,,application/pdf,,2024:03:06 03:05:30Z,,,,,,,,,102,,,,,,,,,,,1.4,,,,,,,,,,,,,,Mac OS X 10.13.6 Quartz PDFContext,,,,,,,,,,,,,,,,,,,,,,,,,,,,,,,,,,,,,,,,,,,,,,,,,,,,,,,Microsoft Word - dermonics snippet 2.docx,,,,,,,,,,,,,,,,,,,,,,,,,,,,,,,,,,,,
./downloaded_docs/548c5e11-4499-11eb-920e-0050569183fa-ca2b9c28-b9cf-4f17-b573-dd2752d4679e-1632244663.pdf,,,,,,,,,,,,,,0.14307 0.06061 0.7141,"(Binary data 2060 bytes, use -b option to extract)",,,,,,,"Not Embedded, Independent",,,,,,,"RGB ",,,,,,0.9642 1 0.82491,,,2021:09:21 17:17:50+00:00,,,,,,,,,,,"Reflective, Glossy, Positive, Color",Hewlett-Packard,IEC http://www.iec.ch,sRGB,IEC 61966-2.1 Default RGB colour space - sRGB,./downloaded_docs,,,,,,,,,,,13.59,2026:07:31 13:57:01-04:00,2026:07:29 12:27:25-04:00,2026:07:29 12:27:25-04:00,548c5e11-4499-11eb-920e-0050569183fa-ca2b9c28-b9cf-4f17-b573-dd2752d4679e-1632244663.pdf,-rw-rw-rw-,13 MB,PDF,pdf,,,,0.38515 0.71687 0.09708,"(Binary data 2060 bytes, use -b option to extract)",,,,,,,,,,,,,,,,,,,,,,,,,,,,,No,,,76.03647 80 87.12462,,,,,,,,,,,0 0 0,0.999%,Unknown,D65,CIE 1931,0 0 0,,0.95045 1 1.08905,,application/pdf,,2021:09:21 17:17:50+00:00,,,,,,,,,69,,,,,,,,,,,1.7,,Microsoft Corporation,,,,,,,,,,,,Ruby CombinePDF 1.0.21 Library,Display Device Profile,Linotronic,"XYZ ",Copyright (c) 1998 Hewlett-Packard Company,Hewlett-Packard,1998:02:09 06:49:00,sRGB IEC61966-2.1,acsp,0,2.1.0,,0.43607 0.22249 0.01392,"(Binary data 2060 bytes, use -b option to extract)",Perceptual,,,,,,,,,,,,,,,,,,,,,,,,,,,,,,,,,,Cathode Ray Tube Display,,,,,,,,,,,,,,,,,,,,,,Reference Viewing Condition in IEC61966-2.1,19.6445 20.3718 16.8089,D50,3.92889 4.07439 3.36179,,,,,,,,,,,,,,,,,,
./downloaded_docs/55cd8777d780d.pdf.pdf,,,,,,,,,,,,,,,,,,,,,,,,,,,,,,,,,,,,,,2015:08:13 17:33:23-05:00,,Adobe Acrobat 11.0.12,Adobe Acrobat 11.0.12,,,,,,,,,,,,,./downloaded_docs,,,,,uuid:cc274204-19a1-400b-b8ac-e35a934e2831,,,,,,13.59,2026:07:31 13:57:01-04:00,2026:07:30 11:28:35-04:00,2026:07:30 11:28:35-04:00,55cd8777d780d.pdf.pdf,-rw-rw-rw-,653 kB,PDF,pdf,application/pdf,,,,,,,,,,,,,,,,,,,,,,,,,,uuid:6a7e4ef6-e706-435b-ba55-4333907bf7fb,,,,,,,Yes,,,,,,,,,,,,,,,,,,,,,,2015:08:13 17:43:30-05:00,application/pdf,,2015:08:13 17:43:30-05:00,,,,,,,,,10,,,,,,,,,,,1.6,,,,,,,,,,,,,,Adobe Acrobat 11.0.12 Image Conversion Plug-in,,,,,,,,,,,,,,,,,,,,,,,,,,,,,,,,,,,,,,,,,,,,,,,,,,,,,,,,,,,,,,,,,,,,,,,,,,,,,,,"Adobe XMP Core 5.4-c005 78.147326, 2012/08/23-13:03:03        ",,,,,,,,,,,,
./downloaded_docs/5d3b6d521eb28-5d3b6d521eb2aSEPTA-TAP-Report-FINAL-072619.pdf.pdf,,,,,,,,,,,,,,,,,,,,,,,,,,,,,,,,,,,,,,2019:07:26 09:43:47-05:00,,Adobe InDesign 14.0 (Macintosh),Adobe InDesign 14.0 (Macintosh),,,xmp.did:884608cb-d31b-4c23-bc89-3b229b4c446a,xmp.iid:0debbc22-ee87-487f-919e-5eb80ed97202,xmp.did:A09DE1EAB812E111BD2CF34777197B17,default,,,,,,,./downloaded_docs,,,,,xmp.id:02023741-a599-46c1-8d82-a2546972a4f2,,,,,,13.59,2026:07:31 13:57:01-04:00,2026:07:30 11:28:30-04:00,2026:07:30 11:28:30-04:00,5d3b6d521eb28-5d3b6d521eb2aSEPTA-TAP-Report-FINAL-072619.pdf.pdf,-rw-rw-rw-,6.5 MB,PDF,pdf,application/pdf,,,,,,,,,,,,,converted,/,,from application/x-indesign to application/pdf,Adobe InDesign CC 14.0 (Macintosh),2019:07:26 09:43:47-05:00,,,,,,,,uuid:ecb85010-9db5-784e-a20e-47b36b8e80b3,,,en-US,,,,Yes,,,,,,,,,,,,,,,,,,,,,,2019:07:26 09:43:59-05:00,application/pdf,,2019:07:26 09:43:59-05:00,,,,,,,,xmp.did:A09DE1EAB812E111BD2CF34777197B17,16,,,,,,,,,,,1.4,,,,,,,,,,,,,,Adobe PDF Library 15.0,,,,,,,,,,,,,,,proof:pdf,,,,,,,,,,,,,,,,,,,,,,,,,,,,,,,,Yes,,,,,,,,,,,,False,,,,,,,,,,,,,,,,,,,,"Adobe XMP Core 5.6-c148 79.163765, 2019/01/24-18:11:46        ",,,,,,,,,,,,
./downloaded_docs/613760960183d8152cc69b6a528241fb.pdf,,,,,,,,,,,,,,,,,,,,,,,,,,,,,,,,,,,,,,2018:11:28 16:31:27-06:00,,pdftk 2.02 - www.pdftk.com,,,,,,,,,,,,,,./downloaded_docs,,,,,,,,,,,13.59,2026:07:31 13:57:01-04:00,2026:07:30 11:28:42-04:00,2026:07:30 11:28:42-04:00,613760960183d8152cc69b6a528241fb.pdf,-rw-rw-rw-,52 MB,PDF,pdf,,,,,,,,,,,,,,,,,,,,,,,,,,,,,,,,,,No,,,,,,,,,,,,,,,,,,,,,,,application/pdf,,2018:11:28 16:31:27-06:00,,,,,,,,,184,,,,,,,,,,,1.6,,,,,,,,,,,,,,itext-paulo-155 (itextpdf.sf.net-lowagie.com),,,,,,,,,,,,,,,,,,,,,,,,,,,,,,,,,,,,,,,,,,,,,,,,,,,,,,,,,,,,,,,,,,,,,,,,,,,,,,,,,,,,,,,,,,,
./downloaded_docs/648254556c4dd2e47f716e96_SEPTA%20Case%20Study%202%20Pager.pdf,,,,,,,,,,,,,Casey O'Brien,,,,,,,,,,,,,,,,,,,,,,,,,2023:06:08 22:19:46+00:00,,Canva,,,,,,,,,,,,,,./downloaded_docs,,,,,,,,,,,13.59,2026:07:31 13:57:01-04:00,2026:07:31 09:57:18-04:00,2026:07:31 09:57:18-04:00,648254556c4dd2e47f716e96_SEPTA%20Case%20Study%202%20Pager.pdf,-rw-rw-rw-,1463 kB,PDF,pdf,,,,,,,,,,,,,,,,,,,,,,,,,,,,,"DAFjNVcYA-I, BAEokL5ynZE",en,,,,No,,,,,,,,,,,,,,,,,,,,,,,application/pdf,,2023:06:08 22:19:45+00:00,,,,,,,,,2,,,,,,,,,,,1.4,,,,,,,,,,,,,,Canva,,,,,,,,,,,,,,,,,,,,,,,,,,,,,,,,,,,,,,,,,,,,,,,Yes,,,,,,,,"SEPTA Case Study ",,,,,,,,,,,,,,,,,,,,,,,,,,,,,,,,,,,,
./downloaded_docs/7%20Washington%202025%20TTT%20Solution%20Document_UW.pdf,,,,,,,,,,,,,sruangsaeng Chaikasetsin,,,,,,,,,,,,,,,,,,,,,,,,,2025:06:01 00:40:14Z,,Word,,,,,,,,,,,,,,./downloaded_docs,,,,,,,,,,,13.59,2026:07:31 13:57:01-04:00,2026:07:29 12:27:19-04:00,2026:07:29 12:27:19-04:00,7%20Washington%202025%20TTT%20Solution%20Document_UW.pdf,-rw-rw-rw-,1377 kB,PDF,pdf,,,,,,,,,,,,,,,,,,,,,,,,,,,,,,,,,,No,,,,,,,,,,,,,,,,,,,,"0, 0, 612, 792",,,application/pdf,,2025:06:01 00:40:14Z,,,,,,,,,14,,,,,,,,,,,1.4,,,,,,,,,,,,,,macOS Version 15.5 (Build 24F74) Quartz PDFContext,,,,,,,,,,,,,,,,,,,,,,,,,,,,,,,,,,,,,,,,,,,,,,,,,,,,,,,2025 TTT Solution Docuement_UW,,,,,,,,,,,,,,,,,,,,,,,,,,,,,,,,,,,,
./downloaded_docs/8112-fcd7fc5e-510b-4d22-965a-43bfeb55cc02.pdf,,,,,,,,,,,,,,0.14307 0.06061 0.7141,"(Binary data 2060 bytes, use -b option to extract)",,,,,,,"Not Embedded, Independent",,,,,,,"RGB ",,,,,,0.9642 1 0.82491,,,2011:10:24 14:27:48-04:00,,Adobe InDesign CS3 (5.0.4),Adobe InDesign CS3 (5.0.4),,,adobe:docid:indd:1afb5b06-eb89-11dc-a97c-ef12dd52ca0e,1a17c914-7bb4-11df-8165-c8fa29f41e98,,,,"Reflective, Glossy, Positive, Color",Hewlett-Packard,IEC http://www.iec.ch,sRGB,IEC 61966-2.1 Default RGB colour space - sRGB,./downloaded_docs,,,,,adobe:docid:indd:fcc57be1-ffd6-11e0-9647-dbd0a6d4b98b,,,,,,13.59,2026:08:07 08:47:10-04:00,2026:07:28 10:44:51-04:00,2026:08:07 08:47:09-04:00,8112-fcd7fc5e-510b-4d22-965a-43bfeb55cc02.pdf,-rw-rw-rw-,1819 kB,PDF,pdf,application/pdf,,,0.38515 0.71687 0.09708,"(Binary data 2060 bytes, use -b option to extract)",,,,,,,,,,,,,,,,,,,,,,uuid:7fb7a8aa-ba43-f24b-9e92-7fe5f1832d72,,,,,,,Yes,,,76.03647 80 87.12462,"ReferenceStream, ReferenceStream, ReferenceStream, ReferenceStream, ReferenceStream, ReferenceStream","Inches, Inches, Inches, Inches, Inches, Inches","300.00, 300.00, 100.00, 300.00, 300.00, 300.00","300.00, 300.00, 100.00, 300.00, 300.00, 300.00","uuid:74B6BF61EC4111DC90F2CDD4A0226C54, uuid:D1272C10EB7C11DC9C6084CC130805FE, uuid:38A143F6D662DF1190EA8174B3D5A27F, uuid:84760714EB6B11DC9C6084CC130805FE, uuid:D44111B7EB7B11DC9C6084CC130805FE, uuid:60C3B530EB9A11DC8A75AD959A5E93E2",,"uuid:FBA0EFC873FFE01192809EF899788277, uuid:F6A0EFC873FFE01192809EF899788277, uuid:39A143F6D662DF1190EA8174B3D5A27F, uuid:A94EEACEF973DF119D43E7A416398B37, uuid:1B6DAAF8156BDF118DC3B7B6323DB192, uuid:994DAFC9146BDF118DC3B7B6323DB192",,,,0 0 0,0.999%,Unknown,D65,CIE 1931,0 0 0,,0.95045 1 1.08905,2011:10:24 14:27:56-04:00,application/pdf,,2011:10:24 14:27:56-04:00,,,,,,,,,5,,,,,,,,,,,1.4,,Microsoft Corporation,,,,,,,,,,,,Adobe PDF Library 8.0,Display Device Profile,Linotronic,"XYZ ",Copyright (c) 1998 Hewlett-Packard Company,Hewlett-Packard,1998:02:09 06:49:00,sRGB IEC61966-2.1,acsp,0,2.1.0,,0.43607 0.22249 0.01392,"(Binary data 2060 bytes, use -b option to extract)",Perceptual,proof:pdf,,,,,,,,,,,,,,,,,,,,,,,,,,,,,,,,,Cathode Ray Tube Display,,,JPEG,512,"(Binary data 6236 bytes, use -b option to extract)",512,,,,,False,,,,,,,,,,,Reference Viewing Condition in IEC61966-2.1,19.6445 20.3718 16.8089,D50,3.92889 4.07439 3.36179,,,,,,"Adobe XMP Core 4.1-c037 46.282696, Mon Apr 02 2007 18:36:56        ",,,,,,,,,,,,
./downloaded_docs/84A_063077_Roegl.pdf,,,,,,,,,,,,,,,,,,,,,,,,,,,,,,,,,,,,,,2008:12:18 20:12:32-01:00,,pdftk 1.41 - www.pdftk.com,,,,,,,,,,,,,,./downloaded_docs,,,,,,,,,,,13.59,2026:08:07 08:47:07-04:00,2026:07:28 10:44:56-04:00,2026:08:07 08:47:07-04:00,84A_063077_Roegl.pdf,-rw-rw-rw-,4.0 MB,PDF,pdf,,,,,,,,,,,,,,,,,,,,,,,,,,,,,,,,,,No,,,,,,,,,,,,,,,,,,,,,,,application/pdf,,2008:12:18 20:12:32-01:00,,,,,,,,,20,,,,,,,,,,,1.4,,,,,,,,,,,,,,itext-paulo-155 (itextpdf.sf.net-lowagie.com),,,,,,,,,,,,,,,,,,,,,,,,,,,,,,,,,,,,,,,,,,,,,,,,,,,,,,,,,,,,,,,,,,,,,,,,,,,,,,,,,,,,,,,,,,,
./downloaded_docs/8aeb11ac-6513-11ed-95a3-0050569183fa-2243f13c-bdca-4df6-a2a9-4d0f77d62637-1676389118.pdf,,,,,,,,,,"(Binary data 41478 bytes, use -b option to extract)","(Binary data 41478 bytes, use -b option to extract)","(Binary data 41478 bytes, use -b option to extract)",,0.14307 0.06061 0.7141,"(Binary data 2060 bytes, use -b option to extract)","(Binary data 145588 bytes, use -b option to extract)","(Binary data 145588 bytes, use -b option to extract)","(Binary data 145588 bytes, use -b option to extract)",,,,"Not Embedded, Independent",,,,,,,GRAY,,,,,,0.9642 1 0.82491,,,2023:02:14 15:39:19+00:00,,,,,,,,,,,"Reflective, Glossy, Positive, Color",none,IEC http://www.iec.ch,,IEC 61966-2.1 Default RGB colour space - sRGB,./downloaded_docs,,,,,,,,,,,13.59,2026:07:31 13:57:01-04:00,2026:07:30 11:27:39-04:00,2026:07:30 11:27:39-04:00,8aeb11ac-6513-11ed-95a3-0050569183fa-2243f13c-bdca-4df6-a2a9-4d0f77d62637-1676389118.pdf,-rw-rw-rw-,28 MB,PDF,pdf,,"(Binary data 37009 bytes, use -b option to extract)","(Binary data 14 bytes, use -b option to extract)",0.38515 0.71687 0.09708,"(Binary data 2060 bytes, use -b option to extract)",,,,,No,,,,,,,,,,,,,,,,,,,,,,,,No,,,76.03647 80 87.12462,,,,,,,,,,,0 0 0,0.999%,Unknown,D65,CIE 1931,0 0 0,,0.9505 1 1.0891,,application/pdf,,2023:02:14 15:39:19+00:00,,,,,,,,,317,,,,,,,,,,,1.7,,Apple Computer Inc.,,,,,,,,,,,,Ruby CombinePDF 1.0.21 Library,Display Device Profile,Adobe Systems Inc.,"XYZ ",Copyright 1999 Adobe Systems Incorporated,Adobe Systems Inc.,1999:06:03 00:00:00,Gray Gamma 2.2,acsp,0,2.1.0,,0.43607 0.22249 0.01392,"(Binary data 2060 bytes, use -b option to extract)",Perceptual,,,,,,,,,,,,,,,,,,,,,,,,,,,,,,,,,,Cathode Ray Tube Display,,,,,,,,,,,,,,,,,,,,,,Reference Viewing Condition in IEC61966-2.1,19.6445 20.3718 16.8089,D50,3.92889 4.07439 3.36179,,,,,,,,,,,,,,,,,,
./downloaded_docs/9781513531069.pdf,,,,,,,,,,,,,,,,,,,,,,,http://www.codemantra.com,,http://www.codemantra.com,,,,,,,,,,,,,2023:09:21 16:43:20Z,,,ABBYY FineReader,,,,,,,,,,,,,./downloaded_docs,,,,,uuid:38fa1a23-d06f-43ea-bb6d-f8c8ef012723,,,,,,13.59,2026:07:31 13:57:01-04:00,2026:07:31 09:58:27-04:00,2026:07:31 09:58:27-04:00,9781513531069.pdf,-rw-rw-rw-,13 MB,PDF,pdf,application/pdf,,,,,,,,,No,,,,,,,,,,,,,,,,,uuid:81e7d09f-be90-49da-b28c-05f12406403e,,,en,,,,Yes,,,,,,,,,,,,,,,,,,,,,,2023:09:26 10:29:59+05:30,application/pdf,,2023:09:26 10:29:59+05:30,,,,,,,,,166,,,,,,SinglePage,UseOutlines,,,,1.6,,,,,,,,,,,,,,; modified using iText® 5.5.6 ©2000-2015 iText Group NV (AGPL-version),,,,,,,,,,,,,,,,,,,,,,,,,,,,,,,,,,,,,,,,,,,,,,,,,,,,,,,"International Financial Statistics, juillet 2000",,,,,,,,,,,"The process that creates this PDF constitutes a trade secret of codeMantra, LLC and is protected by the copyright laws of the United States","The process that creates this PDF constitutes a trade secret of codeMantra, LLC and is protected by the copyright laws of the United States",,,,,,,,,,,,"Adobe XMP Core 9.1-c001 79.2a0d8d9, 2023/03/14-11:19:46        ",,,,,,,,,,,,
./downloaded_docs/A-SECTION-MARCH-4-2021.pdf,,,,,,,,,,,,,,,,,,,,,,,,,,,,,,,,,,,,,,2021:03:03 12:02:53-05:00,,Adobe Acrobat Pro DC (32-bit) 21.1.20142,Adobe Acrobat Pro DC (32-bit) 21.1.20142,,,,,,,,,,,,,./downloaded_docs,,,,,uuid:6a90f062-30cb-44a5-825e-f92936abc8cf,,,,,,13.59,2026:08:07 08:47:22-04:00,2026:07:28 10:45:57-04:00,2026:08:07 08:47:20-04:00,A-SECTION-MARCH-4-2021.pdf,-rw-rw-rw-,7.2 MB,PDF,pdf,application/pdf,,,,,,,,,,,,,,,,,,,,,,,,,,uuid:5fddbbe6-cb65-4357-9c1a-40dd4e9bd41f,,,,,,,Yes,,,,,,,,,,,,,,,,,,,,,,2021:03:03 12:04:10-05:00,application/pdf,,2021:03:03 12:04:10-05:00,,,,,,,,,14,,,,,,,,,,,1.7,,,,,,,,,,,,,,Adobe PDF Library 15.0,,,,,,,,,,,,,,,,,,,,,,,,,,,,,,,,,,,,,,,,,,,,,,,Yes,,,,,,,,,,,,False,,,,,,,,,,,,,,,,,,,,"Adobe XMP Core 5.6-c017 91.164464, 2020/06/15-10:20:05        ",,,,,,,,,,,,
./downloaded_docs/a7b0dc42-4968-48a9-a75a-fe901c8a1520.pdf,,,,,,,,,,,,,,0.14307 0.06061 0.7141,"(Binary data 2060 bytes, use -b option to extract)",,,,,,,"Not Embedded, Independent",,,,,,,"RGB ",,,,,,0.9642 1 0.82491,,,2015:10:23 15:33:20-04:00,,Adobe InDesign CS6 (Windows),Adobe InDesign CS6 (Windows),,,xmp.did:8B9BF867C271E511B743F419B317A730,xmp.iid:5CAA0412BC79E5118644C835B3FEDAF7,adobe:docid:indd:0a2ce8f5-08f1-11e2-9b77-d32a0f09811b,default,,"Reflective, Glossy, Positive, Color",Hewlett-Packard,IEC http://www.iec.ch,sRGB,IEC 61966-2.1 Default RGB colour space - sRGB,./downloaded_docs,,,,,xmp.id:F5FDB2EABC79E5118B818A27DC3B751A,,,,,,13.59,2026:07:31 13:57:01-04:00,2026:07:28 10:46:24-04:00,2026:07:28 10:46:24-04:00,a7b0dc42-4968-48a9-a75a-fe901c8a1520.pdf,-rw-rw-rw-,534 kB,PDF,pdf,application/pdf,,,0.38515 0.71687 0.09708,"(Binary data 2060 bytes, use -b option to extract)",,,,,,,,,converted,/,,from application/x-indesign to application/pdf,Adobe InDesign CS6 (Windows),2015:10:23 15:33:20-04:00,,,,,,,,uuid:50d82363-2657-4614-a236-32f9cdd4614e,,,,,,,Yes,,,76.03647 80 87.12462,,,,,,,,,,,0 0 0,0.999%,Unknown,D65,CIE 1931,0 0 0,,0.95045 1 1.08905,2015:10:23 15:33:22-04:00,application/pdf,,2015:10:23 15:33:22-04:00,,,,,,,,adobe:docid:indd:0a2ce8f5-08f1-11e2-9b77-d32a0f09811b,8,,,,,,,,,,,1.4,,Microsoft Corporation,,,,,,,,,,,,Adobe PDF Library 10.0.1,Display Device Profile,Linotronic,"XYZ ",Copyright (c) 1998 Hewlett-Packard Company,Hewlett-Packard,1998:02:09 06:49:00,sRGB IEC61966-2.1,acsp,0,2.1.0,,0.43607 0.22249 0.01392,"(Binary data 2060 bytes, use -b option to extract)",Perceptual,proof:pdf,,,,,,,,,,,,,,,,,,,,,,,,,,,,,,,,,Cathode Ray Tube Display,,,,,,,,,,,False,,,,,,,,,,,Reference Viewing Condition in IEC61966-2.1,19.6445 20.3718 16.8089,D50,3.92889 4.07439 3.36179,,,,,,"Adobe XMP Core 5.3-c011 66.145661, 2012/02/06-14:56:27        ",,,,,,,,,,,,
./downloaded_docs/a8d55194-112a-4d57-a985-b058edaae37c.pdf,,,,,,,,,,,,,,,,,,,,,,,,,,,,,,,,,,,,,,2008:07:16 11:29:26-06:00,,Adobe InDesign CS3 (5.0),Adobe InDesign CS3 (5.0),,,adobe:docid:indd:0132ba26-5028-11dd-8252-93a0f30993b4,d1683673-54b7-11dd-ae2f-94f73a359298,,,,,,,,,./downloaded_docs,,,,,adobe:docid:indd:d1683674-54b7-11dd-ae2f-94f73a359298,,,,,,13.59,2026:07:31 13:57:01-04:00,2026:07:31 09:58:55-04:00,2026:07:31 09:58:55-04:00,a8d55194-112a-4d57-a985-b058edaae37c.pdf,-rw-rw-rw-,5.8 MB,PDF,pdf,application/pdf,,,,,,,,,,,,,,,,,,,,,,,,,,uuid:c074f161-c432-401b-bdbd-3bb355537219,,,,,,,No,,,,"ReferenceStream, ReferenceStream, ReferenceStream, ReferenceStream, ReferenceStream, ReferenceStream, ReferenceStream, ReferenceStream, ReferenceStream, ReferenceStream, ReferenceStream, ReferenceStream, ReferenceStream, ReferenceStream, ReferenceStream, ReferenceStream, ReferenceStream, ReferenceStream, ReferenceStream, ReferenceStream, ReferenceStream, ReferenceStream","Inches, Inches, Inches, Inches, Inches, Inches, Inches, Inches, Inches, Inches, Inches, Inches, Inches, Inches, Inches, Inches, Inches, Inches, Inches, Inches, Inches, Inches","72.00, 72.00, 72.00, 72.00, 72.00, 72.00, 72.00, 72.00, 72.00, 72.00, 72.00, 72.00, 72.00, 72.00, 72.00, 283.73, 72.00, 72.00, 72.00, 72.00, 72.00, 72.00","72.00, 72.00, 72.00, 72.00, 72.00, 72.00, 72.00, 72.00, 72.00, 72.00, 72.00, 72.00, 72.00, 72.00, 72.00, 283.73, 72.00, 72.00, 72.00, 72.00, 72.00, 72.00","uuid:4675887949DD11DD9E28C0A58758ED81, uuid:803FF5268C4111DBBCDCF0AAFA853738, adobe:docid:indd:657ecb3c-2a42-11dd-ae04-d7de8b8ae22d, uuid:84D2FC01483111DD9673BF810C798C6F, uuid:4C595538484611DD90E8D2BAAE12510E, uuid:FFC8750D1C2411DCB778D004937D3988, uuid:9116406B500B11DD982A9096232326EF, uuid:297441949E4FDD11BC68C56E0C1C0FF0, uuid:E95F0243B38211DB9458B932A47827F4, uuid:A7F533C585D411DBB11BE4CF68FD2995, uuid:A7F533C585D411DBB11BE4CF68FD2995, uuid:AE93F8ED431111DBA845A7030795686E, uuid:FFC8750D1C2411DCB778D004937D3988, uuid:90A1F890F74BDC11A4B092AE1E11014B, uuid:A7E5A0DD643011DBBAF0866AE83AFE2B, uuid:BB9E95A1516811DC93DB8C04A148E807, uuid:A7F533CA85D411DBB11BE4CF68FD2995, uuid:0DD6E42DCB06DC11833B8182C1D7E780, uuid:8542685148DC11DC9E4FE4BDE50C9196, uuid:7B1DA6424B3A11DCB6FDE717804EEDDA, uuid:84D2FC01483111DD9673BF810C798C6F, uuid:BD54FE6C178011DD89C5BA8C4963B60F",,"uuid:4675887A49DD11DD9E28C0A58758ED81, uuid:FFC8750C1C2411DCB778D004937D3988, uuid:c2291955-2a15-4fcf-9e98-b7f3161a55a4, uuid:84D2FC02483111DD9673BF810C798C6F, uuid:4C595539484611DD90E8D2BAAE12510E, uuid:FFC8750F1C2411DCB778D004937D3988, uuid:9116406D500B11DD982A9096232326EF, uuid:2A7441949E4FDD11BC68C56E0C1C0FF0, uuid:E95F0245B38211DB9458B932A47827F4, uuid:A7F533C685D411DBB11BE4CF68FD2995, uuid:A7F533C685D411DBB11BE4CF68FD2995, uuid:9E3277DE431D11DBA845A7030795686E, uuid:FFC8750F1C2411DCB778D004937D3988, uuid:91A1F890F74BDC11A4B092AE1E11014B, uuid:62BBB3CEAB9511DB9CFAC838A52D3F15, uuid:6E0E14B671AE11DC982CC12DCC73A021, uuid:120CFE6E8A9A11DB964DCFC3B5F17BA9, uuid:a03fbe5f-f15e-6046-a377-81b34ab95d59, uuid:8542685248DC11DC9E4FE4BDE50C9196, uuid:B26CC5BC4B3A11DCB6FDE717804EEDDA, uuid:84D2FC02483111DD9673BF810C798C6F, uuid:BD54FE6D178011DD89C5BA8C4963B60F",,,,,,,,,,,,2008:07:16 11:53:16-06:00,application/pdf,,2008:07:16 11:53:16-06:00,,,,,,,,,52,,,,,,,,,,,1.4,,,,,,,,,,,,,,Adobe PDF Library 8.0,,,,,,,,,,,,,,,proof:pdf,,,,,,,,,,,,,,,,,,,,,,,,,,,,,,,,,,,,JPEG,256,"(Binary data 16914 bytes, use -b option to extract)",256,,,,,False,,,,,,,,,,,,,,,,,,,,"Adobe XMP Core 4.0-c316 44.253921, Sun Oct 01 2006 17:08:23",,,,,,,,,,,,
./downloaded_docs/ADS_Convention_Guide_2025-_w.pdf,,,,,,,,,,,,,,,,,,,,,,,,,,,,,,,,,,,,,,2025:01:10 10:14:28-05:00,,Adobe InDesign 20.0 (Macintosh),Adobe InDesign 20.0 (Macintosh),,,xmp.did:d9305a93-6093-41c7-9025-7de58c8b18a5,xmp.iid:b6d8e9dc-2678-4f52-b724-a4dd7e0b3d0a,xmp.did:D4733629162068118C14BB7F383DE9D5,default,,,,,,,./downloaded_docs,,,,,xmp.id:44447d43-ca61-4a80-afe0-2d02c75141a0,,,,,,13.59,2026:07:31 13:57:01-04:00,2026:07:29 12:27:18-04:00,2026:07:29 12:27:18-04:00,ADS_Convention_Guide_2025-_w.pdf,-rw-rw-rw-,3.9 MB,PDF,pdf,application/pdf,,,,,,,,,,,,,converted,/,,from application/x-indesign to application/pdf,Adobe InDesign 20.0 (Macintosh),2025:01:10 10:14:28-05:00,,,,,,,,uuid:8f04e400-e92c-3f48-9c86-05e4d3d08ed1,,,en-US,,,,Yes,,,,,,,,,,,,,,,,,,,,,,2025:01:22 11:14:10-06:00,application/pdf,,2025:01:22 11:14:10-06:00,,,,,,,,xmp.did:D4733629162068118C14BB7F383DE9D5,36,,,,,,,,,,,1.6,,,,,,,,,,,,,,Adobe PDF Library 17.0,,,,,,,,,,,,,,,proof:pdf,,,,,,,,,,,,,,,,,,,,,,,,,,,,,,,,,,,,,,,,,,,,False,,,,,,,,,,,,,,,,,,,,"Adobe XMP Core 9.1-c001 79.675d0f7, 2023/06/11-19:21:16        ",,,,,,,,,,,,
./downloaded_docs/advanceprogram.pdf,,,,,,,,,,,,,,,,,,,,,,,,,,,,,,,,,,,,,,2016:05:18 15:13:27+02:00,,Aspose Ltd.,Adobe InDesign CS5.5 (7.5.1),,,xmp.did:3758DD1E0F2068118083F3B54560DC8E,xmp.iid:04801174072068118083CB89959230B7,xmp.did:44E5F7E51E2068118083E70B9509A9A1,default,,,,,,,./downloaded_docs,3398,,,,xmp.did:520177C20E2068118083CB89959230B7,,,,,,13.59,2026:07:31 13:57:01-04:00,2026:07:28 10:44:26-04:00,2026:07:28 10:44:26-04:00,advanceprogram.pdf,-rw-rw-rw-,2.3 MB,PDF,pdf,application/pdf,,,,,,,,,,,,,"created, saved, saved, saved, saved, saved, saved, saved, saved, saved, saved, saved, saved, saved, saved, saved, saved, saved, saved, saved, saved, saved, saved, saved, saved, saved, saved, saved, saved, saved, saved, saved, saved, saved, saved, saved, saved, saved, saved, saved, saved, saved, saved, saved, saved, saved, saved, saved, saved, saved, saved, saved, saved, saved, saved, saved, saved, saved, saved, saved, saved, saved, saved, saved, saved, saved, saved, saved, saved, saved, saved, saved, saved, saved, saved, saved, saved, saved, saved, saved, saved, saved, saved, saved, saved, saved, saved, saved, saved, saved, saved, saved, saved, saved, saved, saved, saved, saved, saved, saved, saved, saved, saved, saved, saved, saved, saved, saved, saved, saved, saved, saved, saved, saved, saved, saved, saved, saved, saved, saved, saved, saved, saved, saved, saved, saved, saved, saved, saved, saved, saved, saved, saved, saved, saved, saved, saved, saved, saved, saved, saved, saved, saved, saved, saved, saved, saved, saved, saved, saved, saved, saved, saved, saved, saved, saved, saved, saved, saved, saved, saved, saved, saved, saved, saved, saved, saved, saved, saved, saved, saved, saved, saved, saved, saved, saved, saved, saved, saved, saved, saved, saved, saved, saved, saved, saved, saved, saved, saved, saved, saved, saved, saved, saved, saved, saved, saved, saved, saved, saved, saved, saved, saved, saved, saved, saved, saved, saved, saved, saved, saved, saved, saved, saved, saved, saved, saved, saved, saved, saved, saved, saved, saved, saved, saved, saved, saved, saved, saved","/;/metadata, /metadata, /;/metadata, /;/metadata, /;/metadata, /;/metadata, /;/metadata, /;/metadata, /;/metadata, /;/metadata, /;/metadata, /;/metadata, /;/metadata, /;/metadata, /;/metadata, /;/metadata, /;/metadata, /;/metadata, /;/metadata, /;/metadata, /;/metadata, /;/metadata, /;/metadata, /;/metadata, /;/metadata, /;/metadata, /;/metadata, /;/metadata, /;/metadata, /;/metadata, /;/metadata, /;/metadata, /;/metadata, /;/metadata, /;/metadata, /;/metadata, /;/metadata, /;/metadata, /;/metadata, /;/metadata, /;/metadata, /;/metadata, /;/metadata, /;/metadata, /;/metadata, /;/metadata, /;/metadata, /;/metadata, /;/metadata, /;/metadata, /;/metadata, /;/metadata, /;/metadata, /;/metadata, /;/metadata, /;/metadata, /;/metadata, /;/metadata, /;/metadata, /;/metadata, /;/metadata, /;/metadata, /;/metadata, /;/metadata, /;/metadata, /;/metadata, /;/metadata, /;/metadata, /;/metadata, /;/metadata, /;/metadata, /;/metadata, /;/metadata, /;/metadata, /;/metadata, /;/metadata, /;/metadata, /;/metadata, /;/metadata, /;/metadata, /;/metadata, /;/metadata, /;/metadata, /;/metadata, /;/metadata, /;/metadata, /;/metadata, /;/metadata, /;/metadata, /;/metadata, /;/metadata, /;/metadata, /;/metadata, /;/metadata, /;/metadata, /;/metadata, /;/metadata, /;/metadata, /;/metadata, /;/metadata, /;/metadata, /;/metadata, /metadata, /;/metadata, /;/metadata, /;/metadata, /;/metadata, /;/metadata, /;/metadata, /;/metadata, /;/metadata, /;/metadata, /;/metadata, /;/metadata, /;/metadata, /;/metadata, /;/metadata, /;/metadata, /;/metadata, /;/metadata, /;/metadata, /;/metadata, /;/metadata, /;/metadata, /;/metadata, /;/metadata, /;/metadata, /;/metadata, /;/metadata, /;/metadata, /;/metadata, /;/metadata, /;/metadata, /;/metadata, /;/metadata, /;/metadata, /;/metadata, /;/metadata, /;/metadata, /;/metadata, /;/metadata, /;/metadata, /;/metadata, /;/metadata, /;/metadata, /;/metadata, /;/metadata, /;/metadata, /;/metadata, /;/metadata, /;/metadata, /;/metadata, /;/metadata, /;/metadata, /;/metadata, /;/metadata, /;/metadata, /;/metadata, /;/metadata, /;/metadata, /;/metadata, /;/metadata, /;/metadata, /;/metadata, /;/metadata, /;/metadata, /;/metadata, /;/metadata, /;/metadata, /;/metadata, /;/metadata, /;/metadata, /;/metadata, /;/metadata, /;/metadata, /;/metadata, /;/metadata, /;/metadata, /;/metadata, /;/metadata, /;/metadata, /;/metadata, /;/metadata, /;/metadata, /;/metadata, /;/metadata, /;/metadata, /;/metadata, /;/metadata, /;/metadata, /;/metadata, /;/metadata, /metadata, /;/metadata, /;/metadata, /;/metadata, /;/metadata, /;/metadata, /;/metadata, /;/metadata, /;/metadata, /;/metadata, /;/metadata, /;/metadata, /;/metadata, /;/metadata, /;/metadata, /;/metadata, /;/metadata, /;/metadata, /;/metadata, /;/metadata, /;/metadata, /;/metadata, /;/metadata, /;/metadata, /;/metadata, /;/metadata, /;/metadata, /;/metadata, /;/metadata, /;/metadata, /;/metadata, /;/metadata, /;/metadata, /;/metadata, /;/metadata, /;/metadata","xmp.iid:44E5F7E51E2068118083E70B9509A9A1, xmp.iid:18348360342068118083E70B9509A9A1, xmp.iid:19348360342068118083E70B9509A9A1, xmp.iid:1C348360342068118083E70B9509A9A1, xmp.iid:1F348360342068118083E70B9509A9A1, xmp.iid:999A0E14372068118083E70B9509A9A1, xmp.iid:9E9A0E14372068118083E70B9509A9A1, xmp.iid:9F9A0E14372068118083E70B9509A9A1, xmp.iid:A09A0E14372068118083E70B9509A9A1, xmp.iid:FB91129E382068118083E70B9509A9A1, xmp.iid:B8942430392068118083E70B9509A9A1, xmp.iid:BE942430392068118083E70B9509A9A1, xmp.iid:93C099FA392068118083E70B9509A9A1, xmp.iid:99C099FA392068118083E70B9509A9A1, xmp.iid:9A8F5D473B2068118083E70B9509A9A1, xmp.iid:A08F5D473B2068118083E70B9509A9A1, xmp.iid:A3F9F6DB3B2068118083E70B9509A9A1, xmp.iid:A9F9F6DB3B2068118083E70B9509A9A1, xmp.iid:7404672B3D2068118083E70B9509A9A1, xmp.iid:7A04672B3D2068118083E70B9509A9A1, xmp.iid:F77574393D2068118083E70B9509A9A1, xmp.iid:1636204C442068118083E70B9509A9A1, xmp.iid:70136875442068118083E70B9509A9A1, xmp.iid:71136875442068118083E70B9509A9A1, xmp.iid:27E55E21452068118083E70B9509A9A1, xmp.iid:30E55E21452068118083E70B9509A9A1, xmp.iid:78E88DC2452068118083E70B9509A9A1, xmp.iid:0696E914462068118083E70B9509A9A1, xmp.iid:5ED82D2A462068118083E70B9509A9A1, xmp.iid:5C951B3E462068118083E70B9509A9A1, xmp.iid:33A53833472068118083E70B9509A9A1, xmp.iid:B6303F77472068118083E70B9509A9A1, xmp.iid:C0303F77472068118083E70B9509A9A1, xmp.iid:FDDC2217482068118083E70B9509A9A1, xmp.iid:D8AA26D7482068118083E70B9509A9A1, xmp.iid:7B270FF1482068118083E70B9509A9A1, xmp.iid:2AA25629492068118083E70B9509A9A1, xmp.iid:3122D234492068118083E70B9509A9A1, xmp.iid:510DE17E492068118083E70B9509A9A1, xmp.iid:354937E0492068118083E70B9509A9A1, xmp.iid:A77889F6492068118083E70B9509A9A1, xmp.iid:42F2E87B4A2068118083E70B9509A9A1, xmp.iid:FD9B20B94B2068118083E70B9509A9A1, xmp.iid:A8094F844C2068118083E70B9509A9A1, xmp.iid:851AE7A24C2068118083E70B9509A9A1, xmp.iid:ECFD27AD4C2068118083E70B9509A9A1, xmp.iid:67AC2ED64C2068118083E70B9509A9A1, xmp.iid:7081B4024D2068118083E70B9509A9A1, xmp.iid:0587147F4D2068118083E70B9509A9A1, xmp.iid:B0959DC24D2068118083E70B9509A9A1, xmp.iid:BA959DC24D2068118083E70B9509A9A1, xmp.iid:C72C06F04E2068118083E70B9509A9A1, xmp.iid:B44D92544F2068118083E70B9509A9A1, xmp.iid:438EFDDD3A206811822AFC2E4A3A871B, xmp.iid:A4B731FB3A206811822AFC2E4A3A871B, xmp.iid:D968A3E64B206811822AFC2E4A3A871B, xmp.iid:CC68DC31112068118C149BFCF5A6EBE9, xmp.iid:715A0F57122068118C149BFCF5A6EBE9, xmp.iid:8A51D28C122068118C149BFCF5A6EBE9, xmp.iid:8B51D28C122068118C149BFCF5A6EBE9, xmp.iid:560E0CD8132068118C149BFCF5A6EBE9, xmp.iid:4F089A18152068118C149BFCF5A6EBE9, xmp.iid:B4384149152068118C149BFCF5A6EBE9, xmp.iid:15E8285A152068118C149BFCF5A6EBE9, xmp.iid:D857A496152068118C149BFCF5A6EBE9, xmp.iid:E257A496152068118C149BFCF5A6EBE9, xmp.iid:49AB8E22162068118C149BFCF5A6EBE9, xmp.iid:3661A97C162068118C149BFCF5A6EBE9, xmp.iid:335558AE162068118C149BFCF5A6EBE9, xmp.iid:60E026FE162068118C149BFCF5A6EBE9, xmp.iid:CFD5061D172068118C149BFCF5A6EBE9, xmp.iid:D0D5061D172068118C149BFCF5A6EBE9, xmp.iid:6F3B7288172068118C149BFCF5A6EBE9, xmp.iid:E2C9D575192068118C149BFCF5A6EBE9, xmp.iid:DD65E9051A2068118C149BFCF5A6EBE9, xmp.iid:061BF0101A2068118C149BFCF5A6EBE9, xmp.iid:7DB18C1A1A2068118C149BFCF5A6EBE9, xmp.iid:14FA4E721A2068118C149BFCF5A6EBE9, xmp.iid:1EFA4E721A2068118C149BFCF5A6EBE9, xmp.iid:4780CA041B2068118C149BFCF5A6EBE9, xmp.iid:A6E854571B2068118C149BFCF5A6EBE9, xmp.iid:A7E854571B2068118C149BFCF5A6EBE9, xmp.iid:546AA5BC1C2068118C149BFCF5A6EBE9, xmp.iid:F39D2E781D2068118C149BFCF5A6EBE9, xmp.iid:F66042841D2068118C149BFCF5A6EBE9, xmp.iid:F76042841D2068118C149BFCF5A6EBE9, xmp.iid:F86042841D2068118C149BFCF5A6EBE9, xmp.iid:513792C11E2068118C149BFCF5A6EBE9, xmp.iid:BC8CE7EB1E2068118C149BFCF5A6EBE9, xmp.iid:7DDF42531F2068118C149BFCF5A6EBE9, xmp.iid:482122611F2068118C149BFCF5A6EBE9, xmp.iid:A90B1A721F2068118C149BFCF5A6EBE9, xmp.iid:60A04E871F2068118C149BFCF5A6EBE9, xmp.iid:61A04E871F2068118C149BFCF5A6EBE9, xmp.iid:F52FD55E08206811822A94A58F380665, xmp.iid:1CC7DE6808206811822A94A58F380665, xmp.iid:D5BAF98608206811822A94A58F380665, xmp.iid:9A17AF4409206811822A94A58F380665, xmp.iid:25B0B5EB09206811822A94A58F380665, xmp.iid:6AF348F209206811822A94A58F380665, xmp.iid:337B4A5D0A206811822A94A58F380665, xmp.iid:D09FF2E110206811822A94A58F380665, xmp.iid:2E72282F1A206811822A94A58F380665, xmp.iid:565D40A5072068118083F3B54560DC8E, xmp.iid:3758DD1E0F2068118083F3B54560DC8E, xmp.iid:8C6B11790F2068118083F3B54560DC8E, xmp.iid:3F18249C112068118083F3B54560DC8E, xmp.iid:7633E1B5112068118083F3B54560DC8E, xmp.iid:E7A3A6BF112068118083F3B54560DC8E, xmp.iid:0664A820122068118083F3B54560DC8E, xmp.iid:134A37F3132068118083F3B54560DC8E, xmp.iid:C28C9742192068118083F3B54560DC8E, xmp.iid:5CC426FC192068118083F3B54560DC8E, xmp.iid:7BC56F0C1A2068118083F3B54560DC8E, xmp.iid:0D0810261A2068118083F3B54560DC8E, xmp.iid:6985AE731A2068118083F3B54560DC8E, xmp.iid:BB94897A1A2068118083F3B54560DC8E, xmp.iid:BC94897A1A2068118083F3B54560DC8E, xmp.iid:F451DAF6362068118083F3B54560DC8E, xmp.iid:2749AD79372068118083F3B54560DC8E, xmp.iid:60BB1181372068118083F3B54560DC8E, xmp.iid:C157749C372068118083F3B54560DC8E, xmp.iid:9ECE39C8372068118083F3B54560DC8E, xmp.iid:9FCE39C8372068118083F3B54560DC8E, xmp.iid:E0490CBA382068118083F3B54560DC8E, xmp.iid:47BC93D5382068118083F3B54560DC8E, xmp.iid:30F30222392068118083F3B54560DC8E, xmp.iid:A84A29B13B2068118083F3B54560DC8E, xmp.iid:D0E2B1213C2068118083F3B54560DC8E, xmp.iid:B83DC22D3C2068118083F3B54560DC8E, xmp.iid:9C9203863C2068118083F3B54560DC8E, xmp.iid:C276F29B3C2068118083F3B54560DC8E, xmp.iid:21F5E7193D2068118083F3B54560DC8E, xmp.iid:4AB9A32B3D2068118083F3B54560DC8E, xmp.iid:09A5E3B43D2068118083F3B54560DC8E, xmp.iid:8AAC31C13D2068118083F3B54560DC8E, xmp.iid:8674A7723E2068118083F3B54560DC8E, xmp.iid:B97D34A53E2068118083F3B54560DC8E, xmp.iid:18174FB13E2068118083F3B54560DC8E, xmp.iid:5FDC3BD73E2068118083F3B54560DC8E, xmp.iid:E4BBC6DE3E2068118083F3B54560DC8E, xmp.iid:67E865AB422068118083F3B54560DC8E, xmp.iid:CA9E3DFC422068118083F3B54560DC8E, xmp.iid:C7BE0F13432068118083F3B54560DC8E, xmp.iid:64B34060432068118083F3B54560DC8E, xmp.iid:65B34060432068118083F3B54560DC8E, xmp.iid:56AE5C61452068118083F3B54560DC8E, xmp.iid:8EA814EA452068118083F3B54560DC8E, xmp.iid:69BF03C8462068118083F3B54560DC8E, xmp.iid:9847D779472068118083F3B54560DC8E, xmp.iid:EDA86927482068118083F3B54560DC8E, xmp.iid:8289AF80482068118083F3B54560DC8E, xmp.iid:570BC691482068118083F3B54560DC8E, xmp.iid:02F068D3482068118083F3B54560DC8E, xmp.iid:59DF7139492068118083F3B54560DC8E, xmp.iid:10D5114D492068118083F3B54560DC8E, xmp.iid:7F9F735D492068118083F3B54560DC8E, xmp.iid:AEA23E84492068118083F3B54560DC8E, xmp.iid:CA4822ED492068118083F3B54560DC8E, xmp.iid:D24822ED492068118083F3B54560DC8E, xmp.iid:D34822ED492068118083F3B54560DC8E, xmp.iid:CC06CD774B2068118083F3B54560DC8E, xmp.iid:950140844B2068118083F3B54560DC8E, xmp.iid:54DA49AD4B2068118083F3B54560DC8E, xmp.iid:5CDA49AD4B2068118083F3B54560DC8E, xmp.iid:BCF290364D2068118083F3B54560DC8E, xmp.iid:A84739224E2068118083F3B54560DC8E, xmp.iid:A94739224E2068118083F3B54560DC8E, xmp.iid:23CE1774072068118083B43BEABC1733, xmp.iid:E2126C22082068118083B43BEABC1733, xmp.iid:F08E79E7082068118083B43BEABC1733, xmp.iid:F18E79E7082068118083B43BEABC1733, xmp.iid:2D5E80CB102068118083B43BEABC1733, xmp.iid:7F39D190112068118083B43BEABC1733, xmp.iid:E6F38991172068118083B43BEABC1733, xmp.iid:52AC6F393B2068118083B43BEABC1733, xmp.iid:8CCE195E3B2068118083B43BEABC1733, xmp.iid:A463F0733B2068118083B43BEABC1733, xmp.iid:A69674813B2068118083B43BEABC1733, xmp.iid:A6218DA43B2068118083B43BEABC1733, xmp.iid:AF218DA43B2068118083B43BEABC1733, xmp.iid:B9F9322E3C2068118083B43BEABC1733, xmp.iid:7A2D51603C2068118083B43BEABC1733, xmp.iid:FAFFB0C43C2068118083B43BEABC1733, xmp.iid:2492D0FA3C2068118083B43BEABC1733, xmp.iid:3C78CA1E3D2068118083B43BEABC1733, xmp.iid:619D787E532068118083B43BEABC1733, xmp.iid:714158B1532068118083B43BEABC1733, xmp.iid:A9DD780F542068118083B43BEABC1733, xmp.iid:F9FEE30540206811822AE8E7AA4C0D98, xmp.iid:02FFE30540206811822AE8E7AA4C0D98, xmp.iid:1C58D24740206811822AE8E7AA4C0D98, xmp.iid:2036106C40206811822AE8E7AA4C0D98, xmp.iid:04801174072068118083CB89959230B7, xmp.iid:520177C20E2068118083CB89959230B7, xmp.iid:540177C20E2068118083CB89959230B7, xmp.iid:3C9B379E112068118083CB89959230B7, xmp.iid:54358BB4112068118083CB89959230B7, xmp.iid:5D358BB4112068118083CB89959230B7, xmp.iid:C1E184A7122068118083CB89959230B7, xmp.iid:4B0A6B20132068118083CB89959230B7, xmp.iid:37F40251132068118083CB89959230B7, xmp.iid:3536F45E132068118083CB89959230B7, xmp.iid:3E36F45E132068118083CB89959230B7, xmp.iid:02DB43FC292068118083CB89959230B7, xmp.iid:44BA2C092A2068118083CB89959230B7, xmp.iid:BAB1CC6C2A2068118083CB89959230B7, xmp.iid:14CA8CBF2A2068118083CB89959230B7, xmp.iid:2E0D5FC52A2068118083CB89959230B7, xmp.iid:370D5FC52A2068118083CB89959230B7, xmp.iid:380D5FC52A2068118083CB89959230B7, xmp.iid:40C3B8A02B2068118083CB89959230B7, xmp.iid:E8EE9F1F2C2068118083CB89959230B7, xmp.iid:FC1A6D602C2068118083CB89959230B7, xmp.iid:C8C7AB6F2C2068118083CB89959230B7, xmp.iid:04AFD8DB2C2068118083CB89959230B7, xmp.iid:0DAFD8DB2C2068118083CB89959230B7, xmp.iid:C111EA0B2D2068118083CB89959230B7, xmp.iid:5D9B01312D2068118083CB89959230B7, xmp.iid:5E9B01312D2068118083CB89959230B7, xmp.iid:3F5314132E2068118083CB89959230B7, xmp.iid:A2A746E03E2068118083CB89959230B7, xmp.iid:BBA60927152068118083C2859C488550, xmp.iid:BCA60927152068118083C2859C488550, xmp.iid:B8D3AD06182068118083C2859C488550, xmp.iid:C1D3AD06182068118083C2859C488550, xmp.iid:8489B066252068118083C2859C488550, xmp.iid:26E613433F2068118083C2859C488550, xmp.iid:B423554D3F2068118083C2859C488550",,"Adobe InDesign 7.5, Adobe InDesign 7.5, Adobe InDesign 7.5, Adobe InDesign 7.5, Adobe InDesign 7.5, Adobe InDesign 7.5, Adobe InDesign 7.5, Adobe InDesign 7.5, Adobe InDesign 7.5, Adobe InDesign 7.5, Adobe InDesign 7.5, Adobe InDesign 7.5, Adobe InDesign 7.5, Adobe InDesign 7.5, Adobe InDesign 7.5, Adobe InDesign 7.5, Adobe InDesign 7.5, Adobe InDesign 7.5, Adobe InDesign 7.5, Adobe InDesign 7.5, Adobe InDesign 7.5, Adobe InDesign 7.5, Adobe InDesign 7.5, Adobe InDesign 7.5, Adobe InDesign 7.5, Adobe InDesign 7.5, Adobe InDesign 7.5, Adobe InDesign 7.5, Adobe InDesign 7.5, Adobe InDesign 7.5, Adobe InDesign 7.5, Adobe InDesign 7.5, Adobe InDesign 7.5, Adobe InDesign 7.5, Adobe InDesign 7.5, Adobe InDesign 7.5, Adobe InDesign 7.5, Adobe InDesign 7.5, Adobe InDesign 7.5, Adobe InDesign 7.5, Adobe InDesign 7.5, Adobe InDesign 7.5, Adobe InDesign 7.5, Adobe InDesign 7.5, Adobe InDesign 7.5, Adobe InDesign 7.5, Adobe InDesign 7.5, Adobe InDesign 7.5, Adobe InDesign 7.5, Adobe InDesign 7.5, Adobe InDesign 7.5, Adobe InDesign 7.5, Adobe InDesign 7.5, Adobe InDesign 7.5, Adobe InDesign 7.5, Adobe InDesign 7.5, Adobe InDesign 7.5, Adobe InDesign 7.5, Adobe InDesign 7.5, Adobe InDesign 7.5, Adobe InDesign 7.5, Adobe InDesign 7.5, Adobe InDesign 7.5, Adobe InDesign 7.5, Adobe InDesign 7.5, Adobe InDesign 7.5, Adobe InDesign 7.5, Adobe InDesign 7.5, Adobe InDesign 7.5, Adobe InDesign 7.5, Adobe InDesign 7.5, Adobe InDesign 7.5, Adobe InDesign 7.5, Adobe InDesign 7.5, Adobe InDesign 7.5, Adobe InDesign 7.5, Adobe InDesign 7.5, Adobe InDesign 7.5, Adobe InDesign 7.5, Adobe InDesign 7.5, Adobe InDesign 7.5, Adobe InDesign 7.5, Adobe InDesign 7.5, Adobe InDesign 7.5, Adobe InDesign 7.5, Adobe InDesign 7.5, Adobe InDesign 7.5, Adobe InDesign 7.5, Adobe InDesign 7.5, Adobe InDesign 7.5, Adobe InDesign 7.5, Adobe InDesign 7.5, Adobe InDesign 7.5, Adobe InDesign 7.5, Adobe InDesign 7.5, Adobe InDesign 7.5, Adobe InDesign 7.5, Adobe InDesign 7.5, Adobe InDesign 7.5, Adobe InDesign 7.5, Adobe InDesign 7.5, Adobe InDesign 7.5, Adobe InDesign 7.5, Adobe InDesign 7.5, Adobe InDesign 7.5, Adobe InDesign 7.5, Adobe InDesign 7.5, Adobe InDesign 7.5, Adobe InDesign 7.5, Adobe InDesign 7.5, Adobe InDesign 7.5, Adobe InDesign 7.5, Adobe InDesign 7.5, Adobe InDesign 7.5, Adobe InDesign 7.5, Adobe InDesign 7.5, Adobe InDesign 7.5, Adobe InDesign 7.5, Adobe InDesign 7.5, Adobe InDesign 7.5, Adobe InDesign 7.5, Adobe InDesign 7.5, Adobe InDesign 7.5, Adobe InDesign 7.5, Adobe InDesign 7.5, Adobe InDesign 7.5, Adobe InDesign 7.5, Adobe InDesign 7.5, Adobe InDesign 7.5, Adobe InDesign 7.5, Adobe InDesign 7.5, Adobe InDesign 7.5, Adobe InDesign 7.5, Adobe InDesign 7.5, Adobe InDesign 7.5, Adobe InDesign 7.5, Adobe InDesign 7.5, Adobe InDesign 7.5, Adobe InDesign 7.5, Adobe InDesign 7.5, Adobe InDesign 7.5, Adobe InDesign 7.5, Adobe InDesign 7.5, Adobe InDesign 7.5, Adobe InDesign 7.5, Adobe InDesign 7.5, Adobe InDesign 7.5, Adobe InDesign 7.5, Adobe InDesign 7.5, Adobe InDesign 7.5, Adobe InDesign 7.5, Adobe InDesign 7.5, Adobe InDesign 7.5, Adobe InDesign 7.5, Adobe InDesign 7.5, Adobe InDesign 7.5, Adobe InDesign 7.5, Adobe InDesign 7.5, Adobe InDesign 7.5, Adobe InDesign 7.5, Adobe InDesign 7.5, Adobe InDesign 7.5, Adobe InDesign 7.5, Adobe InDesign 7.5, Adobe InDesign 7.5, Adobe InDesign 7.5, Adobe InDesign 7.5, Adobe InDesign 7.5, Adobe InDesign 7.5, Adobe InDesign 7.5, Adobe InDesign 7.5, Adobe InDesign 7.5, Adobe InDesign 7.5, Adobe InDesign 7.5, Adobe InDesign 7.5, Adobe InDesign 7.5, Adobe InDesign 7.5, Adobe InDesign 7.5, Adobe InDesign 7.5, Adobe InDesign 7.5, Adobe InDesign 7.5, Adobe InDesign 7.5, Adobe InDesign 7.5, Adobe InDesign 7.5, Adobe InDesign 7.5, Adobe InDesign 7.5, Adobe InDesign 7.5, Adobe InDesign 7.5, Adobe InDesign 7.5, Adobe InDesign 7.5, Adobe InDesign 7.5, Adobe InDesign 7.5, Adobe InDesign 7.5, Adobe InDesign 7.5, Adobe InDesign 7.5, Adobe InDesign 7.5, Adobe InDesign 7.5, Adobe InDesign 7.5, Adobe InDesign 7.5, Adobe InDesign 7.5, Adobe InDesign 7.5, Adobe InDesign 7.5, Adobe InDesign 7.5, Adobe InDesign 7.5, Adobe InDesign 7.5, Adobe InDesign 7.5, Adobe InDesign 7.5, Adobe InDesign 7.5, Adobe InDesign 7.5, Adobe InDesign 7.5, Adobe InDesign 7.5, Adobe InDesign 7.5, Adobe InDesign 7.5, Adobe InDesign 7.5, Adobe InDesign 7.5, Adobe InDesign 7.5, Adobe InDesign 7.5, Adobe InDesign 7.5, Adobe InDesign 7.5, Adobe InDesign 7.5, Adobe InDesign 7.5, Adobe InDesign 7.5, Adobe InDesign 7.5, Adobe InDesign 7.5, Adobe InDesign 7.5, Adobe InDesign 7.5, Adobe InDesign 7.5, Adobe InDesign 7.5, Adobe InDesign 7.5","2015:05:12 15:00:40+02:00, 2015:05:12 15:03:15+02:00, 2015:05:12 15:03:15+02:00, 2015:05:12 15:10:35+02:00, 2015:05:12 15:12:32+02:00, 2015:05:12 15:22:36+02:00, 2015:05:12 15:23:07+02:00, 2015:05:12 15:24:27+02:00, 2015:05:12 15:25:30+02:00, 2015:05:12 15:33:37+02:00, 2015:05:12 15:37:42+02:00, 2015:05:12 15:41:27+02:00, 2015:05:12 15:43:21+02:00, 2015:05:12 15:44:15+02:00, 2015:05:12 15:52:40+02:00, 2015:05:12 15:54:29+02:00, 2015:05:12 15:56:49+02:00, 2015:05:12 16:05:28+02:00, 2015:05:12 16:06:12+02:00, 2015:05:12 16:06:17+02:00, 2015:05:12 16:06:35+02:00, 2015:05:12 16:57:13+02:00, 2015:05:12 16:58:23+02:00, 2015:05:12 17:01:06+02:00, 2015:05:12 17:03:11+02:00, 2015:05:12 17:07:31+02:00, 2015:05:12 17:07:42+02:00, 2015:05:12 17:10+02:00, 2015:05:12 17:10:35+02:00, 2015:05:12 17:11:09+02:00, 2015:05:12 17:18+02:00, 2015:05:12 17:19:54+02:00, 2015:05:12 17:22:10+02:00, 2015:05:12 17:24:22+02:00, 2015:05:12 17:29:45+02:00, 2015:05:12 17:30:28+02:00, 2015:05:12 17:32:03+02:00, 2015:05:12 17:32:22+02:00, 2015:05:12 17:34:26+02:00, 2015:05:12 17:37:09+02:00, 2015:05:12 17:37:47+02:00, 2015:05:12 17:41:31+02:00, 2015:05:12 17:50:23+02:00, 2015:05:12 17:56:04+02:00, 2015:05:12 17:56:55+02:00, 2015:05:12 17:57:12+02:00, 2015:05:12 17:58:21+02:00, 2015:05:12 17:59:36+02:00, 2015:05:12 18:03:04+02:00, 2015:05:12 18:04:58+02:00, 2015:05:12 18:11:36+02:00, 2015:05:12 18:13:23+02:00, 2015:05:12 18:16:12+02:00, 2015:05:13 15:48:42+02:00, 2015:05:13 15:49:31+02:00, 2015:05:13 17:50:38+02:00, 2015:05:19 16:09:13+02:00, 2015:05:19 16:17:25+02:00, 2015:05:19 16:18:55+02:00, 2015:05:19 16:24:47+02:00, 2015:05:19 16:28:10+02:00, 2015:05:19 16:37:08+02:00, 2015:05:19 16:38:30+02:00, 2015:05:19 16:38:58+02:00, 2015:05:19 16:40:40+02:00, 2015:05:19 16:44:12+02:00, 2015:05:19 16:44:34+02:00, 2015:05:19 16:47:06+02:00, 2015:05:19 16:48:29+02:00, 2015:05:19 16:50:43+02:00, 2015:05:19 16:51:35+02:00, 2015:05:19 16:54:23+02:00, 2015:05:19 16:54:35+02:00, 2015:05:19 17:08:23+02:00, 2015:05:19 17:12:24+02:00, 2015:05:19 17:12:43+02:00, 2015:05:19 17:12:59+02:00, 2015:05:19 17:15:26+02:00, 2015:05:19 17:17:49+02:00, 2015:05:19 17:19:32+02:00, 2015:05:19 17:21:51+02:00, 2015:05:19 17:26:31+02:00, 2015:05:19 17:31:50+02:00, 2015:05:19 17:37:05+02:00, 2015:05:19 17:37:25+02:00, 2015:05:19 17:38:07+02:00, 2015:05:19 17:45:30+02:00, 2015:05:19 17:46:17+02:00, 2015:05:19 17:47:28+02:00, 2015:05:19 17:50:22+02:00, 2015:05:19 17:50:45+02:00, 2015:05:19 17:51:14+02:00, 2015:05:19 17:51:49+02:00, 2015:05:19 17:52:04+02:00, 2015:05:27 07:54:17+02:00, 2015:05:27 07:54:34+02:00, 2015:05:27 07:55:25+02:00, 2015:05:27 08:00:43+02:00, 2015:05:27 08:05:23+02:00, 2015:05:27 08:05:34+02:00, 2015:05:27 08:08:34+02:00, 2015:05:27 08:55:14+02:00, 2015:05:27 10:05:21+02:00, 2016:04:12 10:57:22+02:00, 2016:04:12 10:57:22+02:00, 2016:04:12 10:59:54+02:00, 2016:04:12 11:15:11+02:00, 2016:04:12 11:15:55+02:00, 2016:04:12 11:16:11+02:00, 2016:04:12 11:18:54+02:00, 2016:04:12 11:31:57+02:00, 2016:04:12 12:09:57+02:00, 2016:04:12 12:15:09+02:00, 2016:04:12 12:15:36+02:00, 2016:04:12 12:16:19+02:00, 2016:04:12 12:18:29+02:00, 2016:04:12 12:18:41+02:00, 2016:04:12 12:19:31+02:00, 2016:04:12 15:42:36+02:00, 2016:04:12 15:46:15+02:00, 2016:04:12 15:46:28+02:00, 2016:04:12 15:47:14+02:00, 2016:04:12 15:48:27+02:00, 2016:04:12 15:50:53+02:00, 2016:04:12 15:55:13+02:00, 2016:04:12 15:55:59+02:00, 2016:04:12 15:58:07+02:00, 2016:04:12 16:16:26+02:00, 2016:04:12 16:19:35+02:00, 2016:04:12 16:19:55+02:00, 2016:04:12 16:22:24+02:00, 2016:04:12 16:23+02:00, 2016:04:12 16:26:32+02:00, 2016:04:12 16:27:01+02:00, 2016:04:12 16:30:52+02:00, 2016:04:12 16:31:12+02:00, 2016:04:12 16:36:10+02:00, 2016:04:12 16:37:35+02:00, 2016:04:12 16:37:55+02:00, 2016:04:12 16:38:59+02:00, 2016:04:12 16:39:11+02:00, 2016:04:12 17:06:23+02:00, 2016:04:12 17:08:39+02:00, 2016:04:12 17:09:17+02:00, 2016:04:12 17:11:27+02:00, 2016:04:12 17:17:02+02:00, 2016:04:12 17:25:48+02:00, 2016:04:12 17:29:37+02:00, 2016:04:12 17:35:49+02:00, 2016:04:12 17:40:48+02:00, 2016:04:12 17:45:39+02:00, 2016:04:12 17:48:09+02:00, 2016:04:12 17:48:37+02:00, 2016:04:12 17:50:28+02:00, 2016:04:12 17:53:19+02:00, 2016:04:12 17:53:52+02:00, 2016:04:12 17:54:19+02:00, 2016:04:12 17:55:24+02:00, 2016:04:12 17:58:20+02:00, 2016:04:12 18:04:53+02:00, 2016:04:12 18:08:10+02:00, 2016:04:12 18:09:22+02:00, 2016:04:12 18:09:43+02:00, 2016:04:12 18:10:52+02:00, 2016:04:12 18:13:58+02:00, 2016:04:12 18:21:52+02:00, 2016:04:12 18:28:27+02:00, 2016:04:12 18:28:38+02:00, 2016:04:18 09:47:40+02:00, 2016:04:18 09:49:10+02:00, 2016:04:18 09:54:41+02:00, 2016:04:18 10:03:42+02:00, 2016:04:18 10:55:04+02:00, 2016:04:18 10:56:41+02:00, 2016:04:18 11:57:20+02:00, 2016:04:18 15:54:54+02:00, 2016:04:18 15:55:55+02:00, 2016:04:18 15:56:32+02:00, 2016:04:18 15:56:55+02:00, 2016:04:18 15:57:54+02:00, 2016:04:18 15:59:28+02:00, 2016:04:18 16:01:45+02:00, 2016:04:18 16:03:09+02:00, 2016:04:18 16:06:57+02:00, 2016:04:18 16:07:28+02:00, 2016:04:18 16:08:28+02:00, 2016:04:18 18:48:38+02:00, 2016:04:18 18:50:03+02:00, 2016:04:18 18:52:41+02:00, 2016:04:19 15:11:17+02:00, 2016:04:19 15:11:30+02:00, 2016:04:19 15:13:08+02:00, 2016:04:19 15:14:08+02:00, 2016:05:17 11:50:26+02:00, 2016:05:17 11:50:27+02:00, 2016:05:17 12:07:24+02:00, 2016:05:17 12:10:54+02:00, 2016:05:17 12:11:32+02:00, 2016:05:17 12:11:48+02:00, 2016:05:17 12:18:19+02:00, 2016:05:17 12:21:42+02:00, 2016:05:17 12:23:04+02:00, 2016:05:17 12:23:27+02:00, 2016:05:17 12:24:52+02:00, 2016:05:17 15:05:20+02:00, 2016:05:17 15:05:42+02:00, 2016:05:17 15:08:29+02:00, 2016:05:17 15:10:48+02:00, 2016:05:17 15:10:58+02:00, 2016:05:17 15:11:04+02:00, 2016:05:17 15:13:04+02:00, 2016:05:17 15:17:06+02:00, 2016:05:17 15:20:39+02:00, 2016:05:17 15:22:27+02:00, 2016:05:17 15:22:53+02:00, 2016:05:17 15:25:55+02:00, 2016:05:17 15:26:20+02:00, 2016:05:17 15:27:15+02:00, 2016:05:17 15:28:17+02:00, 2016:05:17 15:28:50+02:00, 2016:05:17 15:34:37+02:00, 2016:05:17 17:34:45+02:00, 2016:05:18 10:22:15+02:00, 2016:05:18 10:24:30+02:00, 2016:05:18 10:31:17+02:00, 2016:05:18 10:36:47+02:00, 2016:05:18 12:07:01+02:00, 2016:05:18 15:12:09+02:00, 2016:05:18 15:12:26+02:00",,,,,,,,uuid:a4f34e89-2b4b-6d44-8a22-034318723328,,,,,,,Yes,,,,,,,,,,,,,,,,,,,,,,2016:05:18 15:13:29+02:00,application/pdf,,2016:05:18 15:13:29+02:00,,,,,,,,xmp.did:44E5F7E51E2068118083E70B9509A9A1,293,"(Binary data 11110 bytes, use -b option to extract), (Binary data 6227 bytes, use -b option to extract)","JPEG, JPEG","256, 256","1, 2","256, 256",,,,,,1.4,,,,,,,,,,,,,,Adobe PDF Library 9.9,,,,,,,,,,,,,,,proof:pdf,,,,,,,,,,,,,,,,,,,,,,,,,,,,,,,,Yes,,,,,,,,,,,,False,,,,,,,,,,,,,,,,,,,,"Adobe XMP Core 5.2-c003 61.141987, 2011/02/22-12:03:51        ",,,,,,,,,,,,
./downloaded_docs/ALU_1951_036_004_06001951.pdf,,,,,,,,,,,,,,,,,,,,,,,,,,,,,,,,,,B,,,,2024:11:05 20:54:34Z,,ABBYY FineReader Engine 12,ABBYY FineReader Engine 12,,,,,,,,,,,,,./downloaded_docs,,,,,uuid:2BF96FCA-0930-9378-F92B-BE851D29D7BA,,,,,,13.59,2026:07:31 13:57:01-04:00,2026:07:29 12:27:32-04:00,2026:07:29 12:27:32-04:00,ALU_1951_036_004_06001951.pdf,-rw-rw-rw-,22 MB,PDF,pdf,application/pdf,,,,,,,,,,,,,,,,,,,,,,,,,,,,,en-US,,,,No,,,,,,,,,,,,,,,,,,,,,,,application/pdf,,2024:11:05 20:54:34Z,,,,,,,,,28,,,,,,,,,,1,1.4,,,,,,,,,,,,,,,,,,,,,,,,,,,,,,,,,,,,,,,,,,,,,,,,,,,,,,,,,,,,,,,,,,,,,,,,,,,,,,,,,,,,,,,,,Superfluous BOM at start of XMP,,,,,,,,,,,,,,,,
./downloaded_docs/AnnualReport2022.pdf,,,,,,,,,,,,,,,,,,,,,,,,,,,,,,,,,,,,,,2023:06:15 09:20:48-04:00,,Adobe InDesign 18.3 (Macintosh),Adobe InDesign 18.3 (Macintosh),,,xmp.did:6b34eb41-61e0-49f7-8a45-1df84e22c5a7,xmp.iid:13f8e0e5-c9de-42db-b92c-b1b7fd3f45d2,xmp.did:0fc8d8dd-4296-4998-b6e7-d4d50dd57c9a,default,,,,,,,./downloaded_docs,,,,,xmp.id:4519b20d-91d9-49be-85f6-5935aa487446,,,,,,13.59,2026:07:31 13:57:01-04:00,2026:07:29 12:26:39-04:00,2026:07:29 12:26:39-04:00,AnnualReport2022.pdf,-rw-rw-rw-,4.3 MB,PDF,pdf,application/pdf,,,,,,,,,,,,,converted,/,,from application/x-indesign to application/pdf,Adobe InDesign 18.3 (Macintosh),2023:06:15 09:20:48-04:00,,,,,,,,uuid:9f1ff781-03ba-bb46-8fa6-7bca2bcb4dd5,,,en-US,,,,Yes,,,,,,,,,,,,,,,,,,,,,,2023:06:15 09:24:11-04:00,application/pdf,,2023:06:15 09:24:11-04:00,,,,,,,,xmp.did:0fc8d8dd-4296-4998-b6e7-d4d50dd57c9a,70,,,,,,,,,,,1.4,,,,,,,,,,,,,,Adobe PDF Library 17.0,,,,,,,,,,,,,,,proof:pdf,,,,,,,,,,,,,,,,,,,,,,,,,,,,,,,,Yes,,,,,,,,,,,,False,,,,,,,,,,,,,,,,,,,,"Adobe XMP Core 9.1-c001 79.2a0d8d9, 2023/03/14-11:19:46        ",,,,,,,,,,,,
./downloaded_docs/APMC-2024-Program-Book-v6.pdf,,,,,,,,,,,,,,,,,,,,,,,,,,,,,,,,,,,,,,2024:10:29 11:41:02+07:00,,,,,,,,,,,,,,,,./downloaded_docs,,,,,uuid:b0253706-9e3d-497c-93f6-067ca4a77881,,,,,,13.59,2026:07:31 13:57:01-04:00,2026:07:30 11:28:28-04:00,2026:07:30 11:28:28-04:00,APMC-2024-Program-Book-v6.pdf,-rw-rw-rw-,5.0 MB,PDF,pdf,application/pdf,,,,,,,,,No,,,,,,,,,,,,,,,,,uuid:c6217819-184d-42f0-ae29-f47e71fc243b,,,,,,,No,,,,,,,,,,,,,,,,,,,,,,2024:10:31 13:54:40+07:00,application/pdf,,2024:10:31 13:54:40+07:00,,,,,,,,,208,,,,,,,,,,,1.6,,,,,,,,,,,,,,PDFill PDF Editor 15.0,,,,,,,,,,,,,,,,,,,,,,,,,,,,,,,,,,,,,,,,,,,,,,,,,,,,,,,,,,,,,,,,,,,,,,,,,,,,,,,"Adobe XMP Core 9.1-c001 79.675d0f7, 2023/06/11-19:21:16        ",,,,,,,,,,,,
./downloaded_docs/appendix%20i%20-%20stakeholder%20and%20public%20meeting%20documentation.pdf,,,,,,,,,,,,,,0.14307 0.06061 0.7141,"(Binary data 2060 bytes, use -b option to extract)",,,,,,,"Not Embedded, Independent",,,,,,,GRAY,,,,,,0.9642 1 0.82491,,,2021:01:29 10:26:09-05:00,,PDF-XChange Editor 7.0.326.1,PDF-XChange Editor 7.0.326.1,,,,,,,,"Reflective, Glossy, Positive, Color",none,IEC http://www.iec.ch,,IEC 61966-2.1 Default RGB colour space - sRGB,./downloaded_docs,,,,,uuid:e62240fe-277c-44cf-997e-04a4f2f9c307,,,,,,13.59,2026:08:07 08:48:05-04:00,2026:08:07 08:47:58-04:00,2026:08:07 08:47:58-04:00,appendix%20i%20-%20stakeholder%20and%20public%20meeting%20documentation.pdf,-rw-rw-rw-,18 MB,PDF,pdf,application/pdf,,"(Binary data 14 bytes, use -b option to extract)",0.38515 0.71687 0.09708,"(Binary data 2060 bytes, use -b option to extract)",,,,,No,,,,,,,,,,,,,,,,,uuid:b936d162-4bbd-4a0c-8bd7-6f522427eae6,,,,,,,No,,,76.03647 80 87.12462,,,,,,,,,,,0 0 0,0.999%,Unknown,D65,CIE 1931,0 0 0,,0.9505 1 1.0891,2021:02:02 13:20:17-05:00,application/pdf,,2021:03:02 11:00:27-05:00,,,,,,,,,224,,,,,,SinglePage,UseOutlines,,,,1.7,,Apple Computer Inc.,,,,,,,,,,,,PDF-XChange Core API SDK (7.0.326.1),Display Device Profile,Adobe Systems Inc.,"XYZ ",Copyright 1999 Adobe Systems Incorporated,Adobe Systems Inc.,1999:06:03 00:00:00,Gray Gamma 2.2,acsp,0,2.1.0,,0.43607 0.22249 0.01392,"(Binary data 2060 bytes, use -b option to extract)",Perceptual,,,,,,,,,,,,,,,,,,,,,,,,,,,,,,,,,,Cathode Ray Tube Display,,,,,,,,,,,,,,,,,,,,,,Reference Viewing Condition in IEC61966-2.1,19.6445 20.3718 16.8089,D50,3.92889 4.07439 3.36179,,,,,,XMP Core 5.5.0,,,,,,,,,,,,
./downloaded_docs/ARORA-Transportation-Qualifications_WEB.pdf,,,,,,,,,,,,,,,,,,,,,,,,,,,,,,,,,,,,,,2018:09:12 14:26:30-04:00,,Adobe InDesign CC 13.1 (Windows),Adobe InDesign CC 13.1 (Windows),,,xmp.did:223204b9-fc7e-154f-aea6-b271abef6408,xmp.iid:9080a300-e554-074a-a3fc-96f2320697c4,xmp.did:68675bf5-4b6a-4246-a8c8-2ac5e0c4acf4,default,,,,,,,./downloaded_docs,,,,,xmp.id:32e71521-cc9a-8d4e-ad74-a9269cc06e07,,,,,,13.59,2026:07:31 13:57:01-04:00,2026:07:31 09:57:32-04:00,2026:07:31 09:57:32-04:00,ARORA-Transportation-Qualifications_WEB.pdf,-rw-rw-rw-,5.0 MB,PDF,pdf,application/pdf,,,,,,,,,,,,,converted,/,,from application/x-indesign to application/pdf,Adobe InDesign CC 13.1 (Windows),2018:09:12 14:26:30-04:00,,,,,,,,uuid:1d93b399-8491-4ed5-8157-f285ffb4ee4c,,,en-US,,,,No,,,,,,,,,,,,,,,,,,,,,,2018:09:12 14:32:15-04:00,application/pdf,,2018:09:12 14:32:15-04:00,,,,,,,,xmp.did:68675bf5-4b6a-4246-a8c8-2ac5e0c4acf4,27,,,,,,SinglePage,UseOutlines,,,,1.5,,,,,,,,,,,,,,Adobe PDF Library 15.0,,,,,,,,,,,,,,,proof:pdf,,,,,,,,,,,,,,,,,,,,,,,,,,,,,,,,Yes,,,,,,,,,,,,False,,,,,,,,,,,,,,,,,,,,"Adobe XMP Core 5.6-c015 84.159810, 2016/09/10-02:41:30        ",,,,,,,,,,,,
./downloaded_docs/ASM-Fly-In-Congressional-Bios-2023.pdf,,,,,,,,,,,,,Sue Ramthun,,,,,,,,,,,,,,,,,,,,,,,,,2023:07:14 15:56:59-04:00,,Sue Ramthun,Acrobat PDFMaker 23 for Word,,,,,,,,,,,,,./downloaded_docs,,,,,uuid:f30c94db-75cb-42f3-a843-fee51c025457,,,,,,13.59,2026:07:31 13:57:01-04:00,2026:07:31 09:58:57-04:00,2026:07:31 09:58:57-04:00,ASM-Fly-In-Congressional-Bios-2023.pdf,-rw-rw-rw-,9.2 MB,PDF,pdf,application/pdf,,,,,,,,,No,,,,,,,,,,,,,,,,,uuid:e7c162a7-1928-4865-9686-710915688e49,,,,,,,Yes,,,,,,,,,,,,,,,,,,,,,,2023:07:14 16:06:06-04:00,application/pdf,,2023:07:14 16:06:06-04:00,,,,,,,,,241,,,,,,,,,,,1.6,,,,,,,,,,,,,,Adobe PDF Library 23.3.20,,,,,,,,,,,,,,,,,,,,,,,,,,,,,,,,,,,,,,,,,,,,,,,Yes,,,,,,,,,,,,,,,,,,,,,,,,,,,,,,,,"Adobe XMP Core 9.1-c001 79.2a0d8d9, 2023/03/14-11:19:46        ",,,,,,,,,,,,
./downloaded_docs/board-agenda-2021-05-13.pdf,,,,,,,,,,,,,,,,,,,,,,,,,,,,,,,,,,,,,,2021:05:06 23:07:56-04:00,,Microsoft® Word for Microsoft 365,Microsoft® Word for Microsoft 365,,,,,,,,,,,,,./downloaded_docs,,,,,uuid:E84D02B0-ECAF-48BA-B3A8-2077F5F76540,,,,,,13.59,2026:07:31 13:57:01-04:00,2026:07:30 11:28:03-04:00,2026:07:30 11:28:03-04:00,board-agenda-2021-05-13.pdf,-rw-rw-rw-,110 kB,PDF,pdf,,,,,,,,,,,,,,,,,,,,,,,,,,,uuid:E84D02B0-ECAF-48BA-B3A8-2077F5F76540,,,en-US,,,,No,,,,,,,,,,,,,,,,,,,,,,2021:05:06 23:09:36-04:00,application/pdf,,2021:05:06 23:09:36-04:00,,,,,,,,,6,,,,,,,,,,,1.7,,,,,,,,,,,,,,Microsoft® Word for Microsoft 365,,,,,,,,,,,,,,,,,,,,,,,,,,,,,,,,,,,,,,,,,,,,,,,,,,,,,,,PHFA Board Agenda May 2021,,,,,,,,,,,,,,,,,,,,,,,,3.1-701,,,,,,,,,,,,
./downloaded_docs/BrookhavenParksideUplandBoroMultiMuniCompPlan.pdf,,,,,,,,,,,,,,,,,,,,,,,,,,,,,,,,,,,,,,2011:10:03 13:01:08-04:00,,Adobe Acrobat Pro 9.4.6,Adobe Acrobat Pro 9.4.6,,,,,,,,,,,,,./downloaded_docs,,,,,uuid:b7d2e60a-249d-4b63-b3a0-087216c352e3,,,,,,13.59,2026:07:31 13:57:01-04:00,2026:07:31 09:58:40-04:00,2026:07:31 09:58:40-04:00,BrookhavenParksideUplandBoroMultiMuniCompPlan.pdf,-rw-rw-rw-,7.3 MB,PDF,pdf,application/pdf,,,,,,,,,No,,,,,,,,,,,,,,,,,uuid:754e965f-b7ac-48ea-8c08-7f98dbfeaded,,,,,,,Yes,,,,,,,,,,,,,,,,,,,,,,2022:04:18 15:40:38-04:00,application/pdf,,2022:04:18 15:40:38-04:00,,,,,,,,,279,,,,,,,,,,,1.6,,,,,,,,,,,,,,Acrobat Distiller 9.4.6 (Windows),,,,,,,,,,,,,,,,,,,,,,,,,,,,,,,,,,,,,,,,,,,,,,,,,,,,,,,,,,,,,,,,,,,,,,,,,,,,,,,"Adobe XMP Core 7.1-c000 79.425dc87, 2021/10/27-16:20:32        ",,,,,,,,,,,,
./downloaded_docs/bucks-county-muncipal-directory-2018.pdf,,,,,,,,,,,,,dwmcelwee,,,,,,,,,,,,,,,,,,,,,,,,,2018:04:23 14:39:33-04:00,,dwmcelwee,Adobe Acrobat Pro 11.0.23,,,,,,,,,,,,,./downloaded_docs,,,,,uuid:f8c2296a-1b7e-4561-ad30-43be0152d28d,,,,,,13.59,2026:08:07 08:46:51-04:00,2026:07:28 10:44:36-04:00,2026:08:07 08:46:50-04:00,bucks-county-muncipal-directory-2018.pdf,-rw-rw-rw-,6.7 MB,PDF,pdf,application/pdf,,,,,,,,,No,,,,,,,,,,,,,,,,,uuid:7f7bda21-431d-41f7-8945-a5d6ffd8ad43,,,,,,,Yes,,,,,,,,,,,,,,,,,,,,,,2018:04:30 15:30:12-04:00,application/pdf,,2018:04:30 15:30:12-04:00,,,,,,,,,115,,,,,,SinglePage,UseOutlines,,,,1.6,,,,,,,,,,,,,,Adobe Acrobat Pro 11.0.23,,,,,,,,,,,,,,,,,,,,,,,,,,,,,,,,,,,,,,,,,,,,,,,No,,,,,,,,,,,,,,,,,,,,,,,,,,,,,,,,"Adobe XMP Core 5.2-c001 63.139439, 2010/09/27-13:37:26        ",,,,,,,,,,,,
./downloaded_docs/cancer-2025-conference-abstract-book.pdf,,,,,,,,,,,,,"Rajvir Dahiya, Professor Paulo De Morais, Dr Sergey Suchkov, MD, PhD",,,,,,,,,,,,,,,,,,,,,,,,,2025:11:25 12:02:52+05:30,,"Rajvir Dahiya, Professor Paulo De Morais, Dr Sergey Suchkov, MD, PhD",Adobe InDesign 14.0 (Windows),,,xmp.did:c04b4a78-fcf0-2f49-9409-799b4671ae99,xmp.iid:6057facb-e5bf-e746-b821-aa95cc453f57,xmp.did:122321F55E8FE611B289DF296BB72615,default,"Proceedings of the International Conference on Cancer Science and Research (Cancer 2025), 17–19 November 2025, Singapore & Online. doi: 10.30654/MJCS.Cancer2025.AbsBook",,,,,,./downloaded_docs,,,,,xmp.id:d5d8522e-c4ed-8a4b-82d8-0dcece3fe8e0,,,,,,13.59,2026:07:31 13:57:01-04:00,2026:07:28 10:44:46-04:00,2026:07:28 10:44:46-04:00,cancer-2025-conference-abstract-book.pdf,-rw-rw-rw-,5.5 MB,PDF,pdf,application/pdf,,,,,,,,,No,,,,converted,/,,from application/x-indesign to application/pdf,Adobe InDesign CC 14.0 (Windows),2025:11:25 12:02:52+05:30,,,,,,,,uuid:ef8b737c-e026-4e01-a08e-2182a5f2580f,,"cancer, oncology, abstract book, conference, Cancer 2025, Mathews Journal of Cancer Science ",en-US,,,,No,,,,,,,,,,,,,,,,,,,,,,2025:12:09 11:17:09+05:30,application/pdf,,2025:12:09 11:17:09+05:30,,,,,,,,xmp.did:122321F55E8FE611B289DF296BB72615,132,,,,,,,,,,,1.7,,,,,,,,,,,,,,"3.0.30 (5.1.14) ",,,,,,,,,,,,,,,proof:pdf,,,,,,,,,,,,,,,,,,,"cancer, oncology, abstract book, conference, Cancer 2025, Mathews Journal of Cancer Science",,,,,,,,,,,,,,,,,,,,,Cancer 2025 – Conference Abstract Book,,,,False,,,,,,,,,,,,,,,,[Minor] Ignored duplicate Info dictionary [x3],,,,"Adobe XMP Core 5.4-c006 80.159825, 2016/09/16-03:31:08        ",,,,,,,,,,,,
./downloaded_docs/City_MOA.pdf,,,,,,,,,,,,,,,,,,,,,,,,,,,,,,,,,,,,,,2021:11:04 14:26:14-04:00,,RICOH MP C6503,,,,,,,,,,,,,,./downloaded_docs,,,,,,,,,,,13.59,2026:08:07 08:46:35-04:00,2026:07:28 10:43:49-04:00,2026:08:07 08:46:35-04:00,City_MOA.pdf,-rw-rw-rw-,1252 kB,PDF,pdf,,,,,,,,,,,,,,,,,,,,,,,,,,,,,,,,,,No,,,,,,,,,,,,,,,,,,,,,,,application/pdf,,2021:11:04 14:26:14-04:00,,,,,,,,,11,,,,,,,,,,,1.4,,,,,,,,,,,,,,RICOH MP C6503,,,,,,,,,,,,,,,,,,,,,,,,,,,,,,,,,,,,,,,,,,,,,,,,,,,,,,,,,,,,,,,,,,,,,,,,,,,,,,,,,,,,,,,,,,,
./downloaded_docs/CMS-Comment-Letter-from-HECCD-Petition-Signers.pdf,,,,,,,,,,,,,,,,,,,,,,,,,,,,,,,,,,,,,,,,Google Sheets,,,,,,,,,,,,,,./downloaded_docs,,,,,,,,,,,13.59,2026:08:07 08:46:40-04:00,2026:07:28 10:43:52-04:00,2026:08:07 08:46:40-04:00,CMS-Comment-Letter-from-HECCD-Petition-Signers.pdf,-rw-rw-rw-,733 kB,PDF,pdf,,,,,,,,,,,,,,,,,,,,,,,,,,,,,,,,,,No,,,,,,,,,,,,,,,,,,,,,,,application/pdf,,2025:01:24 21:16:10Z,,,,,,,,,90,,,,,,,,,,,1.4,,,,,,,,,,,,,,"macOS Version 12.6.9 (Build 21G726) Quartz PDFContext, AppendMode 1.1",,,,,,,,,,,,,,,,,,,,,,,,,,,,,,,,,,,,,,,,,,,,,,,,,,,,,,,Copy of Final Petition Signees list,,,,,,,,,,,,,,,,,,,,,,,,,,,,,,,,,,,,
./downloaded_docs/Committees_Contact_List.pdf,,,,,,,,,,,,,terri,,,,,,,,,,,,,,,,,,,,,,,,,2018:10:01 13:12:26-04:00,,,,,,,,,,,,,,,,./downloaded_docs,,,,,,,,,,,13.59,2026:07:31 13:57:01-04:00,2026:07:31 09:58:58-04:00,2026:07:31 09:58:58-04:00,Committees_Contact_List.pdf,-rw-rw-rw-,251 kB,PDF,pdf,,,,,,,,,,,,,,,,,,,,,,,,,,,,,,,,,,No,,,,,,,,,,,,,,,,,,,,,,,application/pdf,,2018:10:01 13:12:26-04:00,,,,,,,,,11,,,,,,,,,,,1.7,,,,,,,,,,,,,,Microsoft: Print To PDF,,,,,,,,,,,,,,,,,,,,,,,,,,,,,,,,,,,,,,,,,,,,,,,,,,,,,,,2018-2019 committee list 9-26.xls,,,,,,,,,,,,,,,,,,,,,,,,,,,,,,,,,,,,
./downloaded_docs/Construction-Today-Summer-2011.pdf,,,,,,,,,,,,,,,,,,,,,,,,,,,,,,,,,,,,,,2013:04:10 18:24Z,,QuarkXPress(tm) 6.5,QuarkXPress(tm) 6.5,,,,,,,,,,,,,./downloaded_docs,,,,,uuid:e7a48bf7-48b8-408f-919a-45c3474ae540,,,,,,13.59,2026:07:31 13:57:01-04:00,2026:07:29 12:27:05-04:00,2026:07:29 12:27:05-04:00,Construction-Today-Summer-2011.pdf,-rw-rw-rw-,32 MB,PDF,pdf,application/pdf,,,,,,,,,,,,,,,,,,,,,,,,,,uuid:78faa20d-da01-4811-9d7e-966e1a48842d,,,,,,,Yes,,,,,,,,,,,,,,,,,,,,,,2013:04:10 20:43:46-04:00,application/pdf,,2013:04:10 20:43:46-04:00,,,,,,,,,48,,,,,,,,,,,1.6,,,,,,,,,,,,,,QuarkXPress(tm) 6.5,,,,,,,,,,,,,,,,,,,,,,,,,,,,,,,,,,,,,,,,,,,,,,,,,,,,,,,Layout 1,,,,,,,,,,,,,,,,,,,,,,,,"Adobe XMP Core 4.0-c316 44.253921, Sun Oct 01 2006 17:08:23","%%DocumentProcessColors: Cyan Magenta Yellow Black
%%DocumentCustomColors: (rich k)
%%+ (PANTONE Warm Gray 8 C)
%%+ (PANTONE 180 C)
%%+ (PANTONE 172 C)
%%+ (PANTONE 286 C)
%%+ (PANTONE 2748 U)
%%+ (PANTONE 285 U)
%%CMYKCustomColor: .4 .2 .1 1 (rich k)
%%+ 0 .09 .16 .43 (PANTONE Warm Gray 8 C)
%%+ 0 .79 1 .11 (PANTONE 180 C)
%%+ 0 .66 .88 0 (PANTONE 172 C)
%%+ 1 .66 0 .02 (PANTONE 286 C)
%%+ 1 .88 0 .14 (PANTONE 2748 U)
%%+ .89 .43 0 0 (PANTONE 285 U)
%%EndComments",,,,,,,,,,,
./downloaded_docs/corp_counsel.pdf,,,,,,,,,,,,,,,,,,,,,,,,,,,,,,,,,,,,,,2011:10:17 13:43:25-04:00,,Adobe InDesign CS3 (5.0.5),Adobe InDesign CS3 (5.0.5),,,,,,,,,,,,,./downloaded_docs,,,,,uuid:13d0addc-16ee-445d-a528-c9689102c5ea,,,,,,13.59,2026:07:31 13:57:01-04:00,2026:07:31 09:58:48-04:00,2026:07:31 09:58:48-04:00,corp_counsel.pdf,-rw-rw-rw-,185 kB,PDF,pdf,application/pdf,,,,,,,,,,,,,,,,,,,,,,,,,,uuid:635c7a58-121e-4d23-a681-21c6feba58ab,,,,,,,Yes,,,,,,,,,,,,,,,,,,,,,,2011:10:17 13:53:22-04:00,application/pdf,,2011:10:17 13:53:22-04:00,,,,,,,,,16,,,,,,,,,,,1.3,,,,,,,,,,,,,,Adobe PDF Library 8.0,,,,,,,,,,,,,,,,,,,,,,,,,,,,,,,,,,,,,,,,,,,,,,,,,,,,,,,GC2_2011_10_18.indd,,,,,,,,,,,,,,,,,,,,,,,,"Adobe XMP Core 4.0-c316 44.253921, Sun Oct 01 2006 17:14:39",,,,,,,,,,,,
"./downloaded_docs/Corrected%20TRB%20Executive%20Committee%20Meeting,%20January%208-9,%202025%20Agenda%20Book.pdf",,,,,,,,,,,,,"Hall, Sierra",,,,,,,,,,,,,,,,,,,,,,,,,2025:01:03 16:33:35-05:00,,"Hall, Sierra",Adobe Acrobat Pro (64-bit) 24.5.20320,,,,,,,,,,,,,./downloaded_docs,,,,,uuid:f1d2c598-59b0-4a12-b5ee-ba223d532fa1,,,,,,13.59,2026:08:07 08:47:46-04:00,2026:08:07 08:47:29-04:00,2026:08:07 08:47:29-04:00,"Corrected%20TRB%20Executive%20Committee%20Meeting,%20January%208-9,%202025%20Agenda%20Book.pdf",-rw-rw-rw-,11 MB,PDF,pdf,application/pdf,,,,,,,,,No,,,,,,,,,,,,,,,,,uuid:ed0e43f6-1efc-43db-9655-0979806f3f02,,,,,,,Yes,,,,,,,,,,,,,,,,,,,,,,2025:01:03 16:51:45-05:00,application/pdf,,2025:01:03 16:51:45-05:00,,,,,,,,,142,,,,,,,,,,,1.7,,,,,,,,,,,,,,Adobe Acrobat Pro (64-bit) 24.5.20320,,,,,,,,,,,,,,,,,,,,,,,,,,,,,,,,,,,,,,,,,,,,,,,No,,,,,,,,,,,,,,,,,,,,,,,,,,,,,,,,"Adobe XMP Core 9.1-c001 79.675d0f7, 2023/06/11-19:21:16        ",,,,,,,,,,,,
./downloaded_docs/Court-of-Common-Pleas-1995-00024735.pdf,,,,,,,,,,,,,11.6.0.5.V2,,,,,,,,,,,,,,,,,,,,,,,,,2011:08:02 11:58:05-04:00,,11.6.0.5.V2,Acrobat PDFMaker 8.1 for Word,,,,,,,00024734.RTF,,,,,,./downloaded_docs,,,,,uuid:40705cf1-d014-4154-bde9-267d23b6b679,,,,,,13.59,2026:07:31 13:57:01-04:00,2026:07:31 09:57:20-04:00,2026:07:31 09:57:21-04:00,Court-of-Common-Pleas-1995-00024735.pdf,-rw-rw-rw-,842 kB,PDF,pdf,application/pdf,,,,,,,,,,,00024734.RTF,,,,,,,,,,,,,,,uuid:096f4fa0-30c5-404c-bc86-c6ca1aeb89be,,,,,,,Yes,,,,,,,,,,,,,,,,,,,,,,2011:08:02 11:58:26-04:00,application/pdf,,2011:08:02 11:58:26-04:00,,,,,,,,,56,,,,,,OneColumn,,,,,1.4,,,,,,,,,,,,,,Acrobat Distiller 8.1.0 (Windows),,,,,,,,,,,,,,,,,,,,,,,,,,,,,,,,2011:08:02 15:57:42,,2,,,,,,,,,,,,,Yes,,,,,,,,CCP 1995 (00024734-1).RTF,,,,,,,,,,,,,,,,,,,,,,,,"Adobe XMP Core 4.0-c316 44.253921, Sun Oct 01 2006 17:14:39",,,,,,,,,,,,
./downloaded_docs/D-1049-17_final.pdf,,,,,,,,,,,,,,,,,,,,,,,,,,,,,,,,,,,,,,,,,,,,,,,,,,,,,,./downloaded_docs,,,,,,,,,,,13.59,2026:07:31 13:57:01-04:00,2026:07:30 11:27:49-04:00,2026:07:30 11:27:49-04:00,D-1049-17_final.pdf,-rw-rw-rw-,49 MB,PDF,pdf,,,,,,,,,,No,,,,,,,,,,,,,,,,,,,,,,,,Yes,,,,,,,,,,,,,,,,,,,,,,,application/pdf,,,,,,,,,,,365,,,,,,,,,,,1.6,,,,,,,,,,,,,,,,,,,,,,,,,,,,,,,,,,,,,,,,,,,,,,,,,,,,,,,,,,,,,No,,,,,,,,,,,,,,,,,,,,,,,,,,,,,,,,,,,,,,,,,,,,
./downloaded_docs/D-1076-17_Redacted.pdf,,,,,,,,,,,,,,,,,,,,,,,,,,,,,,,,,,,,,,,,,,,,,,,,,,,,,,./downloaded_docs,,,,,,,,,,,13.59,2026:07:31 13:57:01-04:00,2026:07:30 11:28:00-04:00,2026:07:30 11:28:00-04:00,D-1076-17_Redacted.pdf,-rw-rw-rw-,25 MB,PDF,pdf,,,,,,,,,,No,,,,,,,,,,,,,,,,,,,,,,,,Yes,,,,,,,,,,,,,,,,,,,,,,,application/pdf,,,,,,,,,,,260,,,,,,,,,,,1.6,,,,,,,,,,,,,,,,,,,,,,,,,,,,,,,,,,,,,,,,,,,,,,,,,,,,,,,,,,,,,No,,,,,,,,,,,,,,,,,,,,,,,,,,,,,,,,,,,,,,,,,,,,
./downloaded_docs/D7-2024-10-20-23-IMPACT+Transit+%2B+Community+Conference-Linda-Nunes.pdf,,,,,,,,,,,,,,,,,,,,,,,,,,,,,,,,,,,,,,2024:11:13 11:22:55-10:00,,Xerox AltaLink C8070,,,,,,,,,,,,,,./downloaded_docs,,,,,,,,,,,13.59,2026:07:31 13:57:01-04:00,2026:07:31 09:57:37-04:00,2026:07:31 09:57:37-04:00,D7-2024-10-20-23-IMPACT+Transit+%2B+Community+Conference-Linda-Nunes.pdf,-rw-rw-rw-,983 kB,PDF,pdf,,,,,,,,,,,,,,,,,,,,,,,,,,,,,,,,,,No,,,,,,,,,,,,,,,,,,,,,,,application/pdf,,,,,,,,,,,12,,,,,,,,,,,1.4,,,,,,,,,,,,,,Xerox AltaLink C8070,,,,,,,,,,,,,,,,,,,,,,,,,,,,,,,,,,,,,,,,,,,,,,,,,,,,,,,,,,,,,,,,,,,,,,,,,,,,,,,,,,,,,,,,,,,
./downloaded_docs/Dan_Paul_OTM.pdf,,,,,,,,,,,,,jeanette troche,,,,,,,,,,,,,,,,,,,,,,,,,2015:06:08 10:44:20-04:00,,Microsoft® Word 2013,,,,,,,,,,,,,,./downloaded_docs,,,,,,,,,,,13.59,2026:07:31 13:57:01-04:00,2026:07:29 12:28:24-04:00,2026:07:29 12:28:24-04:00,Dan_Paul_OTM.pdf,-rw-rw-rw-,224 kB,PDF,pdf,,,,,,,,,,,,,,,,,,,,,,,,,,,,,,en-US,,,,No,,,,,,,,,,,,,,,,,,,,,,,application/pdf,,2015:06:08 10:44:20-04:00,,,,,,,,,2,,,,,,,,,,,1.5,,,,,,,,,,,,,,Microsoft® Word 2013,,,,,,,,,,,,,,,,,,,,,,,,,,,,,,,,,,,,,,,,,,,,,,,Yes,,,,,,,,,,,,,,,,,,,,,,,,,,,,,,,,,,,,,,,,,,,,
./downloaded_docs/db10.pdf,,,,,,,,,,,,,Jeff Staton,,,,,,,,,,,,,,,,,,,,,,,,,2003:03:16 02:26:46-08:00,2003:03:16 10:26:46Z,Jeff Staton,,,,,,,,,,,,,,./downloaded_docs,,,,,,,,,,,13.59,2026:08:07 08:47:47-04:00,2026:08:07 08:47:45-04:00,2026:08:07 08:47:45-04:00,db10.pdf,-rw-rw-rw-,386 kB,PDF,pdf,,,,,,,,,,,,,,,,,,,,,,,,,,,,,,,,,,Yes,,,,,,,,,,,,,,,,,,,,,,2003:03:16 10:26:46Z,application/pdf,2003:03:16 10:26:46Z,2003:03:16 02:26:46-08:00,,,,,,,,,12,,,,,,,,,,,1.4,,,,,,,,,,,,,,Acrobat Distiller 5.0.5 (Windows),,,,,,,,,,,,,,,,,,,,,,,,,,,,,,,,,,,,,,,,,,,,,,,,,,,,,,,db10.qxd,,,,,,,,,,,,,,,,,,,,,,,,,,,,,,,,,,,,
./downloaded_docs/EAM_Misc_Records_Vol_3.pdf,,,,,,,,,,,,,Transcribed by Gay G. Martin,,,,,,,,,,,,,,,,,,,,,,,,,2005:03:30 00:00:00,,EAM Misc Records Vol 3.doc - Microsoft Word,,,,,,,,,,,,,,./downloaded_docs,,20050330,,,,,,,,,13.59,2026:07:31 13:57:01-04:00,2026:07:28 10:45:55-04:00,2026:07:28 10:45:55-04:00,EAM_Misc_Records_Vol_3.pdf,-rw-rw-rw-,578 kB,PDF,pdf,,,,,,,,,,,,,,,,,,,,,,,,,,,,,,,,,,No,,,,,,,,,,,,,,,,,,,,"0, 0, 612, 792",,,application/pdf,,2005:03:31 12:29:02-08:00,,,,,,,,,154,,,,,,,,,,,1.3,,,,,,,,,,,,,,Acrobat PDFWriter 4.05 for Windows NT,,,,,,,,,,,,,,,,,,,,,,,,,,,,,,,,,,,,,,,,,,,,,,,,,,,,,,,EAM Misc Records Vol. 3,,,,,,,,,,,,,,,,,,,,,,,,,,,,,,,,,,,,
./downloaded_docs/ECB2nd_Chapter_MSK-SPORT_FULL.pdf,,,,,,,,,,,,,deborah shedden,,,,,,,,,,,,,,,,,,,,,,,,,2020:03:30 10:49:41Z,,deborah shedden,Microsoft Word,,,,,,,,,,,,,./downloaded_docs,,,,,uuid:370F953F-464E-4C5E-85EB-D1A2B0E1A34B,,,,,,13.59,2026:07:31 13:57:01-04:00,2026:07:29 12:26:36-04:00,2026:07:29 12:26:36-04:00,ECB2nd_Chapter_MSK-SPORT_FULL.pdf,-rw-rw-rw-,1035 kB,PDF,pdf,application/pdf,,,,,,,,,No,,,,,,,,,,,,,,,,,uuid:ee7edff8-4639-9c4a-93cf-841a80dd69b9,,,en-US,,,,No,,,,,,,,,,,,,,,,,,,,,,2020:03:30 11:59:45+01:00,application/pdf,,2020:03:30 11:59:45+01:00,,,,,,,,,20,,,,,,,,,,,1.7,,,,,,,,,,,,,,,,,,,,,,,,,,,,,,,,,,,,,,,,,,,,,,,,,,,,,,,,,,,,,Yes,,,,,,,,Submitted,,,,,,,,,,,,,,,,,,,,,,,,"Adobe XMP Core 5.6-c016 91.163616, 2018/10/29-16:58:49        ",,,,,,,,,,,,
./downloaded_docs/EM_Calendar_FINAL.pdf,,,,,,,,,,,,,,,,,,,,,,,,,,,,,,,,,,,,,,2024:08:02 09:44:39-04:00,,Adobe InDesign 19.0 (Macintosh),Adobe InDesign 19.0 (Macintosh),,,xmp.did:05565292-933f-4c03-ae7e-019b841ba457,xmp.iid:33d447d5-a170-4243-a3c5-cd5070c728ba,xmp.did:087246E919206811808396C0270342CF,default,,,,,,,./downloaded_docs,,,,,xmp.id:96643e20-fcd6-4849-ad16-4fad4e6cd96c,,,,,,13.59,2026:07:31 13:57:01-04:00,2026:07:29 12:26:45-04:00,2026:07:29 12:26:45-04:00,EM_Calendar_FINAL.pdf,-rw-rw-rw-,8.6 MB,PDF,pdf,application/pdf,,,,,,,,,,,,,converted,/,,from application/x-indesign to application/pdf,Adobe InDesign 19.0 (Macintosh),2024:08:02 09:44:39-04:00,,,,,,,,uuid:762dc39d-bb71-1146-b907-5c0e2bf3a55e,,,en-US,,,,Yes,,,,,,,,,,,,,,,,,,,,,,2024:08:02 09:44:46-04:00,application/pdf,,2024:08:02 09:44:46-04:00,,,,,,,,xmp.did:087246E919206811808396C0270342CF,44,,,,,,,,,,,1.4,,,,,,,,,,,,,,Adobe PDF Library 17.0,,,,,,,,,,,,,,,proof:pdf,,,,,,,,,,,,,,,,,,,,,,,,,,,,,,,,Yes,,,,,,,,,,,,False,,,,,,,,,,,,,,,,,,,,"Adobe XMP Core 9.1-c001 79.2dac7a4, 2023/08/07-09:49:52        ",,,,,,,,,,,,
./downloaded_docs/es203786p_si_001.pdf,436e09f7-3ccc-11e1-0000-a8c07968fbbe,,,,,,,,3.8.6.25,,,,wladmin,,,,,,,,,,,,,,,,,,,,,,,,,2012:01:09 03:19:3Z,,wladmin,Server http://www.activepdf.com,,,,,,,,,,,,,./downloaded_docs,,,,,436e09f7-3ccc-11e1-0000-a8c07968fbbe,,,,,,13.59,2026:07:31 13:57:01-04:00,2026:07:29 12:27:17-04:00,2026:07:29 12:27:17-04:00,es203786p_si_001.pdf,-rw-rw-rw-,456 kB,PDF,pdf,application/pdf,,,,,,,,,,,,,,,,,,,,,,,,,,,,,,,,,No,,,,,,,,,,,,,,,,,,,,,,,application/pdf,,2012:01:09 03:19:3Z,,,,,,,,,12,,,,,,,UseNone,,,,1.5,,,,,,,,,,,,,,activePDF Server,,,,,,,,,,,,,,,,,,,,,,,,,,,,,,,,,,,,,,,,,,,,,,,,,,,,,,,Microsoft Word - $ASQ1068194_File000003_13889385.doc,,,,,,,,,,,,,,,,,,,,,,,,"XMP toolkit 2.9.1-13, framework 1.6",,,,,,,,,,,,
./downloaded_docs/ExecLevel-Knueppel-Zale.pdf,,,,,,,,,,,,,Laura,,,,,,,,,,,,,,,,,,Hewlett-Packard,,,,,,,2012:04:25 14:41:35-04:00,,Laura,Acrobat PDFMaker 9.1 for PowerPoint,,,,,,,,,,,,,./downloaded_docs,,,,,uuid:2697fe18-f270-4329-81da-4d218a2e38ca,,,,,,13.59,2026:07:31 13:57:01-04:00,2026:07:30 11:28:10-04:00,2026:07:30 11:28:10-04:00,ExecLevel-Knueppel-Zale.pdf,-rw-rw-rw-,3.2 MB,PDF,pdf,application/pdf,,,,,,,,,,,,,,,,,,,,,,,,,,uuid:9fcdfc47-158e-466a-b3b9-52aba39e7c54,,,,,,,Yes,,,,,,,,,,,,,,,,,,,,,,2012:04:25 14:42:09-04:00,application/pdf,,2012:04:25 14:42:09-04:00,,,,,,,,,22,,,,,,SinglePage,,,,,1.5,,,,,,,,,,,,,,Adobe PDF Library 9.0,,,,,,,,,,,,,,,,,,,,,,,,,,,,,,,,,,,,,,,,,,,,,,,Yes,,,,,,,,Creating the SEPTA Asset Inventory,,,,,,,,,,,,,,,,,,,,,,,,"Adobe XMP Core 4.2.1-c043 52.372728, 2009/01/18-15:08:04        ",,,,,,,,,,,,
./downloaded_docs/exhibit_a.pdf,,,,,,,,,,,,,Justin Schorr,,,,,,,,,,,,,,,,,,,,,,,,,2018:10:31 16:50:09-04:00,,Justin Schorr,Microsoft® Word for Office 365,,,,,,,,,,,,,./downloaded_docs,,,,,uuid:DE42D4D2-9F25-40A5-A471-B021D6585102,,,,,,13.59,2026:07:31 13:57:01-04:00,2026:07:29 12:27:20-04:00,2026:07:29 12:27:20-04:00,exhibit_a.pdf,-rw-rw-rw-,13 MB,PDF,pdf,application/pdf,,,,,,,,,No,,,,,,,,,,,,,,,,,uuid:d06cb233-5253-44e1-b60c-062ae5892d12,,,en-US,,,,Yes,,,,,,,,,,,,,,,,,,,,,,2020:02:21 08:35:55-05:00,application/pdf,,2020:02:21 08:35:55-05:00,,,,,,,,,77,,,,,,,,,,,1.7,,,,,,,,,,,,,,Microsoft® Word for Office 365,,,,,,,,,,,,,,,,,,,,,,,,,,,,,,,,,,,,,,,,,,,,,,,No,,,,,,,,,,,,,,,,,,,,,,,,,,,,,,,,"Adobe XMP Core 5.4-c006 80.159825, 2016/09/16-03:31:08        ",,,,,,,,,,,,
./downloaded_docs/exhibit_b.pdf,,,,,,,,,,,,,Joe Fiocco,,,,,,,,,,,,,,,,,,,,,,,,,2020:02:21 08:40:01-05:00,,Joe Fiocco,Adobe Acrobat 11.0.23,,,,,,,,,,,,,./downloaded_docs,,,,,uuid:61c6e45d-9eed-4859-9a0f-21b664192dff,,,,,,13.59,2026:07:31 13:57:01-04:00,2026:07:29 12:27:55-04:00,2026:07:29 12:27:55-04:00,exhibit_b.pdf,-rw-rw-rw-,23 MB,PDF,pdf,application/pdf,,,,,,,,,No,,,,,,,,,,,,,,,,,uuid:e370e2e9-2a3a-4ba3-9812-0e31637ce59b,,,,,,,Yes,,,,,,,,,,,,,,,,,,,,,,2020:02:21 08:40:01-05:00,application/pdf,,2020:02:21 08:40:01-05:00,,,,,,,,,81,,,,,,,,,,,1.7,,,,,,,,,,,,,,Adobe Acrobat 11.0.23,,,,,,,,,,,,,,,,,,,,,,,,,,,,,,,,,,,,,,,,,,,,,,,,,,,,,,,,,,,,,,,,,,,,,,,,,,,,,,,"Adobe XMP Core 5.4-c006 80.159825, 2016/09/16-03:31:08        ",,,,,,,,,,,,
./downloaded_docs/first-aid-qa-for-the-usmle-step-1-third-edition.pdf,uuid:7d7e69fa-28f6-4394-b005-aa162ff5bc1b,,,,,,,,,,,,"Tao Le, MD, MHS",,,,,,,,,,http://www.codemantra.com,LLC,,,,,,,,,,,,,,2011:12:25 09:56:48+05:30,,"Tao Le, MD, MHS",Adobe InDesign CS5 (7.0.4),,,,,,,,,,,,,./downloaded_docs,,,,,uuid:d0a4adbe-0591-490f-9f88-251e1a4a78be,,McGraw-Hill Medical,,,,13.59,2026:07:31 13:57:01-04:00,2026:07:30 11:27:51-04:00,2026:07:30 11:27:51-04:00,first-aid-qa-for-the-usmle-step-1-third-edition.pdf,-rw-rw-rw-,15 MB,PDF,pdf,application/pdf,,,,,,,,,No,,,,,,,,,,,,,,,,,uuid:86ef0c3e-bfa3-4a4b-86b4-e2efa44af25b,,,,,,,No,,,,,,,,,,,,,,,,,,,,,,2011:12:27 17:43:36+05:30,application/pdf,,2011:12:27 17:43:36+05:30,,,,,,,,,785,,,,,,SinglePage,UseOutlines,,,,1.5,,,,,,,,,,,,,,Adobe PDF Library 9.9,,,,,,,,,,,,,,,,,,,,,,,,,,,,,,,,,,,,,,,,,,,,,,,,,,,,,,,First Aid™ Q&A for the USMLE Step 1,,,,False,,,,,,PDF,"The process that creates this PDF constitutes a trade secret of codeMantra, LLC and is protected by the copyright laws of the United States",,,,,,,,,,,,),"XMP toolkit 2.9.1-13, framework 1.6",,,,,,,,,,,,
./downloaded_docs/fritli2.pdf,,,,,,,,,,,,,,,,,,,,,,,,,,,,,,,,,,,,,,2024:11:07 16:13:50-05:00,,Adobe InDesign CS6 (Windows),Adobe InDesign CS6 (Windows),,,xmp.did:AACC0DF72E87EF11823FDD4A2EA3E56A,xmp.iid:E77298254D9DEF11B6B8B76934321FD9,xmp.did:7654B47FF020681188C6CA2E7CCE2CF0,default,,,,,,,./downloaded_docs,,,,,xmp.id:E87298254D9DEF11B6B8B76934321FD9,,,,,,13.59,2026:07:31 13:57:01-04:00,2026:07:29 12:26:40-04:00,2026:07:29 12:26:40-04:00,fritli2.pdf,-rw-rw-rw-,6.9 MB,PDF,pdf,application/pdf,,,,,,,,,,,,,converted,/,,from application/x-indesign to application/pdf,Adobe InDesign CS6 (Windows),2024:11:07 16:13:50-05:00,,,,,,,,uuid:9dc1aa06-901b-4236-995f-b9501149b2f3,,,,,,,Yes,,,,,,,,,,,,,,,,,,,,,,2024:11:07 16:14:04-05:00,application/pdf,,2024:11:07 16:14:04-05:00,,,,,,,,xmp.did:7654B47FF020681188C6CA2E7CCE2CF0,16,,,,,,,,,,,1.4,,,,,,,,,,,,,,Adobe PDF Library 10.0.1,,,,,,,,,,,,,,,proof:pdf,,,,,,,,,,,,,,,,,,,,,,,,,,,,,,,,Yes,,,,,,,,,,,,False,,,,,,,,,,,,,,,,,,,,"Adobe XMP Core 5.3-c011 66.145661, 2012/02/06-14:56:27        ",,,,,,,,,,,,
./downloaded_docs/Frontier_MOA_WITH_BI_2016.pdf,,,,,,,,,,,,,,,,,,,,,,,,,,,,,,,,,,,,,,2016:11:16 19:38:52-05:00,,Adobe Acrobat Pro DC 15.20.20042,Adobe Acrobat Pro DC 15.20.20042,,,,,,,,,,,,,./downloaded_docs,,,,,uuid:0023a5e7-af7a-4454-bd6e-8fec0f532b98,,,,,,13.59,2026:07:31 13:57:01-04:00,2026:07:29 12:27:49-04:00,2026:07:29 12:27:49-04:00,Frontier_MOA_WITH_BI_2016.pdf,-rw-rw-rw-,1191 kB,PDF,pdf,application/pdf,,,,,,,,,,,,,,,,,,,,,,,,,,uuid:12695420-5b72-41aa-8b2a-8ec470ad12b1,,,,,,,Yes,,,,,,,,,,,,,,,,,,,,,,2016:11:16 19:38:52-05:00,application/pdf,,2016:11:16 19:38:52-05:00,,,,,,,,,12,,,,,,,,,,,1.6,,,,,,,,,,,,,,Adobe Acrobat Pro DC 15.20.20042,,,,,,,,,,,,,,,,,,,,,,,,,,,,,,,,,,,,,,,,,,,,,,,,,,,,,,,,,,,,,,,,,,,,,,,,,,,,,,,"Adobe XMP Core 5.6-c015 84.158975, 2016/02/13-02:40:29        ",,,,,,,,,,,,
./downloaded_docs/Frotet-Project-NI-43-101-Technical-Report_.pdf,,,,,,,,,,,,,Francis MacDonald,,,,,,,,,,,,,,,,,,,,,,,,,2020:12:17 09:36:34-08:00,,Microsoft® Word 2010,,,,,,,,,,,,,,./downloaded_docs,,,,,,,,,,,13.59,2026:07:31 13:57:01-04:00,2026:07:31 09:59:05-04:00,2026:07:31 09:59:05-04:00,Frotet-Project-NI-43-101-Technical-Report_.pdf,-rw-rw-rw-,13 MB,PDF,pdf,,,,,,,,,,,,,,,,,,,,,,,,,,,,,,en-CA,,,,No,,,,,,,,,,,,,,,,,,,,,,,application/pdf,,2020:12:31 06:32:42Z,,,,,,,,,185,,,,,,,,,,,1.5,,,,,,,,,,,,,,iLovePDF,,,,,,,,,,,,,,,,,,,,,,,,,,,,,,,,,,,,,,,,,,,,,,,,,,,,,,,,,,,,,,,,,,,,,,,,,,,,,,,,,,,,,,,,,,,
./downloaded_docs/FundforPhiladelphia_FY14-15Review.pdf,,,,,,,,,,,,,MICCIULLA,,,,,,,,,,,,,,,,,,,,,,,,,2016:08:15 17:00:21-04:00,,Microsoft® Office Word 2007,,,,,,,,,,,,,,./downloaded_docs,,,,,,,,,,,13.59,2026:08:07 08:47:47-04:00,2026:07:28 10:44:58-04:00,2026:08:07 08:47:46-04:00,FundforPhiladelphia_FY14-15Review.pdf,-rw-rw-rw-,1711 kB,PDF,pdf,,,,,,,,,,,,,,,,,,,,,,,,,,,,,,en-US,,,,No,,,,,,,,,,,,,,,,,,,,,,,application/pdf,,2016:08:15 17:00:21-04:00,,,,,,,,,20,,,,,,,,,,,1.5,,,,,,,,,,,,,,Microsoft® Office Word 2007,,,,,,,,,,,,,,,,,,,,,,,,,,,,,,,,,,,,,,,,,,,,,,,Yes,,,,,,,,,,,,,,,,,,,,,,,,,,,,,,,,,,,,,,,,,,,,
./downloaded_docs/Grade72024-25MattlinCurriculumBooklet.pdf,,,,,,,,,,,,,,,,,,,,,,,,,,,,,,,,,,,,,,,,,,,,,,,,,,,,,,./downloaded_docs,,,,,,,,,,,13.59,2026:07:31 13:57:01-04:00,2026:07:29 12:28:25-04:00,2026:07:29 12:28:25-04:00,Grade72024-25MattlinCurriculumBooklet.pdf,-rw-rw-rw-,3.5 MB,PDF,pdf,,,,,,,,,,,,,,,,,,,,,,,,,,,,,,,,,,No,,,,,,,,,,,,,,,,,,,,,,,application/pdf,,,,,,,,,,,30,,,,,,,,,,,1.4,,,,,,,,,,,,,,Skia/PDF m130 Google Docs Renderer,,,,,,,,,,,,,,,,,,,,,,,,,,,,,,,,,,,,,,,,,,,,,,,,,,,,,,,Grade 7 2024-25 Mattlin Curriculum Booklet,,,,,,,,,,,,,,,,,,,,,,,,,,,,,,,,,,,,
./downloaded_docs/gssd-review-contacts.pdf,,,,,,,,,,,,,Ashley N.Johnson,,,,,,,,,,,,,,,,,,Microsoft,,,,,,,2026:02:24 16:27:16-05:00,,Ashley N.Johnson,Acrobat PDFMaker 25 for Word,,,,,,,,,,,,,./downloaded_docs,,,,,uuid:517e7f62-5b36-45b7-ae90-74c0f7983da3,,,,,,13.59,2026:07:31 13:57:01-04:00,2026:07:30 11:28:04-04:00,2026:07:30 11:28:04-04:00,gssd-review-contacts.pdf,-rw-rw-rw-,600 kB,PDF,pdf,application/pdf,,,,,,,,,No,,,,,,,,,,,,,,,,,uuid:3d40843f-31e5-497d-b719-f41dbc501d13,,,EN-US,,,,No,,,,,,,,,,,,,,,,,,,,,,2026:02:24 16:29:29-05:00,application/pdf,,2026:02:24 16:29:29-05:00,,,,,,,,,22,,,,,,OneColumn,,,,,1.7,,,,,,,,,,,,,,Adobe PDF Library 25.1.231,,,,,,,,,,,,,,,,,,,,,,,,,,,,,,,,2026:02:20 14:12:40,,,,,,,,,,,,,,,No,,,,,,,,,,,,,,,,,,,,,,,,,,,,,,,,"Adobe XMP Core 9.1-c001 79.675d0f7, 2023/06/11-19:21:16        ",,,,,,,,,,,,
./downloaded_docs/haddington-cobbs-creek-plan-final.pdf,,,,,,,,,,,,,,,,,,,,,,,,,,,,,,,,,,,,,,2005:07:24 17:04:55-04:00,,Adobe InDesign CS2 (4.0),Adobe InDesign CS2 (4.0),,,adobe:docid:indd:b011986b-fc7d-11d9-bd5e-d6deee512007,2de7889e-fc83-11d9-bd5e-d6deee512007,,,,,,,,,./downloaded_docs,,,,,adobe:docid:indd:2de7889f-fc83-11d9-bd5e-d6deee512007,,,,,,13.59,2026:07:31 13:57:01-04:00,2026:07:29 12:27:15-04:00,2026:07:29 12:27:15-04:00,haddington-cobbs-creek-plan-final.pdf,-rw-rw-rw-,17 MB,PDF,pdf,application/pdf,,,,,,,,,,,,,,,,,,,,,,,,,,uuid:ec9d3771-684d-4465-a256-a448f192e487,,,,,,,Yes,,,,"ReferenceStream, ReferenceStream","Inches, Inches","300.00, 72.00","300.00, 72.00","adobe:docid:photoshop:82532817-d077-11d9-8022-84db8d253447, adobe:docid:photoshop:ef1b72e7-dc10-11d9-bd96-97d077d8b53b",,,,,,,,,,,,,,2013:04:25 11:49:08-04:00,application/pdf,,2013:04:25 11:49:08-04:00,,,,,,,,,78,,,,,,,,,,,1.4,,,,,,,,,,,,,,Adobe PDF Library 7.0,,,,,,,,,,,,,,,proof:pdf,,,,,,,,,,,,,,,,,,,,,,,,,,,,,,,,,,,,JPEG,256,"(Binary data 15110 bytes, use -b option to extract)",256,,,,,False,,,,,,,,,,,,,,,,,,,,"Adobe XMP Core 5.2-c001 63.139439, 2010/09/27-13:37:26        ",,,,,,,,,,,,
./downloaded_docs/HastingsHappenings-1112024.pdf,,,,,,,,,,,,,,,,,,,,,,,,,,,,,,,,,,,,,,2024:11:20 11:07:46-05:00,,wkhtmltopdf 0.12.2.1,,,,,,,,,,,,,,./downloaded_docs,,,,,,,,,,,13.59,2026:07:31 13:57:01-04:00,2026:07:31 09:58:43-04:00,2026:07:31 09:58:43-04:00,HastingsHappenings-1112024.pdf,-rw-rw-rw-,2.5 MB,PDF,pdf,,,,,,,,,,,,,,,,,,,,,,,,,,,,,,,,,,No,,,,,,,,,,,,,,,,,,,,,,,application/pdf,,,,,,,,,,,10,,,,,,,,,,,1.4,,,,,,,,,,,,,,Qt 4.8.6,,,,,,,,,,,,,,,,,,,,,,,,,,,,,,,,,,,,,,,,,,,,,,,,,,,,,,,,,,,,,,,,,,,,,,,,,,,,,,,,,,,,,,,,,,,
./downloaded_docs/Heinz_box00043_fld00027_bdl0004_doc0003.pdf,,,,,,,,,,,,,,0.14307 0.06061 0.7141,"(Binary data 2060 bytes, use -b option to extract)",,,,,,,"Not Embedded, Independent",,,,,,,"RGB ",,,,,B,0.9642 1 0.82491,,,2012:04:14 13:22:26-05:00,,,,,,,,,,,"Reflective, Glossy, Positive, Color",Hewlett-Packard,IEC http://www.iec.ch,sRGB,IEC 61966-2.1 Default RGB colour space - sRGB,./downloaded_docs,,,,,,,,,,,13.59,2026:07:31 13:57:01-04:00,2026:07:29 12:27:23-04:00,2026:07:29 12:27:23-04:00,Heinz_box00043_fld00027_bdl0004_doc0003.pdf,-rw-rw-rw-,583 kB,PDF,pdf,,,,0.38515 0.71687 0.09708,"(Binary data 2060 bytes, use -b option to extract)",,,,,,,,,,,,,,,,,,,,,,,,,,,,,Yes,,,76.03647 80 87.12462,,,,,,,,,,,0 0 0,0.999%,Unknown,D65,CIE 1931,0 0 0,,0.95045 1 1.08905,2012:04:14 13:23:07-05:00,application/pdf,,2012:04:14 13:23:07-05:00,,,,,,,00000001.tif,,4,,,,,,,,,,2,1.4,,Microsoft Corporation,,,,,,,,,,,,JRAPublish 3.000,Display Device Profile,Linotronic,"XYZ ",Copyright (c) 1998 Hewlett-Packard Company,Hewlett-Packard,1998:02:09 06:49:00,sRGB IEC61966-2.1,acsp,0,2.1.0,,0.43607 0.22249 0.01392,"(Binary data 2060 bytes, use -b option to extract)",Perceptual,,,,,,http://www.jrapublish.com/xmp/page_enc/,jraPageEnc,external,origFileName,origFileName,Text,JRAPublish Page Encoding Info,,,,,,,,,,,,,,,,,,,,,,Cathode Ray Tube Display,,,,,,,,,,,,,,,,,,,,,,Reference Viewing Condition in IEC61966-2.1,19.6445 20.3718 16.8089,D50,3.92889 4.07439 3.36179,,,,,,XMP Core 4.1.1,,,,,,,,,,,,
./downloaded_docs/HH_Soundings_FINALFINALFINAL.pdf,,,,,,,,,,,,,,,,,,,,,,,,,,,,,,,,,,,,,,2019:07:16 12:11:16-04:00,,Adobe InDesign 14.0 (Macintosh),Adobe InDesign 14.0 (Macintosh),,,xmp.did:09e36f52-60eb-4f2a-b507-6683c3032e85,xmp.iid:f79544f3-9bd3-47f9-9f0e-d78a2e5f3c53,xmp.did:ED7F117407206811AB08815CFF43B702,default,,,,,,,./downloaded_docs,,,,,xmp.id:eee9ea21-56ff-49c4-aacf-b4195b3d21be,,,,,,13.59,2026:08:07 08:46:37-04:00,2026:07:28 10:43:57-04:00,2026:08:07 08:46:36-04:00,HH_Soundings_FINALFINALFINAL.pdf,-rw-rw-rw-,2.0 MB,PDF,pdf,application/pdf,,,,,,,,,,,,,converted,/,,from application/x-indesign to application/pdf,Adobe InDesign CC 14.0 (Macintosh),2019:07:16 12:11:16-04:00,,,,,,,,uuid:1c1d89de-2153-6a4a-850f-4738eeef4979,,,en-US,,,,Yes,,,,,,,,,,,,,,,,,,,,,,2019:07:16 12:11:29-04:00,application/pdf,,2019:07:16 12:11:29-04:00,,,,,,,,xmp.did:ED7F117407206811AB08815CFF43B702,16,,,,,,,,,,,1.4,,,,,,,,,,,,,,Adobe PDF Library 15.0,,,,,,,,,,,,,,,proof:pdf,,,,,,,,,,,,,,,,,,,,,,,,,,,,,,,,,,,,,,,,,,,,False,,,,,,,,,,,,,,,,,,,,"Adobe XMP Core 5.6-c148 79.163765, 2019/01/24-18:11:46        ",,,,,,,,,,,,
./downloaded_docs/ICC-Pre-Trial.pdf,,,,,,,,,,,,,,,,,,,,,,,,,,,,,,,,,,,,,,2023:02:28 11:46:31,,PDFium,,,,,,,,,,,,,,./downloaded_docs,,,,,,,,,,,13.59,2026:07:31 13:57:01-04:00,2026:07:29 12:27:33-04:00,2026:07:29 12:27:33-04:00,ICC-Pre-Trial.pdf,-rw-rw-rw-,142 kB,PDF,pdf,,,,,,,,,,,,,,,,,,,,,,,,,,,,,,,,,,No,,,,,,,,,,,,,,,,,,,,,,,application/pdf,,,,,,,,,,,16,,,,,,,,,,,1.7,,,,,,,,,,,,,,PDFium,,,,,,,,,,,,,,,,,,,,,,,,,,,,,,,,,,,,,,,,,,,,,,,,,,,,,,,,,,,,,,,,,,,,,,,,,,,,,,,,,,,,,,,,,,,
./downloaded_docs/ICF_001.pdf,,,,,,,,,,,,,*,,,,,,,,,,,,,,,,,,,,,B,,,,2020:07:15 11:15:27-04:00,,Microsoft® Office Word 2007,,,,,,,,,,,,,,./downloaded_docs,,,,,,,,,,,13.59,2026:07:31 13:57:01-04:00,2026:07:30 11:28:01-04:00,2026:07:30 11:28:01-04:00,ICF_001.pdf,-rw-rw-rw-,492 kB,PDF,pdf,,,,,,,,,,,,,,,,,,,,,,,,,,,,,,en-US,,,,No,,,,,,,,,,,,,,,,,,,,,,2020:07:15 11:17:02-04:00,application/pdf,,2020:07:15 11:17:02-04:00,,,,,,,,,10,,,,,,,,,,3,1.5,,,,,,,,,,,,,,Microsoft® Office Word 2007,,,,,,,,,,,,,,,,,,,,,,,,,,,,,,,,,,,,,,,,,,,,,,,Yes,,,,,,,,Consent Form,,,,,,,,,,,,,,,,,,,,,,,,,,,,,,,,,,,,
./downloaded_docs/incit22-2.pdf,,,,,,,,,,,,,,,,,,,,,,,,,,,,,,,,,,,,,,,,,,,,,,,,,,,,,,./downloaded_docs,,,,,,,,,,,13.59,2026:08:07 08:46:42-04:00,2026:07:28 10:44:48-04:00,2026:08:07 08:46:41-04:00,incit22-2.pdf,-rw-rw-rw-,3.8 MB,PDF,pdf,,,,,,,,,,,,,,,,,,,,,,,,,,,,,,,,,,No,,,,,,,,,,,,,,,,,,,,,,,application/pdf,,,,,,,,,,,10,,,,,,,,,,,1.2,,,,,,,,,,,,,,,,,,,,,,,,,,,,,,,,,,,,,,,,,,,,,,,,,,,,,,,,,,,,,,,,,,,,,,,,,,,,,,,,,,,,,,,,,,,,,,,,,,,,,,,,,
./downloaded_docs/IP12_Empire.pdf,,,,,,,,,,,,,,,,,,,,,,,,,,,,,,,,,,,,,,2026:02:05 16:04:33Z,,Adobe InDesign 21.2 (Macintosh),Adobe InDesign 21.2 (Macintosh),,,xmp.did:ad49ba9a-e7d4-4415-8860-4bc27a258097,xmp.iid:964349fc-87b8-4425-99ec-8e827e76e278,xmp.did:ad49ba9a-e7d4-4415-8860-4bc27a258097,default,,,,,,,./downloaded_docs,,,,,xmp.id:03b5b689-0575-41ff-85d0-915cf1f6b703,,,,,,13.59,2026:07:31 13:57:01-04:00,2026:07:30 11:27:42-04:00,2026:07:30 11:27:42-04:00,IP12_Empire.pdf,-rw-rw-rw-,12 MB,PDF,pdf,application/pdf,,,,,,,,,,,,,converted,/,,from application/x-indesign to application/pdf,Adobe InDesign 21.2 (Macintosh),2026:02:05 16:04:33Z,,,,,,,,uuid:32d49f53-9e1d-d945-be6e-b566f214c4a2,,,en-GB,,,,No,,,,,,,,,,,,,,,,,,,,,,2026:02:05 16:04:39Z,application/pdf,,2026:02:05 16:04:39Z,,,,,,,,xmp.did:ad49ba9a-e7d4-4415-8860-4bc27a258097,16,,,,,,,,,,,1.3,,,,,,,,,,,,,,Adobe PDF Library 18.0,,,,,,,,,,,,,,,proof:pdf,,,,,,,,,,,,,,,,,,,,,,,,,,,,,,,,,,,,,,,,,,,,False,,,,,,,,,,,,,,,,,,,,"Adobe XMP Core 10.0-c000 25.G.ef72e4e, 2025/06/27-18:54:05        ",,,,,,,,,,,,
./downloaded_docs/James-Dennis-Complaint.pdf,,,,,,,,,,,,,,,,,,,,,,,,,,,,,,,,,,,,,,2018:06:21 08:48:14-05:00,,Canon iR-ADV C5535  PDF,Canon iR-ADV C5535  PDF,,,,,,,,,,,,,./downloaded_docs,,,,,uuid:a0ac2b5b-0000-4142-4344-454600000000,,,,,,13.59,2026:08:07 08:47:09-04:00,2026:07:28 10:46:36-04:00,2026:08:07 08:47:08-04:00,James-Dennis-Complaint.pdf,-rw-rw-rw-,1689 kB,PDF,pdf,application/pdf,,,,,,,,,,,,,,,,,,,,,,,,,,uuid:10bf1379-bf35-429f-9f44-74493085b072,,,,,,,Yes,,,,,,,,,,,,,,,,,,,,,,2018:06:21 09:49:50-04:00,application/pdf,,2018:06:21 09:49:50-04:00,,,,,,,,,36,,,,,,,,,,,1.4,,,,,,,,,,,,,,Adobe PSL 1.3e for Canon,,,,,,,,,,,,,,,,,,,,,,,,,,,,,,,,,,,,,,,,,,,,,,,,,,,,,,,,,,,,,,,,,,,,,,,,,,,,,,,"Adobe XMP Core 5.6-c015 84.159810, 2016/09/10-02:41:30        ",,,,,,,,,,,,
./downloaded_docs/jaue_2006_vol23.pdf,,,,,,,,,,,,,,,,,,,,,,,,,,,,,,,,,,,,,,2023:02:26 11:40:42-05:00,,Adobe Acrobat Pro (32-bit) 22.3.20322,Adobe Acrobat Pro (32-bit) 22.3.20322,,,,,,,,,,,,,./downloaded_docs,,,,,uuid:0afde2f6-3e94-4d1a-bf97-85d4af220c82,,,,,,13.59,2026:07:31 13:57:01-04:00,2026:07:29 12:26:55-04:00,2026:07:29 12:26:55-04:00,jaue_2006_vol23.pdf,-rw-rw-rw-,2.3 MB,PDF,pdf,application/pdf,,,,,,,,,No,,,,,,,,,,,,,,,,,uuid:a77687f8-e64c-4d09-b120-480fba54ee00,,,,,,,No,,,,,,,,,,,,,,,,,,,,"36.0, 36.0, 468.0, 684.0",,2023:02:26 11:40:42-05:00,application/pdf,,2023:02:26 11:40:42-05:00,,,,,,,,,255,,,,,,,,,,,1.6,,,,,,,,,,,,,,Creo Normalizer JTP,,,,,,,,,,,,,,,,,,,,,,,,,,,,,,,,,,,,,,,,,,,,,,,,,,,,,,,,,,,,,,,,,,,,,,,,,,,,,,,"Adobe XMP Core 9.0-c000 79.cca54b0, 2022/11/26-09:29:55        ",,,,,,,,,,,,
./downloaded_docs/JKPract-apr-jun2021-final.pdf,,,,,,,,,,,,,Exxon,,,,,,,,,,,,,,,,,,,,,,,,,D:20210921111556Z,,CorelDRAW,,,,,,,,,,,,,,./downloaded_docs,,,,,,,,,,,13.59,2026:07:31 13:57:01-04:00,2026:07:29 12:27:46-04:00,2026:07:29 12:27:46-04:00,JKPract-apr-jun2021-final.pdf,-rw-rw-rw-,8.7 MB,PDF,pdf,,,,,,,,,,,,,,,,,,,,,,,,,,,,,,,,,,Yes,,,,,,,,,,,,,,,,,,,,,,,application/pdf,,2021:10:02 16:49:19Z,,,,,,,,,64,,,,,,,,,,,1.7,,,,,,,,,,,,,,3-Heights™ PDF Optimization Shell 6.3.1.5 (http://www.pdf-tools.com),,,,,,,,,,,,,,,,,,,,,,,,,,,,,,,,,,,,,,,,,,,,,,,,,,,,,,,page_1,,,,,,,,,,,,,,,,,,,,,,,,,,,,,,,,,,,,
./downloaded_docs/july-28-2020-minutes.pdf,,,,,,,,,,,,,,,,,,,,,,,,,,,,,,,,,,,,,,2020:08:06 13:24:59-04:00,,Microsoft® Word for Microsoft 365,Microsoft® Word for Microsoft 365,,,,,,,,,,,,,./downloaded_docs,,,,,uuid:4C4BFEE2-B062-471A-B3F2-D466A126CE69,,,,,,13.59,2026:07:31 13:57:01-04:00,2026:07:31 09:58:31-04:00,2026:07:31 09:58:31-04:00,july-28-2020-minutes.pdf,-rw-rw-rw-,163 kB,PDF,pdf,,,,,,,,,,,,,,,,,,,,,,,,,,,uuid:4C4BFEE2-B062-471A-B3F2-D466A126CE69,,,en-US,,,,No,,,,,,,,,,,,,,,,,,,,,,,application/pdf,,2020:08:06 13:24:59-04:00,,,,,,,,,3,,,,,,,,,,,1.7,,,,,,,,,,,,,,Microsoft® Word for Microsoft 365,,,,,,,,,,,,,,,,,,,,,,,,,,,,,,,,,,,,,,,,,,,,,,,Yes,,,,,,,,,,,,,,,,,,,,,,,,,,,,,,,,3.1-701,,,,,,,,,,,,
./downloaded_docs/July_2012_April_2013.pdf,,,,,,,,,,,,,Daryl Blowes,,,,,,,,,,,,,,,,,,,,,,,,,2025:01:01 17:11:59-05:00,,Daryl Blowes,Acrobat Pro 24.5.20320,,,,,,,,,,,,,./downloaded_docs,,,,,uuid:ab438566-da3f-a94e-a19f-a05895e00ee5,,,,,,13.59,2026:08:07 08:47:25-04:00,2026:07:28 10:43:59-04:00,2026:08:07 08:47:24-04:00,July_2012_April_2013.pdf,-rw-rw-rw-,4.0 MB,PDF,pdf,application/pdf,,,,,,,,,,,,,,,,,,,,,,,,,,uuid:973ba9db-5d10-ec46-b4d1-8b308d24579d,,,,,,,Yes,,,,,,,,,,,,,,,,,,,,,,2025:01:01 17:13:12-05:00,application/pdf,,2025:01:01 17:13:12-05:00,,,,,,,,,346,,,,,,,,,,,1.6,,,,,,,,,,,,,,Acrobat Pro 24.5.20320,,,,,,,,,,,,,,,,,,,,,,,,,,,,,,,,,,,,,,,,,,,,,,,,,,,,,,,,,,,,,,,,,,,,,,,,,,,,,,,"Adobe XMP Core 9.1-c001 79.675d0f7, 2023/06/11-19:21:16        ",,,,,,,,,,,,
./downloaded_docs/June-1979-Inoculum.pdf,,,,,,,,,,,,,,,,,,,,,,,,,,,,,,,,,,,,,,2008:03:20 14:37:31-05:00,,Adobe Acrobat 7.0,Adobe Acrobat 7.0,,,,,,,,,,,,,./downloaded_docs,,,,,uuid:90780b71-aca4-4363-b4a3-4af81d4db7fb,,,,,,13.59,2026:07:31 13:57:01-04:00,2026:07:30 11:28:03-04:00,2026:07:30 11:28:03-04:00,June-1979-Inoculum.pdf,-rw-rw-rw-,1785 kB,PDF,pdf,application/pdf,,,,,,,,,,,,,,,,,,,,,,,,,,uuid:6f87b872-d4be-4c63-a785-7ca84b70b71e,,,,,,,Yes,,,,,,,,,,,,,,,,,,,,,,2008:04:18 15:34:02-05:00,application/pdf,,2008:04:18 15:34:02-05:00,,,,,,,,,33,,,,,,,,,,,1.6,,,,,,,,,,,,,,Adobe Acrobat 7.0 Paper Capture Plug-in,,,,,,,,,,,,,,,,,,,,,,,,,,,,,,,,,,,,,,,,,,,,,,,,,,,,,,,,,,,,,,,,,,,,,,,,,,,,,,,3.1-701,,,,,,,,,,,,
./downloaded_docs/LOLOS-CPNS-KEMENKUMHAM-RIAU.pdf,,,,,,,,,,,,,Apache POI,,,,,,,,,,,,,,,,,,,,,,,,,2017:09:06 03:19:26+07:00,,Apache POI,Microsoft® Excel® 2016,,,,,,,,,,,,,./downloaded_docs,,,,,uuid:3B8FC633-EFF7-4E5B-B8C3-F20D47396693,,,,,,13.59,2026:07:31 13:57:01-04:00,2026:07:29 12:27:37-04:00,2026:07:29 12:27:37-04:00,LOLOS-CPNS-KEMENKUMHAM-RIAU.pdf,-rw-rw-rw-,1468 kB,PDF,pdf,,,,,,,,,,,,,,,,,,,,,,,,,,,uuid:3B8FC633-EFF7-4E5B-B8C3-F20D47396693,,,en-US,,,,No,,,,,,,,,,,,,,,,,,,,,,,application/pdf,,2017:09:06 03:19:26+07:00,,,,,,,,,421,,,,,,,,,,,1.7,,,,,,,,,,,,,,Microsoft® Excel® 2016,,,,,,,,,,,,,,,,,,,,,,,,,,,,,,,,,,,,,,,,,,,,,,,,,,,,,,,,,,,,,,,,,,,,,,,,,,,,,,,3.1-701,,,,,,,,,,,,
./downloaded_docs/marriages_1849-1869.pdf,,,,,,,,,,,,,,,,,,,,,,,,,,,,,,,,,,,,,,,,,,,,,,,,,,,,,,./downloaded_docs,,,,,,,,,,,13.59,2026:07:31 13:57:01-04:00,2026:07:29 12:28:24-04:00,2026:07:29 12:28:24-04:00,marriages_1849-1869.pdf,-rw-rw-rw-,8.2 MB,PDF,pdf,,,,,,,,,,,,,,,,,,,,,,,,,,,,,,,,,,No,,,,,,,,,,,,,,,,,,,,,,,application/pdf,,2020:09:24 23:39:44Z,,,,,,,,,68,,,,,,,,,,,1.5,,,,,,,,,,,,,,www.ilovepdf.com,,,,,,,,,,,,,,,,,,,,,,,,,,,,,,,,,,,,,,,,,,,,,,,,,,,,,,,,,,,,,,,,,,,,,,,,,,,,,,,,,,,,,,,,,,,
./downloaded_docs/maryann_e_tierney_bio_100710.pdf,,,,,,,,,,,,,fema,,,,,,,,,"Not Embedded, Independent",,,,,,,GRAY,,FEMA,,,,0.9642 1 0.82491,,,2010:10:07 15:25:34-04:00,,fema,Acrobat PDFMaker 9.0 for Word,,,,,,,,"Reflective, Glossy, Positive, Color",none,,,,./downloaded_docs,,,,,uuid:be315e4c-58e5-4b46-8f4d-2bf443caee51,,,,,,13.59,2026:07:31 13:57:01-04:00,2026:07:30 11:27:52-04:00,2026:07:30 11:27:52-04:00,maryann_e_tierney_bio_100710.pdf,-rw-rw-rw-,36 kB,PDF,pdf,application/pdf,,"(Binary data 14 bytes, use -b option to extract)",,,,,,,,,,,,,,,,,,,,,,,,uuid:2ae0e2d3-a682-4625-86db-a2310655ed1e,,,EN-US,,,,Yes,,,,,,,,,,,,,,,,,,,0 0 0,,0.9505 1 1.0891,2010:10:07 15:25:35-04:00,application/pdf,,2010:10:07 15:25:35-04:00,,,,,,,,,2,,,,,,OneColumn,,,,,1.5,,Apple Computer Inc.,,,,,,,,,,,,Adobe PDF Library 9.0,Display Device Profile,Adobe Systems Inc.,"XYZ ",Copyright 1999 Adobe Systems Incorporated,Adobe Systems Inc.,1999:06:03 00:00:00,Gray Gamma 2.2,acsp,0,2.1.0,,,,Perceptual,,,,,,,,,,,,,,,,,,2010:10:07 19:23:05,,20,,,,,,,,,,,,,Yes,,,,,,,,,,,,,,,,,,,,,,,,,,,,,,,,"Adobe XMP Core 4.2.1-c041 52.342996, 2008/05/07-20:48:00        ",,,,,,,,,,,,
./downloaded_docs/MinutesJANUARY92013.pdf,,,,,,,,,,,,,raymondc,,,,,,,,,,,,,,,,,,,,,,,,,2013:01:24 13:08:54-05:00,,raymondc,PScript5.dll Version 5.2.2,,,,,,,,,,,,,./downloaded_docs,,,,,uuid:ef2f7203-03b8-465b-b1f7-6e21a18ec477,,,,,,13.59,2026:07:31 13:57:01-04:00,2026:07:29 12:26:47-04:00,2026:07:29 12:26:47-04:00,MinutesJANUARY92013.pdf,-rw-rw-rw-,28 kB,PDF,pdf,application/pdf,,,,,,,,,,,,,,,,,,,,,,,,,,uuid:b65295ca-c6a0-44c3-9974-1c7c0ae8ef77,,,,,,,Yes,,,,,,,,,,,,,,,,,,,,,,,application/pdf,,2013:01:24 13:08:54-05:00,,,,,,,,,9,,,,,,,,,,,1.5,,,,,,,,,,,,,,Acrobat Distiller 10.1.5 (Windows),,,,,,,,,,,,,,,,,,,,,,,,,,,,,,,,,,,,,,,,,,,,,,,,,,,,,,,"Microsoft Word - JANUARY 9, 2013.doc",,,,,,,,,,,,,,,,,,,,,,,,"Adobe XMP Core 5.2-c001 63.139439, 2010/09/27-13:37:26        ",,,,,,,,,,,,
./downloaded_docs/ms0763.057.011.pdf,,,,,,,,,,,,,,,,,,,,,,,,,,,,,,,,,,,,,,2015:10:19 15:04:51-04:00,,,ScandAll PRO V2.0.2,,,,,,,,,,,,,./downloaded_docs,,,,,uuid:bbe8536a-f593-460b-abb1-fdbe288e6d9a,,,,,,13.59,2026:08:07 08:47:47-04:00,2026:07:28 10:45:19-04:00,2026:08:07 08:47:44-04:00,ms0763.057.011.pdf,-rw-rw-rw-,47 MB,PDF,pdf,application/pdf,,,,,,,,,No,,,,,,,,,,,,,,,,,uuid:0e0a9bb0-b358-4c57-8465-1b81b780c504,,,,,,,No,,,,,,,,,,,,,,,,,,,,,,2017:03:28 13:55:49-04:00,application/pdf,,2017:03:28 13:55:49-04:00,,,,,,,,,274,,,,,,,,,,,1.6,,,,,,,,,,,,,,Adobe Acrobat Pro 11.0.10 Paper Capture Plug-in,,,,,,,,,,,,,,,,,,,,,,,,,,,,,,,,,,,,,,,,,,,,,,,,,,,,,,,,,,,,,,,,,,,,,,,,,,,[Minor] Ignored duplicate Info dictionary [x2],,,,"Adobe XMP Core 5.4-c006 80.159825, 2016/09/16-03:31:08        ",,,,,,,,,,,,
./downloaded_docs/m_2-9-23_to_web.pdf,,,,,,,,,,,,,digiovannij,,,,,,,,,,,,,,,,,,,,,,,,,2023:03:17 08:50:47-04:00,,digiovannij,Adobe Acrobat Pro (32-bit) 22.3.20322,,,,,,,,,,,,,./downloaded_docs,,,,,uuid:078a8a56-8eb1-43ce-9e01-01b08b8fcdee,,,,,,13.59,2026:07:31 13:57:01-04:00,2026:07:31 09:58:58-04:00,2026:07:31 09:58:58-04:00,m_2-9-23_to_web.pdf,-rw-rw-rw-,259 kB,PDF,pdf,application/pdf,,,,,,,,,,,,,,,,,,,,,,,,,,uuid:41e219d5-3ca7-448c-b57b-48ad34bc2cec,,,,,,,Yes,,,,,,,,,,,,,,,,,,,,,,2023:03:17 08:50:47-04:00,application/pdf,,2023:03:17 08:50:47-04:00,,,,,,,,,9,,,,,,,,,,,1.7,,,,,,,,,,,,,,Adobe Acrobat Pro (32-bit) 22.3.20322,,,,,,,,,,,,,,,,,,,,,,,,,,,,,,,,,,,,,,,,,,,,,,,,,,,,,,,,,,,,,,,,,,,,,,,,,,,,,,,"Adobe XMP Core 9.0-c000 79.cca54b0, 2022/11/26-09:29:55        ",,,,,,,,,,,,
./downloaded_docs/Newman_Pauline_8-24-2024_Evaluation-Report-09.17.2024-with-Exhibits_Final-Redacted_for-Website.pdf,,,,,,,,,,,,,Aaron Filler,,,,,,,,,,,,,,,,,,,,,,,,,2024:09:19 05:51:46Z,,Aaron Filler,Word,,,,,,,,,,,,,./downloaded_docs,,,,,uuid:17dd04e3-ad45-e341-861b-82cbe33d6425,,,,,,13.59,2026:07:31 13:57:01-04:00,2026:07:28 10:46:50-04:00,2026:07:28 10:46:50-04:00,Newman_Pauline_8-24-2024_Evaluation-Report-09.17.2024-with-Exhibits_Final-Redacted_for-Website.pdf,-rw-rw-rw-,12 MB,PDF,pdf,application/pdf,,,,,,,,,No,,,,,,,,,,,,,,,,,uuid:162e4716-e67e-4e27-ab67-db2f7aabb490,,,,,,,Yes,,,,,,,,,,,,,,,,,,,,,,2024:09:24 12:51:09-04:00,application/pdf,,2024:09:24 12:51:09-04:00,,,,,,,,,304,,,,,,,,,,,1.7,,,,,,,,,,,,,,macOS Version 14.6.1 (Build 23G93) Quartz PDFContext,,,,,,,,,,,,,,,,,,,,,,,,,,,,,,,,,,,,,,,,,,,,,,,,,,,,,,,Newman_Pauline_08-24-2024_Evaluation Report-09.17.2024-b_with References_Final,,,,,,,,,,,,,,,,,,,,,,,,"Adobe XMP Core 9.1-c001 79.675d0f7, 2023/06/11-19:21:16        ",,,,,,,,,,,,
./downloaded_docs/Newsletter%204%201980-81.pdf,,,,,,,,,,,,,,,,,,,,,,,,,,,,,,,,,,,,,,2007:04:27 14:06:51-05:00,,Adobe Acrobat 7.05,Adobe Acrobat 7.05,,,,,,,,,,,,,./downloaded_docs,,,,,uuid:8827dcbe-e55a-4b4b-9baf-ad73f0c3a40d,,,,,,13.59,2026:07:31 13:57:01-04:00,2026:07:31 09:58:34-04:00,2026:07:31 09:58:34-04:00,Newsletter%204%201980-81.pdf,-rw-rw-rw-,12 MB,PDF,pdf,application/pdf,,,,,,,,,,,,,,,,,,,,,,,,,,uuid:fd837697-4917-40f7-8f81-8f220745ecdd,,,,,,,Yes,,,,,,,,,,,,,,,,,,,,,,2007:04:27 21:52:20-05:00,application/pdf,,2007:04:27 21:52:20-05:00,,,,,,,,,245,,,,,,,,,,,1.6,,,,,,,,,,,,,,Adobe Acrobat 7.05 Paper Capture Plug-in,,,,,,,,,,,,,,,,,,,,,,,,,,,,,,,,,,,,,,,,,,,,,,,,,,,,,,,,,,,,,,,,,,,,,,,,,,,,,,,3.1-702,,,,,,,,,,,,
./downloaded_docs/NGEC-Member-Roster-2025-3-15-25.pdf,,,,,,,,,,,,,SGill,,,,,,,,,,,,,,,,,,,,,,,,,2025:03:10 08:41:30-04:00,,SGill,Microsoft® Word for Microsoft 365,,,,,,,,,,,,,./downloaded_docs,,,,,uuid:B75593F9-1235-4A6E-AD3C-4CB5A98F6AD6,,,,,,13.59,2026:08:07 08:47:24-04:00,2026:07:28 10:46:30-04:00,2026:08:07 08:47:23-04:00,NGEC-Member-Roster-2025-3-15-25.pdf,-rw-rw-rw-,364 kB,PDF,pdf,,,,,,,,,,,,,,,,,,,,,,,,,,,uuid:B75593F9-1235-4A6E-AD3C-4CB5A98F6AD6,,,en,,,,No,,,,,,,,,,,,,,,,,,,,,,,application/pdf,,2025:03:10 08:41:30-04:00,,,,,,,,,9,,,,,,,,,,,1.7,,,,,,,,,,,,,,Microsoft® Word for Microsoft 365,,,,,,,,,,,,,,,,,,,,,,,,,,,,,,,,,,,,,,,,,,,,,,,Yes,,,,,,,,305 Next Generation Equipment Pool Committee,,,,,,,,,,,,,,,,,,,,,,,,3.1-701,,,,,,,,,,,,
./downloaded_docs/NKCDC-40-Year-Report.pdf,,,,,,,,,,,,,NKCDC,,,,,,,,,,,,,,,,,,,,,,,,,2025:10:31 14:53:40-04:00,,NKCDC,Canva,,,,,,,,,,,,,./downloaded_docs,,,,,uuid:08a5f014-d0f0-4ff3-affb-04e52895a2fa,,,,,,13.59,2026:07:31 13:57:01-04:00,2026:07:31 09:58:46-04:00,2026:07:31 09:58:46-04:00,NKCDC-40-Year-Report.pdf,-rw-rw-rw-,14 MB,PDF,pdf,application/pdf,,,,,,,,,,,,,,,,,,,,,,,,,,uuid:415a6089-f3f2-45ec-962d-67339d6bda7b,,"DAG1lzuZAQ0, BABahcv2iRs, 0",,,,,Yes,,,,,,,,,,,,,,,,,,,,,,2025:10:31 15:02:33-04:00,application/pdf,,2025:10:31 15:02:33-04:00,,,,,,,,,54,,,,,,,,,,,1.6,,,,,,,,,,,,,,Canva,,,,,,,,,,,,,,,,,,,,,,,,,,,,,,,,,,,,,,,,,,,,,,,Yes,,,,,,,,Internal pages 40 year annual report,,,,,,,,,,,,,,,,,,,,,,,,"Adobe XMP Core 9.1-c001 79.675d0f7, 2023/06/11-19:21:16        ",,,,,,,,,,,,
./downloaded_docs/nl_may2011.pdf,,,,,,,,,,,,,,,,,,,,,,,,,,,,,,,,,,,,,,2011:05:16 16:31:09-05:00,,QuarkXPress(R) 8.16,QuarkXPress(R) 8.16,,,,,,,,,,,,,./downloaded_docs,,,,,uuid:fabb244a-27ad-4f4e-b0fd-ec049f3bf6ec,,,,,,13.59,2026:07:31 13:57:01-04:00,2026:07:29 12:27:13-04:00,2026:07:29 12:27:13-04:00,nl_may2011.pdf,-rw-rw-rw-,6.1 MB,PDF,pdf,application/pdf,,,,,,,,,,,,,,,,,,,,,,,,,,uuid:89da7d9c-190e-ab46-ac35-be8673fde99b,,,,,,,No,,,,,,,,,,,,,,,,,,,,,,2011:05:16 16:41:30-04:00,application/pdf,,2011:05:16 16:41:30-04:00,,,,,,,,,28,,,,,,,,,,,1.6,,,,,,,,,,,,,,QuarkXPress(R) 8.16,,,,,,,,,,,,,,,,,,,,,,,,,,,,,,,,,,,,,,,,,,,,,,,,,,,,,,,NL 00_06 pgs 02_05.qxd,,,,,,,,,,,,,,,,,,,,,,,,"Adobe XMP Core 4.2.1-c043 52.372728, 2009/01/18-15:56:37        ","%%DocumentProcessColors: Cyan Magenta Yellow Black
%%EndComments",,,,,,,,,,,
./downloaded_docs/Norristown-Land%20Planner%20Public%20Meeting%20Transcript.pdf,561461c4-d306-11e8-0000-3e10b307d180,,,,,,,,,,,,Lisa,,,,,,,,,,,,,,,,,,,,,,,,,2018:10:15 14:47:59-04:00,,Lisa,PScript5.dll Version 5.2.2,,,,,,,,,,,,,./downloaded_docs,,,,,561461c4-d306-11e8-0000-3e10b307d180,,,,,,13.59,2026:07:31 13:57:01-04:00,2026:07:31 09:58:38-04:00,2026:07:31 09:58:38-04:00,Norristown-Land%20Planner%20Public%20Meeting%20Transcript.pdf,-rw-rw-rw-,233 kB,PDF,pdf,application/pdf,,,,,,,,,,,,,,,,,,,,,,,,,,,,,,,,,No,,,,,,,,,,,,,,,,,,,,,,,application/pdf,,2018:10:15 14:47:59-04:00,,,,,,,,,118,,,,,,,,,,,1.4,,,,,,,,,,,,,,GPL Ghostscript  9.0,,,,,,,,,,,,,,,,,,,,,,,,,,,,,,,,,,,,,,,,,,,,,,,,,,,,,,,NORRISTOWN 100918-1810,,,,,,,,,,,,,,,,,,,,,,,,"XMP toolkit 2.9.1-13, framework 1.6",,,,,,,,,,,,
./downloaded_docs/NSCS-Civil-Final-Report.pdf,uuid:11dd7f26-d10a-48b8-adf4-b71a3e09bc28,,,,,,,,,,,,kkelly2,,,,,,,,,,,,,,,,,,,,,,,,,2004:10:21 15:41:05Z,,kkelly2,PScript5.dll Version 5.2,,,,,,,,,,,,,./downloaded_docs,,,,,uuid:31d191b3-063d-47c1-b0c7-c4e84484d8d6,,,,,,13.59,2026:07:31 13:57:01-04:00,2026:07:29 12:27:18-04:00,2026:07:29 12:27:18-04:00,NSCS-Civil-Final-Report.pdf,-rw-rw-rw-,382 kB,PDF,pdf,application/pdf,,,,,,,,,,,,,,,,,,,,,,,,,,,,,,,,,Yes,,,,,,,,,,,,,,,,,,,,,,2004:10:28 16:17:13-04:00,application/pdf,,2004:10:28 16:17:13-04:00,,,,,,,,,76,,,,,,,,,,,1.3,,,,,,,,,,,,,,Acrobat Distiller 5.0.5 (Windows),,,,,,,,,,,,,,,,,,,,,,,,,,,,,,,,,,,,,,,,,,,,,,,,,,,,,,,Microsoft Word - Final Rpt 9-21-04.doc,,,,,,,,,,,,,,,,,,,,,,,,"XMP toolkit 2.9.1-13, framework 1.6",,,,,,,,,,,,
./downloaded_docs/NUP_RMSalarySurvey_2019_List.xlsx,,,,,Microsoft Excel,,,16.0300,,,,,,,,,,,,,,,,,,,,,,,ALM,,,,,,,2019:01:04 14:25:50Z,,Maggie Li,,,,,,,,,,,,,,./downloaded_docs,,,,None,,,,,,,13.59,2026:08:07 08:47:26-04:00,2026:08:07 08:47:24-04:00,2026:08:07 08:47:24-04:00,NUP_RMSalarySurvey_2019_List.xlsx,-rw-rw-rw-,518 kB,XLSX,xlsx,,,,,,,,,,,"Worksheets, 1",,,,,,,,,,,No,,,,,,,,,,Maggie Li,,,,No,,,,,,,,,,,,,,,,,,,,,application/vnd.openxmlformats-officedocument.spreadsheetml.sheet,,2019:01:04 16:34:12Z,,,,,,,,,,,,,,,,,,,,,,,,,,,,,,,,,,,,,,,,,,,,,,,,,,,,,No,,,,,,,,,No,,,,,,,,,,,,,,,,,,,,,,,,,,,,,Sheet2,,,,,,,,,,,,,,,,,,,,,,,,,,,0x0006,350,Deflated,0x689dee62,[Content_Types].xml,1980:01:01 00:00:00,20,1168
./downloaded_docs/OEA22-SEPTA-Nomination.pdf,,,,,,,,,,,,,Fredric L. Plotnick,0.14307 0.06061 0.7141,"(Binary data 2060 bytes, use -b option to extract)",,,,,,,"Not Embedded, Independent",,,,,,,"RGB ",,Drexel University,,,,0.9642 1 0.82491,,,2010:05:07 13:14:29-04:00,,Fredric L. Plotnick,Acrobat PDFMaker 9.1 for Word,,,,,,,,"Reflective, Glossy, Positive, Color",Hewlett-Packard,IEC http://www.iec.ch,sRGB,IEC 61966-2.1 Default RGB colour space - sRGB,./downloaded_docs,,,,,uuid:d31c4895-8d26-4daf-b83e-0dc53177e0c0,,,,,,13.59,2026:07:31 13:57:01-04:00,2026:07:31 09:57:33-04:00,2026:07:31 09:57:33-04:00,OEA22-SEPTA-Nomination.pdf,-rw-rw-rw-,564 kB,PDF,pdf,application/pdf,,,0.38515 0.71687 0.09708,"(Binary data 2060 bytes, use -b option to extract)",,,,,No,,,,,,,,,,,,,,,,,uuid:26b3f6f1-726b-409c-868f-956a357c1aea,,,EN-US,,,,No,,,76.03647 80 87.12462,,,,,,,,,,,0 0 0,0.999%,Unknown,D65,CIE 1931,0 0 0,,0.95045 1 1.08905,2022:11:16 15:49:58-05:00,application/pdf,,2022:11:16 15:49:58-05:00,,,,,,,,,3,,,,,,OneColumn,,,,,1.7,,Microsoft Corporation,,,,,,,,,,,,Acrobat Distiller 9.3.2 (Windows),Display Device Profile,Linotronic,"XYZ ",Copyright (c) 1998 Hewlett-Packard Company,Hewlett-Packard,1998:02:09 06:49:00,sRGB IEC61966-2.1,acsp,0,2.1.0,,0.43607 0.22249 0.01392,"(Binary data 2060 bytes, use -b option to extract)",Perceptual,,,,,,,,,,,,,,,,,,2010:05:07 17:14:25,,,,,,,,,,,,,,,Yes,Cathode Ray Tube Display,,,,,,,PSPE Philadelphia Chapter,,,,,,,,,,,,,,,Reference Viewing Condition in IEC61966-2.1,19.6445 20.3718 16.8089,D50,3.92889 4.07439 3.36179,,,,,,"Adobe XMP Core 8.0-c001 79.328f76e, 2022/08/01-19:10:29        ",,,,,,,,,,,,
./downloaded_docs/OEA22-STV-Nomination.pdf,,,,,,,,,,,,,,,,,,,,,,,,,,,,,,,,,,,,,,2022:11:06 11:16:08-05:00,,Bluebeam Stapler 20.2.85.2,,,,,,,,,,,,,,./downloaded_docs,,,,,,,,,,,13.59,2026:08:07 08:48:05-04:00,2026:07:28 10:43:52-04:00,2026:08:07 08:48:04-04:00,OEA22-STV-Nomination.pdf,-rw-rw-rw-,3.0 MB,PDF,pdf,,,,,,,,,,,,,,,,,,,,,,,,,,,,,,,,,,No,,,,,,,,,,,,,,,,,,,,,,,application/pdf,,2022:11:06 11:20:57-05:00,,,,,,,,,7,,,,,,,,,,,1.6,,,,,,,,,,,,,,Bluebeam Brewery 5.0,,,,,,,,,,,,,,,,,,,,,,,,,,,,,,,,,,,,,,,,,,,,,,,,,,,,,,,,,,,,,,,,,,,,,,,,,,,,,,,,,,,,,,,,,,,
./downloaded_docs/OT-at-SEPTA.docx,,,,,Microsoft Office Word,,,16.0000,,,,,,,,,,,3542,4155,,,,,,,,,,,,,,,,,,2019:05:20 21:14:00Z,,Microsoft Office User,,,,,,,,,,,,,,./downloaded_docs,,,,None,,,,,,,13.59,2026:08:07 08:46:55-04:00,2026:07:28 10:46:40-04:00,2026:08:07 08:46:54-04:00,OT-at-SEPTA.docx,-rw-rw-rw-,18 kB,DOCX,docx,,,,,,,,,,,,,,,,,,,,,,No,,,,,,,,,,Microsoft Office User,,,29,No,,,,,,,,,,,,,,,,,,,,,application/vnd.openxmlformats-officedocument.wordprocessingml.document,,2019:05:20 21:18:00Z,,,,,,,,,,,,,,,,,4,8,,,,,,,,,,,,,,,,,,,,,,,,,,,,,,,,,1,,No,,,,,,,,,No,,,,,,,,,,,,,,,,,,,,,Normal.dotm,,,,,,,,,4 minutes,,,,,,,,,,,,,,,,,,,621,,,,,,,0x0006,358,Deflated,0x576f9132,[Content_Types].xml,1980:01:01 00:00:00,20,1445
./downloaded_docs/paradigm-award-program-book-2021.pdf,,,,,,,,,,,,,,,,,,,,,,,,,,,,,,,,,,,,,,2021:03:02 15:02:26-05:00,,Adobe InDesign 16.1 (Macintosh),Adobe InDesign 16.1 (Macintosh),,,xmp.did:7c0a7651-1931-4583-b24c-f4fe613d95fb,xmp.iid:38e5829d-0fda-4700-b336-a710ecb16728,xmp.did:74117FE5200711688A33B9681E44B53B,default,,,,,,,./downloaded_docs,,,,,xmp.id:8bf20631-da5e-4bf6-9d29-d985b7bab226,,,,,,13.59,2026:08:07 08:47:17-04:00,2026:07:28 10:43:56-04:00,2026:08:07 08:47:16-04:00,paradigm-award-program-book-2021.pdf,-rw-rw-rw-,8.6 MB,PDF,pdf,application/pdf,,,,,,,,,,,,,converted,/,,from application/x-indesign to application/pdf,Adobe InDesign 16.1 (Macintosh),2021:03:02 15:02:26-05:00,,,,,,,,uuid:63438e08-bddd-624d-8095-8193b42a0b67,,,en-US,,,,Yes,,,,,,,,,,,,,,,,,,,,,,2021:03:03 12:09:43-05:00,application/pdf,,2021:03:03 12:09:43-05:00,,,,,,,,xmp.did:74117FE5200711688A33B9681E44B53B,54,,,,,,,,,,,1.6,,,,,,,,,,,,,,Adobe PDF Library 15.0,,,,,,,,,,,,,,,proof:pdf,,,,,,,,,,,,,,,,,,,,,,,,,,,,,,,,,,,,,,,,,,,,False,,,,,,,,,,,,,,,,,,,,"Adobe XMP Core 5.6-c017 91.164464, 2020/06/15-10:20:05        ",,,,,,,,,,,,
./downloaded_docs/philadelpha-flyers-2014-15-media-guide.pdf,,,,,,,,,,,,,,,,,,,,,,,,,,,,,,,,,,,,,,2014:09:23 10:46:30-04:00,,Adobe Acrobat 11.0.0,Adobe Acrobat 11.0.0,,,,,,,,,,,,,./downloaded_docs,,,,,uuid:4053d67e-14d0-45ef-98b1-a27112a83bb6,,,,,,13.59,2026:07:31 13:57:01-04:00,2026:07:28 10:44:11-04:00,2026:07:28 10:44:11-04:00,philadelpha-flyers-2014-15-media-guide.pdf,-rw-rw-rw-,10 MB,PDF,pdf,application/pdf,,,,,,,,,No,,,,,,,,,,,,,,,,,uuid:5282a544-58ac-43c8-a642-15cd2d8e8217,,,,,,,Yes,,,,,,,,,,,,,,,,,,,,,,2014:10:02 13:14:48-04:00,application/pdf,,2014:10:02 13:14:48-04:00,,,,,,,,,345,,,,,,SinglePage,UseOutlines,,,,1.6,,,,,,,,,,,,,,Adobe Acrobat 11.0.0,,,,,,,,,,,,,,,,,,,,,,,,,,,,,,,,,,,,,,,,,,,,,,,,,,,,,,,,,,,False,,,,,,,,,,,,,,,,,,,,"Adobe XMP Core 4.0-c316 44.253921, Sun Oct 01 2006 17:14:39",,,,,,,,,,,,
./downloaded_docs/phmc_annual_report_2006_07.pdf,,,,,,,,,,,,,,,,,,,,,,,,,,,,,,,,,,,,,,2007:10:24 20:33:54-04:00,,Adobe InDesign CS2 (4.0.4),Adobe InDesign CS2 (4.0.4),,,adobe:docid:indd:1ceb95d5-5e4c-11dc-bf3c-9a970696364e,ca0e4b97-6d32-11dc-b8a9-d11f9459ae1f,,,,,,,,,./downloaded_docs,,,,,adobe:docid:indd:ca0e4b98-6d32-11dc-b8a9-d11f9459ae1f,,,Standard V2.3 (128-bit),,,13.59,2026:07:31 13:57:01-04:00,2026:07:29 12:26:38-04:00,2026:07:29 12:26:38-04:00,phmc_annual_report_2006_07.pdf,-rw-rw-rw-,5.8 MB,PDF,pdf,application/pdf,,,,,,,,,,,,,,,,,,,,,,,,,,uuid:f7717479-a461-11dc-9886-001124859474,,,,,,,Yes,,,,"ReferenceStream, ReferenceStream, ReferenceStream, ReferenceStream, ReferenceStream, ReferenceStream, ReferenceStream, ReferenceStream, ReferenceStream, ReferenceStream, ReferenceStream, ReferenceStream, ReferenceStream, ReferenceStream, ReferenceStream, ReferenceStream, ReferenceStream, ReferenceStream, ReferenceStream, ReferenceStream, ReferenceStream, ReferenceStream, ReferenceStream, ReferenceStream, ReferenceStream, ReferenceStream, ReferenceStream, ReferenceStream, ReferenceStream, ReferenceStream, ReferenceStream, ReferenceStream, ReferenceStream, ReferenceStream, ReferenceStream, ReferenceStream, ReferenceStream, ReferenceStream, ReferenceStream, ReferenceStream, ReferenceStream, ReferenceStream, ReferenceStream, ReferenceStream, ReferenceStream, ReferenceStream, ReferenceStream, ReferenceStream, ReferenceStream, ReferenceStream, ReferenceStream, ReferenceStream, ReferenceStream, ReferenceStream, ReferenceStream, ReferenceStream, ReferenceStream, ReferenceStream, ReferenceStream, ReferenceStream, ReferenceStream, ReferenceStream, ReferenceStream, ReferenceStream, ReferenceStream, ReferenceStream, ReferenceStream, ReferenceStream, ReferenceStream, ReferenceStream, ReferenceStream, ReferenceStream, ReferenceStream, ReferenceStream, ReferenceStream, ReferenceStream, ReferenceStream, ReferenceStream, ReferenceStream, ReferenceStream, ReferenceStream, ReferenceStream, ReferenceStream, ReferenceStream, ReferenceStream, ReferenceStream, ReferenceStream, ReferenceStream, ReferenceStream, ReferenceStream, ReferenceStream, ReferenceStream, ReferenceStream, ReferenceStream, ReferenceStream, ReferenceStream, ReferenceStream, ReferenceStream, ReferenceStream, ReferenceStream, ReferenceStream, ReferenceStream, ReferenceStream, ReferenceStream, ReferenceStream, ReferenceStream, ReferenceStream, ReferenceStream, ReferenceStream, ReferenceStream, ReferenceStream, ReferenceStream, ReferenceStream, ReferenceStream, ReferenceStream, ReferenceStream, ReferenceStream","Inches, Inches, Inches, Inches, Inches, Inches, Inches, Inches, Inches, Inches, Inches, Inches, Inches, Inches, Inches, Inches, Inches, Inches, Inches, Inches, Inches, Inches, Inches, Inches, Inches, Inches, Inches, Inches, Inches, Inches, Inches, Inches, Inches, Inches, Inches, Inches, Inches, Inches, Inches, Inches, Inches, Inches, Inches, Inches, Inches, Inches, Inches, Inches, Inches, Inches, Inches, Inches, Inches, Inches, Inches, Inches, Inches, Inches, Inches, Inches, Inches, Inches, Inches, Inches, Inches, Inches, Inches, Inches, Inches, Inches, Inches, Inches, Inches, Inches, Inches, Inches, Inches, Inches, Inches, Inches, Inches, Inches, Inches, Inches, Inches, Inches, Inches, Inches, Inches, Inches, Inches, Inches, Inches, Inches, Inches, Inches, Inches, Inches, Inches, Inches, Inches, Inches, Inches, Inches, Inches, Inches, Inches, Inches, Inches, Inches, Inches, Inches, Inches, Inches, Inches, Inches, Inches","72.00, 72.00, 300.00, 600.00, 72.00, 300.00, 300.00, 72.00, 72.00, 300.00, 300.00, 300.00, 72.00, 72.00, 300.00, 300.00, 300.00, 300.00, 300.00, 300.00, 300.00, 300.00, 300.00, 300.00, 300.00, 300.00, 72.00, 300.00, 300.00, 300.00, 72.00, 300.00, 72.00, 300.00, 300.00, 300.00, 300.00, 72.00, 300.00, 300.00, 300.00, 72.00, 300.00, 300.00, 300.00, 300.00, 300.00, 72.00, 300.00, 300.00, 300.00, 72.00, 300.00, 300.00, 300.00, 72.00, 300.00, 72.00, 72.00, 300.00, 72.00, 300.00, 300.00, 300.00, 300.00, 72.00, 300.00, 300.00, 300.00, 72.00, 300.00, 300.00, 300.00, 300.00, 72.00, 300.00, 72.00, 72.00, 300.00, 300.00, 300.00, 300.00, 72.00, 72.00, 300.00, 300.00, 72.00, 300.00, 300.00, 300.00, 72.00, 72.00, 300.00, 72.00, 72.00, 300.00, 72.00, 300.00, 300.00, 72.00, 300.00, 300.00, 300.00, 300.00, 72.00, 72.00, 300.00, 72.00, 300.00, 72.00, 72.00, 72.00, 300.00, 72.00, 300.00, 72.00, 72.00","72.00, 72.00, 300.00, 600.00, 72.00, 300.00, 300.00, 72.00, 72.00, 300.00, 300.00, 300.00, 72.00, 72.00, 300.00, 300.00, 300.00, 300.00, 300.00, 300.00, 300.00, 300.00, 300.00, 300.00, 300.00, 300.00, 72.00, 300.00, 300.00, 300.00, 72.00, 300.00, 72.00, 300.00, 300.00, 300.00, 300.00, 72.00, 300.00, 300.00, 300.00, 72.00, 300.00, 300.00, 300.00, 300.00, 300.00, 72.00, 300.00, 300.00, 300.00, 72.00, 300.00, 300.00, 300.00, 72.00, 300.00, 72.00, 72.00, 300.00, 72.00, 300.00, 300.00, 300.00, 300.00, 72.00, 300.00, 300.00, 300.00, 72.00, 300.00, 300.00, 300.00, 300.00, 72.00, 300.00, 72.00, 72.00, 300.00, 300.00, 300.00, 300.00, 72.00, 72.00, 300.00, 300.00, 72.00, 300.00, 300.00, 300.00, 72.00, 72.00, 300.00, 72.00, 72.00, 300.00, 72.00, 300.00, 300.00, 72.00, 300.00, 300.00, 300.00, 300.00, 72.00, 72.00, 300.00, 72.00, 300.00, 72.00, 72.00, 72.00, 300.00, 72.00, 300.00, 72.00, 72.00","uuid:5BFE83654F2711DC8E2AB4EA833E4DEC, uuid:515C67624F4211DC8E2AB4EA833E4DEC, adobe:docid:photoshop:4124b09a-84b2-11b2-8ca3-e7135a8c737f, adobe:docid:photoshop:6d131b62-8fdc-11b2-8b27-a53780c7c28e, uuid:515C67624F4211DC8E2AB4EA833E4DEC, adobe:docid:photoshop:8b6565e2-8fdd-11b2-8b27-a53780c7c28e, uuid:8F1271BA4FCD11DC93AFA0FE0A8628C2, uuid:94858F5A4FE511DC93AFA0FE0A8628C2, uuid:515C67624F4211DC8E2AB4EA833E4DEC, adobe:docid:photoshop:6d131b69-8fdc-11b2-8b27-a53780c7c28e, uuid:0F74E2484FDB11DC93AFA0FE0A8628C2, uuid:608C5CD24FDB11DC93AFA0FE0A8628C2, uuid:62A8CC8F6D3B11DCBD4789D216BCC13E, uuid:8DF661A2968B11DBA910899985B53443, uuid:0364E5E66D3811DCA0C4EEE9832FBA6B, uuid:36BC84A0555F11DC95BBFCADFFB05D90, uuid:F3A1931A555F11DC95BBFCADFFB05D90, uuid:36BC8496555F11DC95BBFCADFFB05D90, uuid:36BC849B555F11DC95BBFCADFFB05D90, uuid:8FD30C34555F11DC95BBFCADFFB05D90, uuid:F3A19315555F11DC95BBFCADFFB05D90, uuid:4CCF5FB4556011DC95BBFCADFFB05D90, uuid:1151A422556311DC95BBFCADFFB05D90, uuid:34A71CD6556411DC95BBFCADFFB05D90, uuid:4CCF5FAC556011DC95BBFCADFFB05D90, uuid:BA086BC26D3711DCA0C4EEE9832FBA6B, uuid:62A8CC8F6D3B11DCBD4789D216BCC13E, uuid:FC8718FD4FDC11DC93AFA0FE0A8628C2, uuid:4AAC67D952B511DCA1109978192DD4B2, uuid:EC510E08524C11DCBD558FF7B5BD37BC, uuid:62A8CC8F6D3B11DCBD4789D216BCC13E, uuid:4C520DF14FDD11DC93AFA0FE0A8628C2, uuid:62A8CC8F6D3B11DCBD4789D216BCC13E, uuid:B27BC69C2A2611DC89CBE18AB6715836, uuid:3DF06D842A2811DC89CBE18AB6715836, uuid:CD9E390A51B211DCB66DBDAB45A9DD92, uuid:E50FF21452B511DCA1109978192DD4B2, uuid:62A8CC8F6D3B11DCBD4789D216BCC13E, uuid:904D5509EFE811DB83E4B78359454780, uuid:181756FC2A2511DC89CBE18AB6715836, adobe:docid:indd:2d674ca1-f123-11db-bff6-e6d69723833e, uuid:62A8CC8F6D3B11DCBD4789D216BCC13E, uuid:E8EB0C61E49B11DB8CB8D3DF82CDEE82, uuid:B250FAD64FDF11DC93AFA0FE0A8628C2, uuid:8C43F9F945B911DCBD56E0343AEE7AA4, uuid:F5C1708F4FDF11DC93AFA0FE0A8628C2, uuid:F5C170944FDF11DC93AFA0FE0A8628C2, uuid:62A8CC8F6D3B11DCBD4789D216BCC13E, uuid:95360AFD4FE111DC93AFA0FE0A8628C2, uuid:1337496D4FE511DC93AFA0FE0A8628C2, uuid:37B901E5E48811DB8CB8D3DF82CDEE82, uuid:62A8CC8F6D3B11DCBD4789D216BCC13E, uuid:1431A8214FE111DC93AFA0FE0A8628C2, uuid:9187633ED9E111DB879BCDCB1A4306D3, uuid:2EAA1FA8C54611DB84EBF39C9DEED102, uuid:62A8CC8F6D3B11DCBD4789D216BCC13E, uuid:B51CC428555111DC95BBFCADFFB05D90, uuid:62A8CC896D3B11DCBD4789D216BCC13E, uuid:62A8CC8F6D3B11DCBD4789D216BCC13E, uuid:07BAB98758DC11DC8CD4FC3C55024234, uuid:62A8CC8F6D3B11DCBD4789D216BCC13E, uuid:95360B034FE111DC93AFA0FE0A8628C2, uuid:78CEF1C24FE311DC93AFA0FE0A8628C2, uuid:BF2211FF4FE311DC93AFA0FE0A8628C2, uuid:3474BE3B4FE211DC93AFA0FE0A8628C2, uuid:62A8CC8F6D3B11DCBD4789D216BCC13E, uuid:C9F5587151B911DCB66DBDAB45A9DD92, uuid:78AC70DB51B311DCB66DBDAB45A9DD92, uuid:3C184445524F11DCBD558FF7B5BD37BC, uuid:62A8CC8F6D3B11DCBD4789D216BCC13E, uuid:3474BE424FE211DC93AFA0FE0A8628C2, uuid:78CEF1BD4FE311DC93AFA0FE0A8628C2, adobe:docid:indd:132f67f1-8ce0-11db-8c6e-9d7c0acb25fa, uuid:0627482A2A1D11DC89CBE18AB6715836, uuid:62A8CC8F6D3B11DCBD4789D216BCC13E, uuid:E2320250525111DCBD558FF7B5BD37BC, uuid:FA760770524D11DCBD558FF7B5BD37BC, uuid:62A8CC8F6D3B11DCBD4789D216BCC13E, uuid:4ED33BEC51BC11DCB66DBDAB45A9DD92, uuid:4ED33BF151BC11DCB66DBDAB45A9DD92, uuid:DA6100DC525011DCBD558FF7B5BD37BC, uuid:F141BA7F533D11DC95E49708BE65AC2B, uuid:515C67624F4211DC8E2AB4EA833E4DEC, uuid:62A8CC8F6D3B11DCBD4789D216BCC13E, uuid:439CF5D16E0311DC8094DDBF0C12E71D, uuid:BED1BF3A6E0311DC8094DDBF0C12E71D, uuid:62A8CC8F6D3B11DCBD4789D216BCC13E, uuid:439CF5D66E0311DC8094DDBF0C12E71D, uuid:8E1ED40C6E0311DC8094DDBF0C12E71D, uuid:8E1ED4126E0311DC8094DDBF0C12E71D, uuid:62A8CC8F6D3B11DCBD4789D216BCC13E, uuid:515C67624F4211DC8E2AB4EA833E4DEC, uuid:0BCD0E474FE611DC93AFA0FE0A8628C2, uuid:62A8CC8F6D3B11DCBD4789D216BCC13E, uuid:62A8CC8F6D3B11DCBD4789D216BCC13E, uuid:0BCD0E4D4FE611DC93AFA0FE0A8628C2, uuid:515C67624F4211DC8E2AB4EA833E4DEC, uuid:B73E4D8E4FE611DC93AFA0FE0A8628C2, uuid:B73E4D924FE611DC93AFA0FE0A8628C2, uuid:62A8CC8F6D3B11DCBD4789D216BCC13E, uuid:E6FFBFDF4FE711DC93AFA0FE0A8628C2, uuid:E6FFBFDB4FE711DC93AFA0FE0A8628C2, uuid:5B6BFDF34FE711DC93AFA0FE0A8628C2, uuid:5B6BFDEF4FE711DC93AFA0FE0A8628C2, uuid:515C67624F4211DC8E2AB4EA833E4DEC, uuid:62A8CC8F6D3B11DCBD4789D216BCC13E, uuid:6A048866525011DCBD558FF7B5BD37BC, uuid:515C67624F4211DC8E2AB4EA833E4DEC, uuid:133749714FE511DC93AFA0FE0A8628C2, uuid:62A8CC8F6D3B11DCBD4789D216BCC13E, uuid:62A8CC8F6D3B11DCBD4789D216BCC13E, uuid:62A8CC8F6D3B11DCBD4789D216BCC13E, uuid:5BD9FADA484C11DC89A4962C208273AF, uuid:62A8CC8F6D3B11DCBD4789D216BCC13E, uuid:EC510E08524C11DCBD558FF7B5BD37BC, uuid:4B0DAAEB536D11DC9B76AA68E0306336, uuid:33F65930968F11DBA910899985B53443",,"uuid:a679b8ee-6c9a-11dc-965e-001124859474, uuid:67d61d13-6c87-11dc-965e-001124859474, uuid:67d61d13-6c87-11dc-965e-001124859474, uuid:0F74E2404FDB11DC93AFA0FE0A8628C2, uuid:94858F5B4FE511DC93AFA0FE0A8628C2, uuid:67d61d13-6c87-11dc-965e-001124859474, uuid:0F74E2494FDB11DC93AFA0FE0A8628C2, uuid:608C5CD34FDB11DC93AFA0FE0A8628C2, uuid:75113388-6c87-11dc-965e-001124859474, uuid:8DF661A3968B11DBA910899985B53443, uuid:0364E5E76D3811DCA0C4EEE9832FBA6B, uuid:8FD30C30555F11DC95BBFCADFFB05D90, uuid:F3A1931B555F11DC95BBFCADFFB05D90, uuid:36BC8497555F11DC95BBFCADFFB05D90, uuid:36BC849C555F11DC95BBFCADFFB05D90, uuid:8FD30C35555F11DC95BBFCADFFB05D90, uuid:F3A19316555F11DC95BBFCADFFB05D90, uuid:1151A41C556311DC95BBFCADFFB05D90, uuid:1151A423556311DC95BBFCADFFB05D90, uuid:34A71CD7556411DC95BBFCADFFB05D90, uuid:4CCF5FAD556011DC95BBFCADFFB05D90, uuid:0364E5DE6D3811DCA0C4EEE9832FBA6B, uuid:75113388-6c87-11dc-965e-001124859474, uuid:FC8718FE4FDC11DC93AFA0FE0A8628C2, uuid:4AAC67DA52B511DCA1109978192DD4B2, uuid:EC510E09524C11DCBD558FF7B5BD37BC, uuid:75113388-6c87-11dc-965e-001124859474, uuid:4C520DF24FDD11DC93AFA0FE0A8628C2, uuid:75113388-6c87-11dc-965e-001124859474, uuid:D00ABBE94FDE11DC93AFA0FE0A8628C2, uuid:68B58F684FDE11DC93AFA0FE0A8628C2, uuid:78AC70D251B311DCB66DBDAB45A9DD92, uuid:06961E9A52B611DCA1109978192DD4B2, uuid:75113388-6c87-11dc-965e-001124859474, uuid:D00ABBE64FDE11DC93AFA0FE0A8628C2, uuid:D00ABBEC4FDE11DC93AFA0FE0A8628C2, uuid:800606F24FE011DC93AFA0FE0A8628C2, uuid:75113388-6c87-11dc-965e-001124859474, uuid:68B58F654FDE11DC93AFA0FE0A8628C2, uuid:B250FAD74FDF11DC93AFA0FE0A8628C2, uuid:B250FADF4FDF11DC93AFA0FE0A8628C2, uuid:F5C170904FDF11DC93AFA0FE0A8628C2, uuid:F5C170954FDF11DC93AFA0FE0A8628C2, uuid:75113388-6c87-11dc-965e-001124859474, uuid:95360AFE4FE111DC93AFA0FE0A8628C2, uuid:1337496E4FE511DC93AFA0FE0A8628C2, uuid:68B58F6B4FDE11DC93AFA0FE0A8628C2, uuid:75113388-6c87-11dc-965e-001124859474, uuid:1431A8224FE111DC93AFA0FE0A8628C2, uuid:9187633FD9E111DB879BCDCB1A4306D3, uuid:2EAA1FA9C54611DB84EBF39C9DEED102, uuid:75113388-6c87-11dc-965e-001124859474, uuid:B51CC42D555111DC95BBFCADFFB05D90, uuid:31fcf10c-6c9f-11dc-965e-001124859474, uuid:75113388-6c87-11dc-965e-001124859474, uuid:07BAB98858DC11DC8CD4FC3C55024234, uuid:75113388-6c87-11dc-965e-001124859474, uuid:95360B044FE111DC93AFA0FE0A8628C2, uuid:78CEF1C34FE311DC93AFA0FE0A8628C2, uuid:BF2212004FE311DC93AFA0FE0A8628C2, uuid:3474BE3C4FE211DC93AFA0FE0A8628C2, uuid:75113388-6c87-11dc-965e-001124859474, uuid:C9F5587251B911DCB66DBDAB45A9DD92, uuid:78AC70DC51B311DCB66DBDAB45A9DD92, uuid:3C184446524F11DCBD558FF7B5BD37BC, uuid:75113388-6c87-11dc-965e-001124859474, uuid:E3B013024FE211DC93AFA0FE0A8628C2, uuid:78CEF1BE4FE311DC93AFA0FE0A8628C2, uuid:6A048860525011DCBD558FF7B5BD37BC, uuid:0F74E2444FDB11DC93AFA0FE0A8628C2, uuid:75113388-6c87-11dc-965e-001124859474, uuid:E2320251525111DCBD558FF7B5BD37BC, uuid:FA760771524D11DCBD558FF7B5BD37BC, uuid:75113388-6c87-11dc-965e-001124859474, uuid:4ED33BED51BC11DCB66DBDAB45A9DD92, uuid:4ED33BF251BC11DCB66DBDAB45A9DD92, uuid:DA6100DD525011DCBD558FF7B5BD37BC, uuid:F141BA80533D11DC95E49708BE65AC2B, uuid:67d61d13-6c87-11dc-965e-001124859474, uuid:75113388-6c87-11dc-965e-001124859474, uuid:439CF5D26E0311DC8094DDBF0C12E71D, uuid:BED1BF3B6E0311DC8094DDBF0C12E71D, uuid:75113388-6c87-11dc-965e-001124859474, uuid:439CF5D76E0311DC8094DDBF0C12E71D, uuid:8E1ED40D6E0311DC8094DDBF0C12E71D, uuid:8E1ED4136E0311DC8094DDBF0C12E71D, uuid:75113388-6c87-11dc-965e-001124859474, uuid:67d61d13-6c87-11dc-965e-001124859474, uuid:0BCD0E484FE611DC93AFA0FE0A8628C2, uuid:75113388-6c87-11dc-965e-001124859474, uuid:75113388-6c87-11dc-965e-001124859474, uuid:0BCD0E4E4FE611DC93AFA0FE0A8628C2, uuid:67d61d13-6c87-11dc-965e-001124859474, uuid:B73E4D8F4FE611DC93AFA0FE0A8628C2, uuid:B73E4D934FE611DC93AFA0FE0A8628C2, uuid:75113388-6c87-11dc-965e-001124859474, uuid:E6FFBFE04FE711DC93AFA0FE0A8628C2, uuid:E6FFBFDC4FE711DC93AFA0FE0A8628C2, uuid:5B6BFDF74FE711DC93AFA0FE0A8628C2, uuid:5B6BFDF04FE711DC93AFA0FE0A8628C2, uuid:67d61d13-6c87-11dc-965e-001124859474, uuid:75113388-6c87-11dc-965e-001124859474, uuid:6A048867525011DCBD558FF7B5BD37BC, uuid:67d61d13-6c87-11dc-965e-001124859474, uuid:133749724FE511DC93AFA0FE0A8628C2, uuid:75113388-6c87-11dc-965e-001124859474, uuid:75113388-6c87-11dc-965e-001124859474, uuid:75113388-6c87-11dc-965e-001124859474, uuid:94858F554FE511DC93AFA0FE0A8628C2, uuid:75113388-6c87-11dc-965e-001124859474, uuid:EC510E09524C11DCBD558FF7B5BD37BC, uuid:806fb164-51fc-11dc-816c-001124859474, uuid:33F65931968F11DBA910899985B53443",,,,,,,,,,,,2007:12:06 20:15:58-05:00,application/pdf,,2007:12:06 20:15:58-05:00,,,,,,,,,36,,,,,,,,,,,1.6,,,,,,,,,,,,,,Adobe PDF Library 7.0,,,,,,,,,,,,,,,proof:pdf,,,,,,,,,,,,,,,,,,,,,,,,,,,,,,,,,,,,JPEG,512,"(Binary data 81524 bytes, use -b option to extract)",512,,,,,False,,,,,,,,,"Print, Extract, Print high-res",,,,,,,,,,,3.1-701,,,,,,,,,,,,
./downloaded_docs/Plastic%20Surgery%20Secrets%20-%20Jeffrey%20Weinzweig.pdf,,,,,,,,,,,,,Jeffrey Weinzweig,,,,,,,,,,,,,,,,,,,,,,,,,2023:10:16 19:32:00+01:00,,Jeffrey Weinzweig,PFU ScanSnap Manager 5.6.10 #S1500,,,,,,,,,,,,,./downloaded_docs,,,,,uuid:e4568869-c228-47cd-8859-d24b1e2e8b14,,,,,,13.59,2026:08:07 08:46:36-04:00,2026:07:28 10:45:47-04:00,2026:08:07 08:46:34-04:00,Plastic%20Surgery%20Secrets%20-%20Jeffrey%20Weinzweig.pdf,-rw-rw-rw-,33 MB,PDF,pdf,application/pdf,,,,,,,,,,,,,,,,,,,,,,,,,,uuid:b52359d2-a6f0-4d78-87b7-486dc212885b,,"1st, edition, 1999, Scanned, by, Richard, Pearson",,,,,No,,,,,,,,,,,,,,,,,,,,,,2023:10:16 21:12:07+01:00,application/pdf,,2023:10:16 21:12:07+01:00,,,,,,,,,676,,,,,,,,,,,1.6,,,,,,,,,,,,,,Adobe Acrobat Pro 11.0.9 Paper Capture Plug-in with ClearScan,,,,,,,,,,,,,,,,,,,,,,,,,,,,,,,,,,"1st edition 1999, Scanned by Richard Pearson",,,,,,,,,,,,,,,,,,,,,Plastic Surgery Secrets,,,,,,,,,,,,,,,,,,,,,,,,"Adobe XMP Core 5.4-c005 78.147326, 2012/08/23-13:03:03        ",,,,,,,,,,,,
./downloaded_docs/Pltfs-Pre-Trial-Conference-Memo-091322.pdf,,,,,,,StampPDF Batch 7.0.1 Windows Nov 20 2020 Library APDFL15.0.4c,,,,,,"Dordick, Sam",,,,,,,,,,,,,,,,,,,,,,,,,2022:09:12 11:54:39-04:00,,"Dordick, Sam",Appligent StampPDF Batch 7.0.1,,,,,,,,,,,,,./downloaded_docs,,,,,uuid:FF34961D-FC96-4507-882E-2F712332FBF6,,,,,,13.59,2026:07:31 13:57:01-04:00,2026:07:29 12:27:51-04:00,2026:07:29 12:27:51-04:00,Pltfs-Pre-Trial-Conference-Memo-091322.pdf,-rw-rw-rw-,2.2 MB,PDF,pdf,application/pdf,,,,,,,,,,,,,,,,,,,,,,,,,,uuid:5bf146f6-5b54-494e-a6cc-245669c9f460,,,en-US,,,,Yes,,,,,,,,,,,,,,,,,,,,,,2022:09:14 09:22:18-04:00,application/pdf,,2022:09:14 09:22:18-04:00,,,,,,,,,45,,,,,,,,,,,1.7,,,,,,,,,,,,,,Microsoft® Word for Microsoft 365,,,,,,,,,,,,,,,,,,,,,,,,,,,,,,,,,,,,,,,,,,,,,,,No,,,,,,,,,,,,,,,,,,,,,,,,,,,,,,,,"Adobe XMP Core 5.6-c015 81.159809, 2016/11/11-01:42:16        ",,,,,,,,,,,,
./downloaded_docs/Program.pdf,,,,,,,,,,,,,"Randall, Claire E.",,,,,,,,,"Not Embedded, Independent",,,,,,,GRAY,,,,,,0.9642 1 0.82491,,,2023:06:30 13:23:13-04:00,,"Randall, Claire E.",Acrobat PDFMaker 11 for Word,,,,,,,,"Reflective, Glossy, Positive, Color",none,,,,./downloaded_docs,,,,,uuid:5e7b84a5-9730-4601-bcc5-0572ceee9512,,,,,,13.59,2026:07:31 13:57:01-04:00,2026:07:30 11:27:34-04:00,2026:07:30 11:27:34-04:00,Program.pdf,-rw-rw-rw-,249 kB,PDF,pdf,application/pdf,,"(Binary data 14 bytes, use -b option to extract)",,,,,,,,,,,,,,,,,,,,,,,,uuid:3e6963d5-5f11-41df-9fe9-77d0fa0dfa48,,,EN-US,,,,Yes,,,,,,,,,,,,,,,,,,,0 0 0,,0.9505 1 1.0891,2023:06:30 13:23:18-04:00,application/pdf,,2023:06:30 13:23:18-04:00,,,,,,,,,9,,,,,,OneColumn,,,,,1.5,,Apple Computer Inc.,,,,,,,,,,,,Adobe PDF Library 11.0,Display Device Profile,Adobe Systems Inc.,"XYZ ",Copyright 1999 Adobe Systems Incorporated,Adobe Systems Inc.,1999:06:03 00:00:00,Gray Gamma 2.2,acsp,0,2.1.0,,,,Perceptual,,,,,,,,,,,,,,,,,,2023:06:30 17:22:34,,,,,,,,,,,,,,,Yes,,,,,,,,,,,,,,,,,,,,,,,,,,,,,,,,"Adobe XMP Core 5.4-c006 80.159825, 2016/09/16-03:31:08        ",,,,,,,,,,,,
./downloaded_docs/PROGRAMOFSTUDIES2025-2026.pdf,,,,,,,,,,,,,,,,,,,,,,,,,,,,,,,,,,,,,,,,,,,,,,,,,,,,,,./downloaded_docs,,,,,,,,,,,13.59,2026:07:31 13:57:01-04:00,2026:07:30 11:27:32-04:00,2026:07:30 11:27:32-04:00,PROGRAMOFSTUDIES2025-2026.pdf,-rw-rw-rw-,6.9 MB,PDF,pdf,,,,,,,,,,,,,,,,,,,,,,,,,,,,,,en,,,,No,,,,,,,,,,,,,,,,,,,,,,,application/pdf,,,,,,,,,,,90,,,,,,,,,,,1.4,,,,,,,,,,,,,,Skia/PDF m145 Google Docs Renderer,,,,,,,,,,,,,,,,,,,,,,,,,,,,,,,,,,,,,,,,,,,,,,,Yes,,,,,,,,PROGRAM OF STUDIES 2025-2026,,,,,,,,,,,,,,,,,,,,,,,,,,,,,,,,,,,,
./downloaded_docs/rchs-the-empire_SPRING-2022.pdf,,,,,,,,,,,,,,,,,,,,,,,,,,,,,,,,,,,,,,2022:05:11 13:43:32-04:00,,Adobe InDesign 14.0 (Macintosh),Adobe InDesign 14.0 (Macintosh),,,xmp.did:b964616d-c9c9-4eae-8f9e-d36ac93ab2ea,xmp.iid:eba11629-c95f-4395-9c54-1c962d0044c7,xmp.did:55f03ced-402d-4d61-94e8-73a5733a0e2d,default,,,,,,,./downloaded_docs,,,,,xmp.id:3b9d5bbc-1b79-481d-87aa-815c22db70a5,,,,,,13.59,2026:07:31 13:57:01-04:00,2026:07:30 11:27:57-04:00,2026:07:30 11:27:57-04:00,rchs-the-empire_SPRING-2022.pdf,-rw-rw-rw-,3.6 MB,PDF,pdf,application/pdf,,,,,,,,,,,,,converted,/,,from application/x-indesign to application/pdf,Adobe InDesign CC 14.0 (Macintosh),2022:05:11 13:43:32-04:00,,,,,,,,uuid:2e5b8083-d8a5-9448-9a84-55b487418190,,,en-US,,,,Yes,,,,,,,,,,,,,,,,,,,,,,2022:05:11 13:44:17-04:00,application/pdf,,2022:05:11 13:44:17-04:00,,,,,,,,xmp.did:55f03ced-402d-4d61-94e8-73a5733a0e2d,24,,,,,,TwoPageRight,,,,,1.5,,,,,,,,,,,,,,Adobe PDF Library 15.0,,,,,,,,,,,,,,,proof:pdf,,,,,,,,,,,,,,,,,,,,,,,,,,,,,,,,,,,,,,,,,,,,False,,,,,,,,,,,,,,,,,,,,"Adobe XMP Core 5.6-c148 79.163765, 2019/01/24-18:11:46        ",,,,,,,,,,,,
./downloaded_docs/Region-6-PD1-Results.pdf,,,,,,,,,,,,,Eastern Tech,0.14307 0.06061 0.7141,"(Binary data 2060 bytes, use -b option to extract)",,,,,,,"Not Embedded, Independent",,,,,,,"RGB ",,,,,,0.9642 1 0.82491,,,2011:11:16 18:57:51Z,,Microsoft Word,,,,,,,,,"Reflective, Glossy, Positive, Color",Hewlett-Packard,IEC http://www.iec.ch,sRGB,IEC 61966-2.1 Default RGB colour space - sRGB,./downloaded_docs,,,,,,,,,,,13.59,2026:08:07 08:46:43-04:00,2026:07:28 10:46:54-04:00,2026:08:07 08:46:42-04:00,Region-6-PD1-Results.pdf,-rw-rw-rw-,80 kB,PDF,pdf,,,,0.38515 0.71687 0.09708,"(Binary data 2060 bytes, use -b option to extract)",,,,,,,,,,,,,,,,,,,,,,,,,,,,,No,,,76.03647 80 87.12462,,,,,,,,,,,0 0 0,0.999%,Unknown,D65,CIE 1931,0 0 0,"0, 0, 612, 792",0.95045 1 1.08905,,application/pdf,,2011:11:16 18:57:51Z,,,,,,,,,7,,,,,,,,,,,1.3,,Microsoft Corporation,,,,,,,,,,,,Mac OS X 10.6.8 Quartz PDFContext,Display Device Profile,Linotronic,"XYZ ",Copyright (c) 1998 Hewlett-Packard Company,Hewlett-Packard,1998:02:09 06:49:00,sRGB IEC61966-2.1,acsp,0,2.1.0,,0.43607 0.22249 0.01392,"(Binary data 2060 bytes, use -b option to extract)",Perceptual,,,,,,,,,,,,,,,,,,,,,,,,,,,,,,,,,,Cathode Ray Tube Display,,,,,,,Microsoft Word - Region 6 PD1 Results.doc,,,,,,,,,,,,,,,Reference Viewing Condition in IEC61966-2.1,19.6445 20.3718 16.8089,D50,3.92889 4.07439 3.36179,,,,,,,,,,,,,,,,,,
./downloaded_docs/results_0lkjg81robr9kjqd3dn8nttyvij6.pdf,,,,,,,,,,,,,,,,,,,,,,,,,,,,,,,,,,,,,,2023:10:23 01:24:06+00:00,,"Mozilla/5.0 (Windows NT 10.0; Win64; x64) AppleWebKit/537.36 (KHTML, like Gecko) RaceDayScoring/4.0.15 Chrome/108.0.5359.179 Electron/22.1.0 Safari/537.36",,,,,,,,,,,,,,./downloaded_docs,,,,,,,,,,,13.59,2026:08:07 08:47:30-04:00,2026:07:28 10:44:00-04:00,2026:08:07 08:47:30-04:00,results_0lkjg81robr9kjqd3dn8nttyvij6.pdf,-rw-rw-rw-,452 kB,PDF,pdf,,,,,,,,,,,,,,,,,,,,,,,,,,,,,,,,,,No,,,,,,,,,,,,,,,,,,,,,,,application/pdf,,2023:10:23 01:24:06+00:00,,,,,,,,,38,,,,,,,,,,,1.4,,,,,,,,,,,,,,Skia/PDF m108,,,,,,,,,,,,,,,,,,,,,,,,,,,,,,,,,,,,,,,,,,,,,,,,,,,,,,,,,,,,,,,,,,,,,,,,,,,,,,,,,,,,,,,,,,,
./downloaded_docs/results_qyuj5hsjoalht3ta8s0hjn3qqsho.pdf,,,,,,,,,,,,,,,,,,,,,,,,,,,,,,,,,,,,,,2025:10:19 17:48:26+00:00,,Chromium,,,,,,,,,,,,,,./downloaded_docs,,,,,,,,,,,13.59,2026:07:31 13:57:01-04:00,2026:07:30 11:28:14-04:00,2026:07:30 11:28:14-04:00,results_qyuj5hsjoalht3ta8s0hjn3qqsho.pdf,-rw-rw-rw-,369 kB,PDF,pdf,,,,,,,,,,,,,,,,,,,,,,,,,,,,,,,,,,No,,,,,,,,,,,,,,,,,,,,,,,application/pdf,,2025:10:19 17:48:26+00:00,,,,,,,,,34,,,,,,,,,,,1.4,,,,,,,,,,,,,,Skia/PDF m138,,,,,,,,,,,,,,,,,,,,,,,,,,,,,,,,,,,,,,,,,,,,,,,,,,,,,,,0a23dadd-1b83-4a88-8157-f141fe15df64,,,,,,,,,,,,,,,,,,,,,,,,,,,,,,,,,,,,
./downloaded_docs/RidleyTwpEddystoneBoroMultiMuniCompPlan.pdf,,,,,,,,,,,,,aquilinor,,,,,,,,,,,,,,,,,,,,,,,,,2014:05:06 08:25:00-04:00,,aquilinor,Adobe Acrobat Pro 10.1.4,,,,,,,,,,,,,./downloaded_docs,,,,,uuid:c5553fc9-5cb3-4975-81eb-8c544aaac821,,,,,,13.59,2026:07:31 13:57:01-04:00,2026:07:29 12:27:00-04:00,2026:07:29 12:27:00-04:00,RidleyTwpEddystoneBoroMultiMuniCompPlan.pdf,-rw-rw-rw-,6.6 MB,PDF,pdf,application/pdf,,,,,,,,,No,,,,,,,,,,,,,,,,,uuid:4553af5a-f81c-48a7-b79f-9e78160f10d8,,,,,,,Yes,,,,,,,,,,,,,,,,,,,,,,2022:04:18 15:49:25-04:00,application/pdf,,2022:04:18 15:49:25-04:00,,,,,,,,,229,,,,,,,,,,,1.6,,,,,,,,,,,,,,Adobe Acrobat Pro 10.1.4,,,,,,,,,,,,,,,,,,,,,,,,,,,,,,,,,,,,,,,,,,,,,,,,,,,,,,,,,,,,,,,,,,,,,,,,,,,,,,,"Adobe XMP Core 7.1-c000 79.425dc87, 2021/10/27-16:20:32        ",,,,,,,,,,,,
./downloaded_docs/rivera-anthony-enforcement-action-03-2026.pdf,,,,,,,,,,,,,"Pipik, Joshua",0.14307 0.06061 0.7141,"(Binary data 2060 bytes, use -b option to extract)",,,,,,,"Not Embedded, Independent",,,,,,,"RGB ",,,,,,0.9642 1 0.82491,,,2026:03:19 15:36:57-04:00,,"Pipik, Joshua",Acrobat PDFMaker 24 for Word,,,,,,,,"Reflective, Glossy, Positive, Color",Hewlett-Packard,IEC http://www.iec.ch,sRGB,IEC 61966-2.1 Default RGB colour space - sRGB,./downloaded_docs,,,,,uuid:9855d56c-f14a-44cf-8c61-5b5bb5472d6d,,,,,,13.59,2026:08:07 08:46:57-04:00,2026:08:07 08:46:57-04:00,2026:08:07 08:46:57-04:00,rivera-anthony-enforcement-action-03-2026.pdf,-rw-rw-rw-,232 kB,PDF,pdf,application/pdf,,,0.38515 0.71687 0.09708,"(Binary data 2060 bytes, use -b option to extract)",,,,,,,,,,,,,,,,,,,,,,uuid:cac36d41-87e5-4ccf-8417-2cc4ef228a50,,,,,,,Yes,,,76.03647 80 87.12462,,,,,,,,,,,0 0 0,0.999%,Unknown,D65,CIE 1931,0 0 0,,0.95045 1 1.08905,2026:03:20 11:43:12-04:00,application/pdf,,2026:03:20 11:43:12-04:00,,,,,,,,,8,,,,,,,,,,,1.7,,Microsoft Corporation,,,,,,,,,,,,Adobe Acrobat (32-bit) 25.1.21184,Display Device Profile,Linotronic,"XYZ ",Copyright (c) 1998 Hewlett-Packard Company,Hewlett-Packard,1998:02:09 06:49:00,sRGB IEC61966-2.1,acsp,0,2.1.0,,0.43607 0.22249 0.01392,"(Binary data 2060 bytes, use -b option to extract)",Perceptual,,,,,,,,,,,,,,,,,,,,,,,,,,,,,,,,,,Cathode Ray Tube Display,,,,,,,,,,,,,,,,,,,,,,Reference Viewing Condition in IEC61966-2.1,19.6445 20.3718 16.8089,D50,3.92889 4.07439 3.36179,,,,,,"Adobe XMP Core 9.1-c001 79.675d0f7, 2023/06/11-19:21:16        ",,,,,,,,,,,,
./downloaded_docs/ROADMAP+TO+PENN+2022+.pdf,,,,,,,,,,,,,,,,,,,,,,,,,,,,,,,,,,,,,,,,,,,,,,,,,,,,,,./downloaded_docs,,,,,,,,,,,13.59,2026:07:31 13:57:01-04:00,2026:07:31 09:57:15-04:00,2026:07:31 09:57:15-04:00,ROADMAP+TO+PENN+2022+.pdf,-rw-rw-rw-,1050 kB,PDF,pdf,,,,,,,,,,,,,,,,,,,,,,,,,,,,,,,,,,No,,,,,,,,,,,,,,,,,,,,,,,application/pdf,,,,,,,,,,,42,,,,,,,,,,,1.4,,,,,,,,,,,,,,Skia/PDF m106 Google Docs Renderer,,,,,,,,,,,,,,,,,,,,,,,,,,,,,,,,,,,,,,,,,,,,,,,,,,,,,,,"ROADMAP TO PENN 2022 ",,,,,,,,,,,,,,,,,,,,,,,,,,,,,,,,,,,,
./downloaded_docs/SBMPTN-Universitas-Airlangga.pdf,,,,,,,,,,,,,,,,,,,,,,,,,,,,,,,,,,,,,,2021:06:12 16:30:01+07:00,,wkhtmltopdf 0.12.6,,,,,,,,,,,,,,./downloaded_docs,,,,,,,,,,,13.59,2026:08:07 08:46:54-04:00,2026:07:28 10:46:53-04:00,2026:08:07 08:46:54-04:00,SBMPTN-Universitas-Airlangga.pdf,-rw-rw-rw-,324 kB,PDF,pdf,,,,,,,,,,,,,,,,,,,,,,,,,,,,,,,,,,No,,,,,,,,,,,,,,,,,,,,,,,application/pdf,,,,,,,,,,,65,,,,,,,UseOutlines,,,,1.4,,,,,,,,,,,,,,Qt 4.8.7,,,,,,,,,,,,,,,,,,,,,,,,,,,,,,,,,,,,,,,,,,,,,,,,,,,,,,,PRINTHAL TERIMA FINAL,,,,,,,,,,,,,,,,,,,,,,,,,,,,,,,,,,,,
./downloaded_docs/SEPTA-10-28-19.pdf,,,,,,,,,,,,,,,,,,,,,,,,,,,,,,,,,,,,,,2019:10:28 11:05:20-04:00,,Canon iR-ADV 4545  PDF,Canon iR-ADV 4545  PDF,,,,,,,,,,,,,./downloaded_docs,,,,,uuid:b303b75d-0000-4142-4344-454600000000,,,,,,13.59,2026:07:31 13:57:01-04:00,2026:07:28 10:46:07-04:00,2026:07:28 10:46:07-04:00,SEPTA-10-28-19.pdf,-rw-rw-rw-,288 kB,PDF,pdf,application/pdf,,,,,,,,,,,,,,,,,,,,,,,,,,uuid:2fe3fdde-d099-3240-9665-b8e8e358fb9b,,,,,,,Yes,,,,,,,,,,,,,,,,,,,,,,2019:11:26 12:51:37-05:00,application/pdf,,2019:11:26 12:51:37-05:00,,,,,,,,,6,,,,,,,,,,,1.4,,,,,,,,,,,,,,Adobe PSL 1.3e for Canon,,,,,,,,,,,,,,,,,,,,,,,,,,,,,,,,,,,,,,,,,,,,,,,,,,,,,,,,,,,,,,,,,,,,,,,,,,,,,,,"Adobe XMP Core 5.6-c016 91.163616, 2018/10/29-16:58:49        ",,,,,,,,,,,,
./downloaded_docs/SEPTA-Revised-Pre-Trial-Memo-010323.pdf,,,,,,,,,,,,,aaketrick,,,,,,,,,,,,,,,,,,,,,B,,,,2023:01:03 13:35:40-05:00,,aaketrick,Appligent StampPDF Batch 7.0.1,,,,,,,,,,,,,./downloaded_docs,,,,,uuid:85c2fa22-1bc7-49f3-8235-4f7bb733b20e,,,,,,13.59,2026:08:07 08:47:27-04:00,2026:07:28 10:43:52-04:00,2026:08:07 08:47:26-04:00,SEPTA-Revised-Pre-Trial-Memo-010323.pdf,-rw-rw-rw-,278 kB,PDF,pdf,application/pdf,,,,,,,,,,,,,,,,,,,,,,,,,,uuid:2672c920-af91-4196-a8d4-7ded24c398e2,,,,,,,Yes,,,,,,,,,,,,,,,,,,,,,,2023:01:03 14:36:44-05:00,application/pdf,,2023:01:03 14:36:44-05:00,,,,,,,,,20,,,,,,,UseNone,,,1,1.7,,,,,,,,,,,,,,Nuance PDF Create,,,,,,,,,,,,,,,,,,,,,,,,,,,,,,,,,,,,,,,,,,,,,,,,,,,,,,,Microsoft Word - 150647839_1,,,,,,,,,,,,,,,,,,,,,,,,"Adobe XMP Core 5.6-c015 81.159809, 2016/11/11-01:42:16        ",,,,,,,,,,,,
./downloaded_docs/ServiceDirectory8-07.pdf,,,,,,,,,,,,,UserName,,,,,,,,,,,,,,,,,,,,,,,,,2008:03:25 20:14:16,,Microsoft® Office Word 2007,,,,,,,,,,,,,,./downloaded_docs,,,,,,,,,,,13.59,2026:07:31 13:57:01-04:00,2026:07:31 09:57:18-04:00,2026:07:31 09:57:18-04:00,ServiceDirectory8-07.pdf,-rw-rw-rw-,1816 kB,PDF,pdf,,,,,,,,,,,,,,,,,,,,,,,,,,,,,,en-US,,,,No,,,,,,,,,,,,,,,,,,,,,,,application/pdf,,2008:03:25 20:14:16,,,,,,,,,241,,,,,,,,,,,1.5,,,,,,,,,,,,,,Microsoft® Office Word 2007,,,,,,,,,,,,,,,,,,,,,,,,,,,,,,,,,,,,,,,,,,,,,,,Yes,,,,,,,,TABLE OF CONTENTS,,,,,,,,,,,,,,,,,,,,,,,,,,,,,,,,,,,,
./downloaded_docs/SESC-2018-Final-Program.pdf,,,,,,,,,,,,,,,,,,,,,,,,,,,,,,,,,,,,,,2018:01:31 13:11:57-06:00,,Adobe InDesign CS6 (Macintosh),Adobe InDesign CS6 (Macintosh),,,,,,,,,,,,,./downloaded_docs,,,,,uuid:4ac3cf04-a19d-4c55-a503-2d06bea1cd8c,,,,,,13.59,2026:07:31 13:57:01-04:00,2026:07:28 10:44:06-04:00,2026:07:28 10:44:06-04:00,SESC-2018-Final-Program.pdf,-rw-rw-rw-,15 MB,PDF,pdf,application/pdf,,,,,,,,,No,,,,,,,,,,,,,,,,,uuid:faed7a5b-6471-4f1a-8a7d-d2f21f54bdaf,,,,,,,No,,,,,,,,,,,,,,,,,,,,,,2018:02:05 06:09:37-06:00,application/pdf,,2018:02:05 06:09:37-06:00,,,,,,,,,617,,,,,,,,,,,1.6,,,,,,,,,,,,,,Adobe PDF Library 10.0.1,,,,,,,,,,,,,,,,,,,,,,,,,,,,,,,,,,,,,,,,,,,,,,,Yes,,,,,,,,,,,,False,,,,,,,,,,,,,,,,,,,,"Adobe XMP Core 5.6-c015 84.159810, 2016/09/10-02:41:30        ",,,,,,,,,,,,
./downloaded_docs/S_G10312018.pdf,,,,,,,,,,,,,GornickG,,,,,,,,,,,,,,,,,,,,,,,,,2018:10:31 16:56:45,,PScript5.dll Version 5.2.2,,,,,,,,,,,,,,./downloaded_docs,,,,,,,,,,,13.59,2026:08:07 08:46:38-04:00,2026:07:28 10:46:39-04:00,2026:08:07 08:46:37-04:00,S_G10312018.pdf,-rw-rw-rw-,3.4 MB,PDF,pdf,,,,,,,,,,,,,,,,,,,,,,,,,,,,,,,,,,No,,,,,,,,,,,,,,,,,,,,,,,application/pdf,,2018:10:31 16:56:45,,,,,,,,,2,,,,,,,,,,,1.4,,,,,,,,,,,,,,GPL Ghostscript 8.15,,,,,,,,,,,,,,,,,,,,,,,,,,,,,,,,,,,,,,,,,,,,,,,,,,,,,,,S&G10312018.pub,,,,,,,,,,,,,,,,,,,,,,,,,,,,,,,,,,,,
./downloaded_docs/tcrp_rpt_108.pdf,,,,,,,,,,,,,TRB,,,,,,,,,,,,,,,,,,,,,,,,,2003:04:24 09:20:24Z,2003:04:24 09:20:24Z,TRB,,,,,,,,,,,,,,./downloaded_docs,,,,,,,,,,,13.59,2026:07:31 13:57:01-04:00,2026:07:31 09:57:30-04:00,2026:07:31 09:57:30-04:00,tcrp_rpt_108.pdf,-rw-rw-rw-,11 MB,PDF,pdf,,,,,,,,,,No,,,,,,,,,,,,,,,,,,,,,,,,Yes,,,,,,,,,,,,,,,,,,,,,,2005:11:22 14:33:20-05:00,application/pdf,2005:11:22 14:33:20-05:00,2005:11:22 14:33:20-05:00,,,,,,,,,264,,,,,,SinglePage,UseOutlines,,,,1.4,,,,,,,,,,,,,,Acrobat Distiller 4.05 for Macintosh,,,,,,,,,,,,,,,,,,,,,,,,,,,,,,,,,,,,,,,,,,,,,,,,,,,,,,,TCRP Report 108 – Car-Sharing: Where and How It Succeeds,,,,,,,,,,,,,,,,,,,,,,,,,,,,,,,,,,,,
./downloaded_docs/TC_Part-of-the-Solution_Report-Rd-Final.pdf,,,,,,,,,,,,,,,,,,,,,,,,,,,,,,,,,,,,,,2024:12:12 16:57:00-05:00,,Adobe InDesign 20.0 (Macintosh),Adobe InDesign 20.0 (Macintosh),,,xmp.did:4fa20156-8de1-4ab4-9910-d12b74077155,xmp.iid:aac8a7d6-b5a8-4cd9-b618-c0ca36229549,xmp.did:66175612-f969-42e4-8b16-86e6c9746972,default,,,,,,,./downloaded_docs,,,,,xmp.id:2f8f98e9-837b-4e9a-b875-8ac47be107dd,,,,,,13.59,2026:07:31 13:57:01-04:00,2026:07:28 10:44:24-04:00,2026:07:28 10:44:24-04:00,TC_Part-of-the-Solution_Report-Rd-Final.pdf,-rw-rw-rw-,25 MB,PDF,pdf,application/pdf,,,,,,,,,,,,,converted,/,,from application/x-indesign to application/pdf,Adobe InDesign 20.0 (Macintosh),2024:12:12 16:57:00-05:00,,,,,,,,uuid:98c2e29a-efcd-2346-ac23-c6aa95f9cdaf,,,en-US,,,,No,,,,,,,,,,,,,,,,,,,,,,2024:12:17 16:34:10-05:00,application/pdf,,2024:12:17 16:34:10-05:00,,,,,,,,xmp.did:66175612-f969-42e4-8b16-86e6c9746972,20,,,,,,,,,,,1.7,,,,,,,,,,,,,,Adobe PDF Library 17.0,,,,,,,,,,,,,,,proof:pdf,,,,,,,,,,,,,,,,,,,,,,,,,,,,,,,,,,,,,,,,,,,,False,,,,,,,,,,,,,,,,,,,,"Adobe XMP Core 9.1-c001 79.675d0f7, 2023/06/11-19:21:16        ",,,,,,,,,,,,
./downloaded_docs/text_934.pdf,,,,,,,,,,,,,"Janice Cooper, Yumiko Aratani",,,,,,,,,,,,,,,,,,,,,,,,,2010:04:22 11:47:19-04:00,,"Janice Cooper, Yumiko Aratani",Adobe InDesign CS4 (6.0.4),,,adobe:docid:indd:045688ba-ea2a-11de-bc10-dfded8c981aa,4f38d49b-eaec-11de-9662-9d0ae59e544a,,,,,,,,,./downloaded_docs,7541,,,,adobe:docid:indd:4f38d49c-eaec-11de-9662-9d0ae59e544a,,,,,,13.59,2026:07:31 13:57:01-04:00,2026:07:29 12:27:21-04:00,2026:07:29 12:27:21-04:00,text_934.pdf,-rw-rw-rw-,4.9 MB,PDF,pdf,application/pdf,,,,,,,,,,,,,"saved, saved, saved, saved, saved, saved, saved, saved, saved, saved, saved, saved, saved, saved, saved, saved, saved, saved, saved, saved, saved, saved, saved, saved, saved, saved, saved, saved, saved, saved, saved, saved, saved, saved, saved, saved, saved, saved, saved, saved, saved, saved, saved, saved, saved, saved, saved, saved, saved, saved, saved, saved, saved, saved, saved, saved, saved, saved, saved, saved, saved, saved, saved, saved, saved, saved, saved, saved, saved, saved, saved, saved, saved, saved, saved, saved, saved, saved, saved, saved, saved, saved, saved, saved, saved, saved, saved, saved, saved, saved, saved, saved, saved, saved, saved, saved, saved, saved, saved, saved, saved, saved, saved, saved, saved, saved, saved, saved, saved, saved, saved, saved, saved, saved, saved, saved, saved, saved, saved, saved, saved, saved, saved, saved, saved, saved, saved, saved, saved, saved, saved, saved, saved, saved, saved, saved, saved, saved, saved, saved, saved, saved, saved, saved, saved, saved, saved, saved, saved, saved, saved, saved, saved, saved, saved, saved, saved, saved, saved, saved, saved, saved, saved, saved, saved, saved, saved, saved, saved, saved, saved, saved, saved, saved, saved, saved, saved, saved, saved, saved, saved, saved, saved, saved, saved, saved, saved, saved, saved, saved, saved, saved, saved, saved, saved, saved, saved, saved, saved, saved, saved","/, /metadata, /, /, /, /, /, /, /, /, /, /, /, /, /, /, /, /, /, /, /, /, /, /, /, /, /, /, /, /, /, /, /, /, /, /, /, /, /, /, /, /, /, /, /, /, /, /, /, /, /, /, /, /, /, /, /, /, /, /, /, /, /, /, /, /, /, /, /, /, /, /, /, /, /, /, /, /, /, /, /, /, /, /, /, /, /, /, /, /, /, /, /, /, /, /, /, /, /, /, /, /, /, /, /, /, /, /, /, /, /, /, /, /, /, /, /, /, /, /, /, /, /, /, /, /, /, /, /, /, /, /, /, /, /, /, /, /, /, /, /, /, /, /, /, /, /, /, /, /, /, /, /, /, /, /, /, /, /, /, /, /, /, /, /, /, /, /, /, /, /, /, /, /, /, /, /, /, /, /, /, /, /, /, /, /, /, /, /, /, /, /, /, /, /, /, /, /, /, /, /","xmp.iid:0180117407206811AE56CE4EB1C91A26, xmp.iid:0280117407206811AE56CE4EB1C91A26, xmp.iid:0380117407206811AE56CE4EB1C91A26, xmp.iid:0480117407206811AE56CE4EB1C91A26, xmp.iid:0580117407206811AE56CE4EB1C91A26, xmp.iid:0680117407206811AE56CE4EB1C91A26, xmp.iid:0780117407206811AE56CE4EB1C91A26, xmp.iid:0880117407206811AE56CE4EB1C91A26, xmp.iid:0980117407206811AE56CE4EB1C91A26, xmp.iid:0A80117407206811AE56CE4EB1C91A26, xmp.iid:C0B5B3FC1D206811AE56CE4EB1C91A26, xmp.iid:C1B5B3FC1D206811AE56CE4EB1C91A26, xmp.iid:C2B5B3FC1D206811AE56CE4EB1C91A26, xmp.iid:C3B5B3FC1D206811AE56CE4EB1C91A26, xmp.iid:C4B5B3FC1D206811AE56CE4EB1C91A26, xmp.iid:F97F117407206811B7CFDC286FCD6E9F, xmp.iid:FA7F117407206811B7CFDC286FCD6E9F, xmp.iid:FB7F117407206811B7CFDC286FCD6E9F, xmp.iid:FEC8D03C2320681197A5F481F4E505D6, xmp.iid:FFC8D03C2320681197A5F481F4E505D6, xmp.iid:00C9D03C2320681197A5F481F4E505D6, xmp.iid:01C9D03C2320681197A5F481F4E505D6, xmp.iid:02C9D03C2320681197A5F481F4E505D6, xmp.iid:03C9D03C2320681197A5F481F4E505D6, xmp.iid:04C9D03C2320681197A5F481F4E505D6, xmp.iid:46F699932F20681197A5F481F4E505D6, xmp.iid:47F699932F20681197A5F481F4E505D6, xmp.iid:48F699932F20681197A5F481F4E505D6, xmp.iid:49F699932F20681197A5F481F4E505D6, xmp.iid:F87F117407206811A613B26609CE131B, xmp.iid:F97F117407206811A613B26609CE131B, xmp.iid:FA7F117407206811A613B26609CE131B, xmp.iid:FB7F117407206811A613B26609CE131B, xmp.iid:FC7F117407206811A613B26609CE131B, xmp.iid:FD7F117407206811A613B26609CE131B, xmp.iid:FE7F117407206811A613B26609CE131B, xmp.iid:247E004815206811A613B26609CE131B, xmp.iid:257E004815206811A613B26609CE131B, xmp.iid:22C5EF911F206811BEDCCFE0E86E928C, xmp.iid:23C5EF911F206811BEDCCFE0E86E928C, xmp.iid:01E896E72720681195FEAB691A8C9A91, xmp.iid:02E896E72720681195FEAB691A8C9A91, xmp.iid:F77F11740720681192B090E9BDBE165B, xmp.iid:F87F11740720681192B090E9BDBE165B, xmp.iid:F97F11740720681192B090E9BDBE165B, xmp.iid:FA7F11740720681192B090E9BDBE165B, xmp.iid:FB7F11740720681192B090E9BDBE165B, xmp.iid:FC7F11740720681192B090E9BDBE165B, xmp.iid:FD7F11740720681192B090E9BDBE165B, xmp.iid:FE7F11740720681192B090E9BDBE165B, xmp.iid:FF7F11740720681192B090E9BDBE165B, xmp.iid:008011740720681192B090E9BDBE165B, xmp.iid:E04AED961720681192B090E9BDBE165B, xmp.iid:E14AED961720681192B090E9BDBE165B, xmp.iid:E24AED961720681192B090E9BDBE165B, xmp.iid:E34AED961720681192B090E9BDBE165B, xmp.iid:E44AED961720681192B090E9BDBE165B, xmp.iid:E54AED961720681192B090E9BDBE165B, xmp.iid:E64AED961720681192B090E9BDBE165B, xmp.iid:E74AED961720681192B090E9BDBE165B, xmp.iid:E84AED961720681192B090E9BDBE165B, xmp.iid:E94AED961720681192B090E9BDBE165B, xmp.iid:EA4AED961720681192B090E9BDBE165B, xmp.iid:64AB07432620681192B090E9BDBE165B, xmp.iid:65AB07432620681192B090E9BDBE165B, xmp.iid:66AB07432620681192B090E9BDBE165B, xmp.iid:67AB07432620681192B090E9BDBE165B, xmp.iid:68AB07432620681192B090E9BDBE165B, xmp.iid:69AB07432620681192B090E9BDBE165B, xmp.iid:6AAB07432620681192B090E9BDBE165B, xmp.iid:6BAB07432620681192B090E9BDBE165B, xmp.iid:6CAB07432620681192B090E9BDBE165B, xmp.iid:6DAB07432620681192B090E9BDBE165B, xmp.iid:6EAB07432620681192B090E9BDBE165B, xmp.iid:C66C38A82B20681192B090E9BDBE165B, xmp.iid:C76C38A82B20681192B090E9BDBE165B, xmp.iid:C86C38A82B20681192B090E9BDBE165B, xmp.iid:C96C38A82B20681192B090E9BDBE165B, xmp.iid:CA6C38A82B20681192B090E9BDBE165B, xmp.iid:CB6C38A82B20681192B090E9BDBE165B, xmp.iid:CC6C38A82B20681192B090E9BDBE165B, xmp.iid:CD6C38A82B20681192B090E9BDBE165B, xmp.iid:CE6C38A82B20681192B090E9BDBE165B, xmp.iid:CF6C38A82B20681192B090E9BDBE165B, xmp.iid:D06C38A82B20681192B090E9BDBE165B, xmp.iid:44F81F5C3B20681192B090E9BDBE165B, xmp.iid:45F81F5C3B20681192B090E9BDBE165B, xmp.iid:46F81F5C3B20681192B090E9BDBE165B, xmp.iid:47F81F5C3B20681192B090E9BDBE165B, xmp.iid:48F81F5C3B20681192B090E9BDBE165B, xmp.iid:49F81F5C3B20681192B090E9BDBE165B, xmp.iid:4AF81F5C3B20681192B090E9BDBE165B, xmp.iid:FF7F11740720681192B0B8524E1E3BE6, xmp.iid:DB24EECB142068119457CA72CE45859D, xmp.iid:DC24EECB142068119457CA72CE45859D, xmp.iid:DD24EECB142068119457CA72CE45859D, xmp.iid:DE24EECB142068119457CA72CE45859D, xmp.iid:DF24EECB142068119457CA72CE45859D, xmp.iid:E024EECB142068119457CA72CE45859D, xmp.iid:F77F11740720681192B0B95AFB0261CB, xmp.iid:F77F117407206811A613922C46169B1C, xmp.iid:F87F117407206811A613922C46169B1C, xmp.iid:F97F117407206811A613922C46169B1C, xmp.iid:FA7F117407206811A613922C46169B1C, xmp.iid:FB7F117407206811A613922C46169B1C, xmp.iid:FC7F117407206811A613922C46169B1C, xmp.iid:FD7F117407206811A613922C46169B1C, xmp.iid:FE7F117407206811A613922C46169B1C, xmp.iid:FF7F117407206811A613922C46169B1C, xmp.iid:0080117407206811A613922C46169B1C, xmp.iid:42F1CA1B11206811A613922C46169B1C, xmp.iid:43F1CA1B11206811A613922C46169B1C, xmp.iid:44F1CA1B11206811A613922C46169B1C, xmp.iid:45F1CA1B11206811A613922C46169B1C, xmp.iid:46F1CA1B11206811A613922C46169B1C, xmp.iid:47F1CA1B11206811A613922C46169B1C, xmp.iid:48F1CA1B11206811A613922C46169B1C, xmp.iid:49F1CA1B11206811A613922C46169B1C, xmp.iid:4AF1CA1B11206811A613922C46169B1C, xmp.iid:4BF1CA1B11206811A613922C46169B1C, xmp.iid:4CF1CA1B11206811A613922C46169B1C, xmp.iid:22D0085E18206811A613922C46169B1C, xmp.iid:23D0085E18206811A613922C46169B1C, xmp.iid:24D0085E18206811A613922C46169B1C, xmp.iid:25D0085E18206811A613922C46169B1C, xmp.iid:26D0085E18206811A613922C46169B1C, xmp.iid:27D0085E18206811A613922C46169B1C, xmp.iid:28D0085E18206811A613922C46169B1C, xmp.iid:29D0085E18206811A613922C46169B1C, xmp.iid:2AD0085E18206811A613922C46169B1C, xmp.iid:2BD0085E18206811A613922C46169B1C, xmp.iid:2CD0085E18206811A613922C46169B1C, xmp.iid:125A6FDA29206811A613922C46169B1C, xmp.iid:135A6FDA29206811A613922C46169B1C, xmp.iid:145A6FDA29206811A613922C46169B1C, xmp.iid:155A6FDA29206811A613922C46169B1C, xmp.iid:165A6FDA29206811A613922C46169B1C, xmp.iid:175A6FDA29206811A613922C46169B1C, xmp.iid:F77F1174072068119457AD50461A44DA, xmp.iid:F87F1174072068119457AD50461A44DA, xmp.iid:F97F1174072068119457AD50461A44DA, xmp.iid:FE7F1174072068119457AD50461A44DA, xmp.iid:FF7F1174072068119457AD50461A44DA, xmp.iid:8D70170E282068119457AD50461A44DA, xmp.iid:8E70170E282068119457AD50461A44DA, xmp.iid:8F70170E282068119457AD50461A44DA, xmp.iid:F77F117407206811B1A4DC3956572673, xmp.iid:F87F117407206811B1A4DC3956572673, xmp.iid:F97F117407206811B1A4DC3956572673, xmp.iid:FA7F117407206811B1A4DC3956572673, xmp.iid:FB7F117407206811B1A4DC3956572673, xmp.iid:FC7F117407206811B1A4DC3956572673, xmp.iid:FD7F117407206811B1A4DC3956572673, xmp.iid:FE7F117407206811B1A4DC3956572673, xmp.iid:FF7F117407206811B1A4DC3956572673, xmp.iid:0080117407206811B1A4DC3956572673, xmp.iid:4CD9205D19206811B1A4DC3956572673, xmp.iid:4DD9205D19206811B1A4DC3956572673, xmp.iid:4ED9205D19206811B1A4DC3956572673, xmp.iid:4FD9205D19206811B1A4DC3956572673, xmp.iid:50D9205D19206811B1A4DC3956572673, xmp.iid:51D9205D19206811B1A4DC3956572673, xmp.iid:52D9205D19206811B1A4DC3956572673, xmp.iid:53D9205D19206811B1A4DC3956572673, xmp.iid:54D9205D19206811B1A4DC3956572673, xmp.iid:55D9205D19206811B1A4DC3956572673, xmp.iid:56D9205D19206811B1A4DC3956572673, xmp.iid:C069417C2A206811B1A4DC3956572673, xmp.iid:C169417C2A206811B1A4DC3956572673, xmp.iid:C269417C2A206811B1A4DC3956572673, xmp.iid:C369417C2A206811B1A4DC3956572673, xmp.iid:C469417C2A206811B1A4DC3956572673, xmp.iid:C569417C2A206811B1A4DC3956572673, xmp.iid:0380117407206811B1A4AEA8CFDAA52E, xmp.iid:05801174072068119109978EE29FBB6A, xmp.iid:CF78F4E2162068119109978EE29FBB6A, xmp.iid:D078F4E2162068119109978EE29FBB6A, xmp.iid:D178F4E2162068119109978EE29FBB6A, xmp.iid:D278F4E2162068119109978EE29FBB6A, xmp.iid:D378F4E2162068119109978EE29FBB6A, xmp.iid:D478F4E2162068119109978EE29FBB6A, xmp.iid:D578F4E2162068119109978EE29FBB6A, xmp.iid:DA2AF5D1362068119109978EE29FBB6A, xmp.iid:0480117407206811A7BAA8FE4B54B06E, xmp.iid:0580117407206811A7BAA8FE4B54B06E, xmp.iid:0680117407206811A7BAA8FE4B54B06E, xmp.iid:0980117407206811A7BAA8FE4B54B06E, xmp.iid:F23B9A8014206811A7BAA8FE4B54B06E, xmp.iid:0680117407206811A7BAE8B30177A779, xmp.iid:0280117407206811AE56BDE25660CB48, xmp.iid:0380117407206811AE56BDE25660CB48, xmp.iid:0480117407206811AE56BDE25660CB48, xmp.iid:0780117407206811AE56BDE25660CB48, xmp.iid:0880117407206811AE56BDE25660CB48, xmp.iid:FA8B46070C206811AE56BDE25660CB48, xmp.iid:FB8B46070C206811AE56BDE25660CB48, xmp.iid:FD8B46070C206811AE56BDE25660CB48, xmp.iid:FE8B46070C206811AE56BDE25660CB48, xmp.iid:038C46070C206811AE56BDE25660CB48, xmp.iid:2626FA5E21206811AE56BDE25660CB48, xmp.iid:2826FA5E21206811AE56BDE25660CB48",,"Adobe InDesign 6.0, Adobe InDesign 6.0, Adobe InDesign 6.0, Adobe InDesign 6.0, Adobe InDesign 6.0, Adobe InDesign 6.0, Adobe InDesign 6.0, Adobe InDesign 6.0, Adobe InDesign 6.0, Adobe InDesign 6.0, Adobe InDesign 6.0, Adobe InDesign 6.0, Adobe InDesign 6.0, Adobe InDesign 6.0, Adobe InDesign 6.0, Adobe InDesign 6.0, Adobe InDesign 6.0, Adobe InDesign 6.0, Adobe InDesign 6.0, Adobe InDesign 6.0, Adobe InDesign 6.0, Adobe InDesign 6.0, Adobe InDesign 6.0, Adobe InDesign 6.0, Adobe InDesign 6.0, Adobe InDesign 6.0, Adobe InDesign 6.0, Adobe InDesign 6.0, Adobe InDesign 6.0, Adobe InDesign 6.0, Adobe InDesign 6.0, Adobe InDesign 6.0, Adobe InDesign 6.0, Adobe InDesign 6.0, Adobe InDesign 6.0, Adobe InDesign 6.0, Adobe InDesign 6.0, Adobe InDesign 6.0, Adobe InDesign 6.0, Adobe InDesign 6.0, Adobe InDesign 6.0, Adobe InDesign 6.0, Adobe InDesign 6.0, Adobe InDesign 6.0, Adobe InDesign 6.0, Adobe InDesign 6.0, Adobe InDesign 6.0, Adobe InDesign 6.0, Adobe InDesign 6.0, Adobe InDesign 6.0, Adobe InDesign 6.0, Adobe InDesign 6.0, Adobe InDesign 6.0, Adobe InDesign 6.0, Adobe InDesign 6.0, Adobe InDesign 6.0, Adobe InDesign 6.0, Adobe InDesign 6.0, Adobe InDesign 6.0, Adobe InDesign 6.0, Adobe InDesign 6.0, Adobe InDesign 6.0, Adobe InDesign 6.0, Adobe InDesign 6.0, Adobe InDesign 6.0, Adobe InDesign 6.0, Adobe InDesign 6.0, Adobe InDesign 6.0, Adobe InDesign 6.0, Adobe InDesign 6.0, Adobe InDesign 6.0, Adobe InDesign 6.0, Adobe InDesign 6.0, Adobe InDesign 6.0, Adobe InDesign 6.0, Adobe InDesign 6.0, Adobe InDesign 6.0, Adobe InDesign 6.0, Adobe InDesign 6.0, Adobe InDesign 6.0, Adobe InDesign 6.0, Adobe InDesign 6.0, Adobe InDesign 6.0, Adobe InDesign 6.0, Adobe InDesign 6.0, Adobe InDesign 6.0, Adobe InDesign 6.0, Adobe InDesign 6.0, Adobe InDesign 6.0, Adobe InDesign 6.0, Adobe InDesign 6.0, Adobe InDesign 6.0, Adobe InDesign 6.0, Adobe InDesign 6.0, Adobe InDesign 6.0, Adobe InDesign 6.0, Adobe InDesign 6.0, Adobe InDesign 6.0, Adobe InDesign 6.0, Adobe InDesign 6.0, Adobe InDesign 6.0, Adobe InDesign 6.0, Adobe InDesign 6.0, Adobe InDesign 6.0, Adobe InDesign 6.0, Adobe InDesign 6.0, Adobe InDesign 6.0, Adobe InDesign 6.0, Adobe InDesign 6.0, Adobe InDesign 6.0, Adobe InDesign 6.0, Adobe InDesign 6.0, Adobe InDesign 6.0, Adobe InDesign 6.0, Adobe InDesign 6.0, Adobe InDesign 6.0, Adobe InDesign 6.0, Adobe InDesign 6.0, Adobe InDesign 6.0, Adobe InDesign 6.0, Adobe InDesign 6.0, Adobe InDesign 6.0, Adobe InDesign 6.0, Adobe InDesign 6.0, Adobe InDesign 6.0, Adobe InDesign 6.0, Adobe InDesign 6.0, Adobe InDesign 6.0, Adobe InDesign 6.0, Adobe InDesign 6.0, Adobe InDesign 6.0, Adobe InDesign 6.0, Adobe InDesign 6.0, Adobe InDesign 6.0, Adobe InDesign 6.0, Adobe InDesign 6.0, Adobe InDesign 6.0, Adobe InDesign 6.0, Adobe InDesign 6.0, Adobe InDesign 6.0, Adobe InDesign 6.0, Adobe InDesign 6.0, Adobe InDesign 6.0, Adobe InDesign 6.0, Adobe InDesign 6.0, Adobe InDesign 6.0, Adobe InDesign 6.0, Adobe InDesign 6.0, Adobe InDesign 6.0, Adobe InDesign 6.0, Adobe InDesign 6.0, Adobe InDesign 6.0, Adobe InDesign 6.0, Adobe InDesign 6.0, Adobe InDesign 6.0, Adobe InDesign 6.0, Adobe InDesign 6.0, Adobe InDesign 6.0, Adobe InDesign 6.0, Adobe InDesign 6.0, Adobe InDesign 6.0, Adobe InDesign 6.0, Adobe InDesign 6.0, Adobe InDesign 6.0, Adobe InDesign 6.0, Adobe InDesign 6.0, Adobe InDesign 6.0, Adobe InDesign 6.0, Adobe InDesign 6.0, Adobe InDesign 6.0, Adobe InDesign 6.0, Adobe InDesign 6.0, Adobe InDesign 6.0, Adobe InDesign 6.0, Adobe InDesign 6.0, Adobe InDesign 6.0, Adobe InDesign 6.0, Adobe InDesign 6.0, Adobe InDesign 6.0, Adobe InDesign 6.0, Adobe InDesign 6.0, Adobe InDesign 6.0, Adobe InDesign 6.0, Adobe InDesign 6.0, Adobe InDesign 6.0, Adobe InDesign 6.0, Adobe InDesign 6.0, Adobe InDesign 6.0, Adobe InDesign 6.0, Adobe InDesign 6.0, Adobe InDesign 6.0, Adobe InDesign 6.0, Adobe InDesign 6.0, Adobe InDesign 6.0, Adobe InDesign 6.0, Adobe InDesign 6.0, Adobe InDesign 6.0, Adobe InDesign 6.0, Adobe InDesign 6.0, Adobe InDesign 6.0, Adobe InDesign 6.0","2010:03:09 08:53:50-05:00, 2010:03:09 08:53:51-05:00, 2010:03:09 09:14:02-05:00, 2010:03:09 09:55:15-05:00, 2010:03:09 09:58:13-05:00, 2010:03:09 10:59:35-05:00, 2010:03:09 11:00:18-05:00, 2010:03:09 11:11-05:00, 2010:03:09 11:11:54-05:00, 2010:03:09 11:33:56-05:00, 2010:03:09 11:35:08-05:00, 2010:03:09 11:42:05-05:00, 2010:03:09 12:21:18-05:00, 2010:03:09 12:59:30-05:00, 2010:03:09 13:05:09-05:00, 2010:03:10 11:36:10-05:00, 2010:03:10 11:37:34-05:00, 2010:03:10 11:51:01-05:00, 2010:03:15 13:05:16-04:00, 2010:03:15 13:08:27-04:00, 2010:03:15 13:11:18-04:00, 2010:03:15 13:13:18-04:00, 2010:03:15 13:14:49-04:00, 2010:03:15 13:57:04-04:00, 2010:03:15 13:57:21-04:00, 2010:03:15 13:58:18-04:00, 2010:03:15 14:12:15-04:00, 2010:03:15 14:13:23-04:00, 2010:03:15 14:15:15-04:00, 2010:03:16 09:08:45-04:00, 2010:03:16 09:12:16-04:00, 2010:03:16 09:46:59-04:00, 2010:03:16 09:47:30-04:00, 2010:03:16 09:52:23-04:00, 2010:03:16 10:03:20-04:00, 2010:03:16 10:11:24-04:00, 2010:03:16 11:22:38-04:00, 2010:03:16 11:30:07-04:00, 2010:03:17 14:43:31-04:00, 2010:03:17 15:59:13-04:00, 2010:03:26 16:42:27-04:00, 2010:03:26 16:54:15-04:00, 2010:03:29 09:01:31-04:00, 2010:03:29 10:03:47-04:00, 2010:03:29 10:06:11-04:00, 2010:03:29 10:07:22-04:00, 2010:03:29 10:20:25-04:00, 2010:03:29 10:28:31-04:00, 2010:03:29 10:31:19-04:00, 2010:03:29 10:36:17-04:00, 2010:03:29 10:37:49-04:00, 2010:03:29 10:42:18-04:00, 2010:03:29 10:57:02-04:00, 2010:03:29 10:59:47-04:00, 2010:03:29 11:46:23-04:00, 2010:03:29 11:56:28-04:00, 2010:03:29 12:00:04-04:00, 2010:03:29 12:01:38-04:00, 2010:03:29 12:06:07-04:00, 2010:03:29 12:06:42-04:00, 2010:03:29 12:14:12-04:00, 2010:03:29 12:32:17-04:00, 2010:03:29 12:40:15-04:00, 2010:03:29 12:42:03-04:00, 2010:03:29 12:46:07-04:00, 2010:03:29 12:48:28-04:00, 2010:03:29 12:51:02-04:00, 2010:03:29 12:53:18-04:00, 2010:03:29 12:53:39-04:00, 2010:03:29 12:57:09-04:00, 2010:03:29 13:03:47-04:00, 2010:03:29 13:16:25-04:00, 2010:03:29 13:16:38-04:00, 2010:03:29 13:19:49-04:00, 2010:03:29 13:20:41-04:00, 2010:03:29 13:27:15-04:00, 2010:03:29 13:29:19-04:00, 2010:03:29 13:31:12-04:00, 2010:03:29 13:31:22-04:00, 2010:03:29 13:31:30-04:00, 2010:03:29 13:35:27-04:00, 2010:03:29 14:06:33-04:00, 2010:03:29 14:37:04-04:00, 2010:03:29 14:38:35-04:00, 2010:03:29 14:40:11-04:00, 2010:03:29 15:13:05-04:00, 2010:03:29 15:36:06-04:00, 2010:03:29 15:36:50-04:00, 2010:03:29 15:46:15-04:00, 2010:03:29 15:53:28-04:00, 2010:03:29 16:07:11-04:00, 2010:03:29 16:25:45-04:00, 2010:04:07 11:12:06-04:00, 2010:04:08 12:19:34-04:00, 2010:04:08 13:03:49-04:00, 2010:04:08 13:27:02-04:00, 2010:04:08 13:32:44-04:00, 2010:04:08 13:33:04-04:00, 2010:04:08 15:16:48-04:00, 2010:04:12 13:57:54-04:00, 2010:04:13 09:15:38-04:00, 2010:04:13 09:30:03-04:00, 2010:04:13 09:33:24-04:00, 2010:04:13 09:42:11-04:00, 2010:04:13 09:42:17-04:00, 2010:04:13 09:48:59-04:00, 2010:04:13 09:49:12-04:00, 2010:04:13 10:03:34-04:00, 2010:04:13 10:22:12-04:00, 2010:04:13 10:24:15-04:00, 2010:04:13 10:24:45-04:00, 2010:04:13 10:25:48-04:00, 2010:04:13 10:26:02-04:00, 2010:04:13 10:30:54-04:00, 2010:04:13 10:36:42-04:00, 2010:04:13 10:38:26-04:00, 2010:04:13 10:39:29-04:00, 2010:04:13 10:41:43-04:00, 2010:04:13 10:42:24-04:00, 2010:04:13 10:42:34-04:00, 2010:04:13 11:12:21-04:00, 2010:04:13 11:16:42-04:00, 2010:04:13 11:17:15-04:00, 2010:04:13 11:18:18-04:00, 2010:04:13 11:29:58-04:00, 2010:04:13 11:38:13-04:00, 2010:04:13 11:39:02-04:00, 2010:04:13 11:47:44-04:00, 2010:04:13 12:04:20-04:00, 2010:04:13 12:07:43-04:00, 2010:04:13 12:14:13-04:00, 2010:04:13 13:03:48-04:00, 2010:04:13 13:21:53-04:00, 2010:04:13 13:38:14-04:00, 2010:04:13 14:26:32-04:00, 2010:04:13 16:07:01-04:00, 2010:04:13 16:08:53-04:00, 2010:04:13 16:25:42-04:00, 2010:04:14 09:55:56-04:00, 2010:04:14 09:56:52-04:00, 2010:04:14 09:59:02-04:00, 2010:04:14 11:00:17-04:00, 2010:04:14 11:13:23-04:00, 2010:04:14 16:30:06-04:00, 2010:04:14 16:33:48-04:00, 2010:04:14 16:57:22-04:00, 2010:04:16 09:18:11-04:00, 2010:04:16 09:58:55-04:00, 2010:04:16 10:24:57-04:00, 2010:04:16 10:26:25-04:00, 2010:04:16 10:35:48-04:00, 2010:04:16 10:38:55-04:00, 2010:04:16 10:40:33-04:00, 2010:04:16 11:02:14-04:00, 2010:04:16 11:13:18-04:00, 2010:04:16 11:25:26-04:00, 2010:04:16 11:26:24-04:00, 2010:04:16 11:59:20-04:00, 2010:04:16 12:02:24-04:00, 2010:04:16 12:12:58-04:00, 2010:04:16 12:14:39-04:00, 2010:04:16 12:20:12-04:00, 2010:04:16 12:28:22-04:00, 2010:04:16 12:43:02-04:00, 2010:04:16 12:55:16-04:00, 2010:04:16 13:07:20-04:00, 2010:04:16 13:18:09-04:00, 2010:04:16 13:28:58-04:00, 2010:04:16 13:40:54-04:00, 2010:04:16 13:44:53-04:00, 2010:04:16 13:47:26-04:00, 2010:04:16 13:49:06-04:00, 2010:04:16 13:55:09-04:00, 2010:04:16 16:50:25-04:00, 2010:04:19 10:26:31-04:00, 2010:04:19 11:58:24-04:00, 2010:04:19 12:21:37-04:00, 2010:04:19 12:23:42-04:00, 2010:04:19 12:30:08-04:00, 2010:04:19 12:53:03-04:00, 2010:04:19 13:00:18-04:00, 2010:04:19 13:37:35-04:00, 2010:04:19 14:49:06-04:00, 2010:04:20 13:55:39-04:00, 2010:04:20 13:56:33-04:00, 2010:04:20 14:06:03-04:00, 2010:04:20 14:19:01-04:00, 2010:04:20 15:11:27-04:00, 2010:04:21 12:43:04-04:00, 2010:04:22 08:36:35-04:00, 2010:04:22 08:43:07-04:00, 2010:04:22 08:45:05-04:00, 2010:04:22 08:50:21-04:00, 2010:04:22 09:07:02-04:00, 2010:04:22 09:08:07-04:00, 2010:04:22 09:08:25-04:00, 2010:04:22 10:23:15-04:00, 2010:04:22 10:45:39-04:00, 2010:04:22 11:39:50-04:00, 2010:04:22 11:40:54-04:00, 2010:04:22 11:43:51-04:00",,,,,,,,uuid:5457897f-7c5c-1c4d-85e3-cc6bae968d36,,"children's, mental, health",,,,,No,,,,"ReferenceStream, ReferenceStream, ReferenceStream, ReferenceStream, ReferenceStream, ReferenceStream, ReferenceStream, ReferenceStream, ReferenceStream, ReferenceStream, ReferenceStream, ReferenceStream, ReferenceStream, ReferenceStream, ReferenceStream, ReferenceStream, ReferenceStream, ReferenceStream, ReferenceStream, ReferenceStream, ReferenceStream, ReferenceStream, ReferenceStream, ReferenceStream, ReferenceStream, ReferenceStream, ReferenceStream, ReferenceStream, ReferenceStream, ReferenceStream, ReferenceStream, ReferenceStream, ReferenceStream, ReferenceStream, ReferenceStream, ReferenceStream, ReferenceStream, ReferenceStream, ReferenceStream, ReferenceStream, ReferenceStream, ReferenceStream, ReferenceStream, ReferenceStream, ReferenceStream, ReferenceStream, ReferenceStream, ReferenceStream, ReferenceStream, ReferenceStream, ReferenceStream, ReferenceStream, ReferenceStream, ReferenceStream, ReferenceStream, ReferenceStream, ReferenceStream, ReferenceStream, ReferenceStream, ReferenceStream, ReferenceStream, ReferenceStream, ReferenceStream, ReferenceStream, ReferenceStream, ReferenceStream, ReferenceStream, ReferenceStream, ReferenceStream, ReferenceStream, ReferenceStream, ReferenceStream, ReferenceStream, ReferenceStream, ReferenceStream, ReferenceStream, ReferenceStream, ReferenceStream, ReferenceStream, ReferenceStream, ReferenceStream, ReferenceStream, ReferenceStream, ReferenceStream, ReferenceStream, ReferenceStream, ReferenceStream, ReferenceStream, ReferenceStream, ReferenceStream, ReferenceStream, ReferenceStream, ReferenceStream, ReferenceStream, ReferenceStream, ReferenceStream, ReferenceStream, ReferenceStream, ReferenceStream, ReferenceStream, ReferenceStream, ReferenceStream, ReferenceStream, ReferenceStream, ReferenceStream, ReferenceStream, ReferenceStream, ReferenceStream, ReferenceStream, ReferenceStream, ReferenceStream, ReferenceStream, ReferenceStream, ReferenceStream, ReferenceStream, ReferenceStream, ReferenceStream, ReferenceStream, ReferenceStream, ReferenceStream, ReferenceStream, ReferenceStream, ReferenceStream, ReferenceStream, ReferenceStream, ReferenceStream, ReferenceStream, ReferenceStream, ReferenceStream, ReferenceStream, ReferenceStream, ReferenceStream, ReferenceStream, ReferenceStream, ReferenceStream, ReferenceStream, ReferenceStream, ReferenceStream, ReferenceStream, ReferenceStream","Inches, Inches, Inches, Inches, Inches, Inches, Inches, Inches, Inches, Inches, Inches, Inches, Inches, Inches, Inches, Inches, Inches, Inches, Inches, Inches, Inches, Inches, Inches, Inches, Inches, Inches, Inches, Inches, Inches, Inches, Inches, Inches, Inches, Inches, Inches, Inches, Inches, Inches, Inches, Inches, Inches, Inches, Inches, Inches, Inches, Inches, Inches, Inches, Inches, Inches, Inches, Inches, Inches, Inches, Inches, Inches, Inches, Inches, Inches, Inches, Inches, Inches, Inches, Inches, Inches, Inches, Inches, Inches, Inches, Inches, Inches, Inches, Inches, Inches, Inches, Inches, Inches, Inches, Inches, Inches, Inches, Inches, Inches, Inches, Inches, Inches, Inches, Inches, Inches, Inches, Inches, Inches, Inches, Inches, Inches, Inches, Inches, Inches, Inches, Inches, Inches, Inches, Inches, Inches, Inches, Inches, Inches, Inches, Inches, Inches, Inches, Inches, Inches, Inches, Inches, Inches, Inches, Inches, Inches, Inches, Inches, Inches, Inches, Inches, Inches, Inches, Inches, Inches, Inches, Inches, Inches, Inches, Inches, Inches, Inches, Inches, Inches, Inches, Inches, Inches","240.00, 72.00, 72.00, 72.00, 72.00, 72.00, 72.00, 72.00, 72.00, 72.00, 72.00, 72.00, 72.00, 72.00, 72.00, 72.00, 72.00, 72.00, 72.00, 72.00, 72.00, 72.00, 72.00, 72.00, 72.00, 72.00, 72.00, 72.00, 72.00, 72.00, 72.00, 72.00, 72.00, 72.00, 72.00, 72.00, 72.00, 72.00, 72.00, 72.00, 72.00, 72.00, 72.00, 72.00, 72.00, 72.00, 72.00, 72.00, 72.00, 72.00, 72.00, 72.00, 72.00, 72.00, 72.00, 72.00, 72.00, 72.00, 72.00, 72.00, 72.00, 72.00, 72.00, 72.00, 72.00, 72.00, 72.00, 72.00, 72.00, 72.00, 72.00, 72.00, 72.00, 72.00, 72.00, 72.00, 72.00, 72.00, 72.00, 72.00, 72.00, 72.00, 72.00, 72.00, 72.00, 72.00, 72.00, 72.00, 72.00, 72.00, 72.00, 72.00, 72.00, 72.00, 72.00, 72.00, 72.00, 72.00, 72.00, 72.00, 72.00, 72.00, 72.00, 72.00, 72.00, 72.00, 72.00, 72.00, 72.00, 72.00, 72.00, 72.00, 72.00, 72.00, 72.00, 72.00, 72.00, 72.00, 72.00, 72.00, 72.00, 72.00, 72.00, 72.00, 72.00, 72.00, 72.00, 72.00, 72.00, 72.00, 72.00, 72.00, 72.00, 72.00, 72.00, 72.00, 72.00, 72.00, 72.00, 72.00","240.00, 72.00, 72.00, 72.00, 72.00, 72.00, 72.00, 72.00, 72.00, 72.00, 72.00, 72.00, 72.00, 72.00, 72.00, 72.00, 72.00, 72.00, 72.00, 72.00, 72.00, 72.00, 72.00, 72.00, 72.00, 72.00, 72.00, 72.00, 72.00, 72.00, 72.00, 72.00, 72.00, 72.00, 72.00, 72.00, 72.00, 72.00, 72.00, 72.00, 72.00, 72.00, 72.00, 72.00, 72.00, 72.00, 72.00, 72.00, 72.00, 72.00, 72.00, 72.00, 72.00, 72.00, 72.00, 72.00, 72.00, 72.00, 72.00, 72.00, 72.00, 72.00, 72.00, 72.00, 72.00, 72.00, 72.00, 72.00, 72.00, 72.00, 72.00, 72.00, 72.00, 72.00, 72.00, 72.00, 72.00, 72.00, 72.00, 72.00, 72.00, 72.00, 72.00, 72.00, 72.00, 72.00, 72.00, 72.00, 72.00, 72.00, 72.00, 72.00, 72.00, 72.00, 72.00, 72.00, 72.00, 72.00, 72.00, 72.00, 72.00, 72.00, 72.00, 72.00, 72.00, 72.00, 72.00, 72.00, 72.00, 72.00, 72.00, 72.00, 72.00, 72.00, 72.00, 72.00, 72.00, 72.00, 72.00, 72.00, 72.00, 72.00, 72.00, 72.00, 72.00, 72.00, 72.00, 72.00, 72.00, 72.00, 72.00, 72.00, 72.00, 72.00, 72.00, 72.00, 72.00, 72.00, 72.00, 72.00","uuid:8F9107D01AB4DE11AA70C4B4C9116DC7, uuid:6BBEBB6935A7DD11A96BE8D7EB8EE329, uuid:6BBEBB6935A7DD11A96BE8D7EB8EE329, uuid:6BBEBB6935A7DD11A96BE8D7EB8EE329, uuid:6BBEBB6935A7DD11A96BE8D7EB8EE329, uuid:6BBEBB6935A7DD11A96BE8D7EB8EE329, uuid:6BBEBB6935A7DD11A96BE8D7EB8EE329, uuid:6BBEBB6935A7DD11A96BE8D7EB8EE329, uuid:6BBEBB6935A7DD11A96BE8D7EB8EE329, uuid:A5BAEF3D53EADE118A95A4F4BA5C2899, uuid:6BBEBB6935A7DD11A96BE8D7EB8EE329, uuid:A5BAEF3D53EADE118A95A4F4BA5C2899, uuid:A5BAEF3D53EADE118A95A4F4BA5C2899, uuid:A5BAEF3D53EADE118A95A4F4BA5C2899, uuid:A5BAEF3D53EADE118A95A4F4BA5C2899, uuid:00C8C1F8A2ECDE119D15B1BD0CB9B833, uuid:6BBEBB6935A7DD11A96BE8D7EB8EE329, uuid:A5BAEF3D53EADE118A95A4F4BA5C2899, uuid:7FEE5205F2EADE11A217E4E570309C0C, uuid:6BBEBB6935A7DD11A96BE8D7EB8EE329, uuid:87EE5205F2EADE11A217E4E570309C0C, uuid:6BBEBB6935A7DD11A96BE8D7EB8EE329, uuid:87EE5205F2EADE11A217E4E570309C0C, uuid:87EE5205F2EADE11A217E4E570309C0C, uuid:87EE5205F2EADE11A217E4E570309C0C, uuid:6BBEBB6935A7DD11A96BE8D7EB8EE329, uuid:E7E7A2D30BEBDE11A217E4E570309C0C, uuid:E7E7A2D30BEBDE11A217E4E570309C0C, uuid:E7E7A2D30BEBDE11A217E4E570309C0C, uuid:6BBEBB6935A7DD11A96BE8D7EB8EE329, uuid:E7E7A2D30BEBDE11A217E4E570309C0C, uuid:E7E7A2D30BEBDE11A217E4E570309C0C, uuid:6BBEBB6935A7DD11A96BE8D7EB8EE329, uuid:DB52EB48B8ECDE119D15B1BD0CB9B833, uuid:E152EB48B8ECDE119D15B1BD0CB9B833, uuid:E7E7A2D30BEBDE11A217E4E570309C0C, uuid:6BBEBB6935A7DD11A96BE8D7EB8EE329, uuid:E7E7A2D30BEBDE11A217E4E570309C0C, uuid:E7E7A2D30BEBDE11A217E4E570309C0C, uuid:6BBEBB6935A7DD11A96BE8D7EB8EE329, uuid:6BBEBB6935A7DD11A96BE8D7EB8EE329, uuid:8803012143EDDE11B91FB60C630067D1, uuid:9E0699A758EDDE11B91FB60C630067D1, uuid:9E0699A758EDDE11B91FB60C630067D1, uuid:9E0699A758EDDE11B91FB60C630067D1, uuid:6BBEBB6935A7DD11A96BE8D7EB8EE329, uuid:8803012143EDDE11B91FB60C630067D1, uuid:8803012143EDDE11B91FB60C630067D1, uuid:6BBEBB6935A7DD11A96BE8D7EB8EE329, uuid:8803012143EDDE11B91FB60C630067D1, uuid:962D8B435EEDDE11B91FB60C630067D1, uuid:962D8B435EEDDE11B91FB60C630067D1, uuid:6BBEBB6935A7DD11A96BE8D7EB8EE329, uuid:9E0699A758EDDE11B91FB60C630067D1, uuid:9E0699A758EDDE11B91FB60C630067D1, uuid:9E0699A758EDDE11B91FB60C630067D1, uuid:9E0699A758EDDE11B91FB60C630067D1, uuid:6BBEBB6935A7DD11A96BE8D7EB8EE329, uuid:6BBEBB6935A7DD11A96BE8D7EB8EE329, uuid:6BBEBB6935A7DD11A96BE8D7EB8EE329, uuid:091D1931A7EFDE118979933EF86B5128, uuid:091D1931A7EFDE118979933EF86B5128, uuid:887E5B89DFEFDE118979933EF86B5128, uuid:6BBEBB6935A7DD11A96BE8D7EB8EE329, uuid:6BBEBB6935A7DD11A96BE8D7EB8EE329, uuid:8803012143EDDE11B91FB60C630067D1, uuid:F33331B4A9EFDE118979933EF86B5128, uuid:7C1F8F1CB5EFDE118979933EF86B5128, uuid:B3780975B8EFDE118979933EF86B5128, uuid:6BBEBB6935A7DD11A96BE8D7EB8EE329, uuid:6BBEBB6935A7DD11A96BE8D7EB8EE329, uuid:89A06B676AF0DE1184A1ECE9B9B2AE19, uuid:6BBEBB6935A7DD11A96BE8D7EB8EE329, uuid:6BBEBB6935A7DD11A96BE8D7EB8EE329, uuid:6BBEBB6935A7DD11A96BE8D7EB8EE329, uuid:6BBEBB6935A7DD11A96BE8D7EB8EE329, uuid:6BBEBB6935A7DD11A96BE8D7EB8EE329, uuid:6BBEBB6935A7DD11A96BE8D7EB8EE329, uuid:6BBEBB6935A7DD11A96BE8D7EB8EE329, uuid:6BBEBB6935A7DD11A96BE8D7EB8EE329, uuid:9E0699A758EDDE11B91FB60C630067D1, uuid:EFA4CCDEBAEFDE118979933EF86B5128, uuid:09190C90D3EFDE118979933EF86B5128, uuid:6BBEBB6935A7DD11A96BE8D7EB8EE329, uuid:09190C90D3EFDE118979933EF86B5128, uuid:0D190C90D3EFDE118979933EF86B5128, uuid:6BBEBB6935A7DD11A96BE8D7EB8EE329, uuid:6BBEBB6935A7DD11A96BE8D7EB8EE329, uuid:6BBEBB6935A7DD11A96BE8D7EB8EE329, uuid:6BBEBB6935A7DD11A96BE8D7EB8EE329, uuid:6BBEBB6935A7DD11A96BE8D7EB8EE329, uuid:6BBEBB6935A7DD11A96BE8D7EB8EE329, uuid:6BBEBB6935A7DD11A96BE8D7EB8EE329, uuid:6BBEBB6935A7DD11A96BE8D7EB8EE329, uuid:6BBEBB6935A7DD11A96BE8D7EB8EE329, uuid:8CA06B676AF0DE1184A1ECE9B9B2AE19, uuid:6BBEBB6935A7DD11A96BE8D7EB8EE329, uuid:6BBEBB6935A7DD11A96BE8D7EB8EE329, uuid:6BBEBB6935A7DD11A96BE8D7EB8EE329, uuid:6BBEBB6935A7DD11A96BE8D7EB8EE329, uuid:6BBEBB6935A7DD11A96BE8D7EB8EE329, uuid:6BBEBB6935A7DD11A96BE8D7EB8EE329, uuid:6BBEBB6935A7DD11A96BE8D7EB8EE329, uuid:92A06B676AF0DE1184A1ECE9B9B2AE19, uuid:8FA06B676AF0DE1184A1ECE9B9B2AE19, uuid:6BBEBB6935A7DD11A96BE8D7EB8EE329, uuid:090206DF34F1DE11ACF7C481B51673C1, uuid:0E0206DF34F1DE11ACF7C481B51673C1, uuid:41C71C2346F5DE11A324913FDC1F314E, uuid:0D0D301855F5DE11A324913FDC1F314E, uuid:6BBEBB6935A7DD11A96BE8D7EB8EE329, uuid:6BBEBB6935A7DD11A96BE8D7EB8EE329, uuid:6BBEBB6935A7DD11A96BE8D7EB8EE329, uuid:6BBEBB6935A7DD11A96BE8D7EB8EE329, uuid:110206DF34F1DE11ACF7C481B51673C1, uuid:6BBEBB6935A7DD11A96BE8D7EB8EE329, uuid:6BBEBB6935A7DD11A96BE8D7EB8EE329, uuid:6BBEBB6935A7DD11A96BE8D7EB8EE329, uuid:757EB61822F5DE11A324913FDC1F314E, uuid:797EB61822F5DE11A324913FDC1F314E, uuid:9E3A3B2F32F5DE11A324913FDC1F314E, uuid:7C7EB61822F5DE11A324913FDC1F314E, uuid:6BBEBB6935A7DD11A96BE8D7EB8EE329, uuid:A33A3B2F32F5DE11A324913FDC1F314E, uuid:A63A3B2F32F5DE11A324913FDC1F314E, uuid:6BBEBB6935A7DD11A96BE8D7EB8EE329, uuid:340AA81443F5DE11A324913FDC1F314E, uuid:380AA81443F5DE11A324913FDC1F314E, uuid:6BBEBB6935A7DD11A96BE8D7EB8EE329, uuid:3EC71C2346F5DE11A324913FDC1F314E, uuid:6BBEBB6935A7DD11A96BE8D7EB8EE329, uuid:6BBEBB6935A7DD11A96BE8D7EB8EE329, uuid:6BBEBB6935A7DD11A96BE8D7EB8EE329, uuid:6BBEBB6935A7DD11A96BE8D7EB8EE329, uuid:6BBEBB6935A7DD11A96BE8D7EB8EE329, uuid:6BBEBB6935A7DD11A96BE8D7EB8EE329, uuid:6BBEBB6935A7DD11A96BE8D7EB8EE329, uuid:6BBEBB6935A7DD11A96BE8D7EB8EE329, uuid:6BBEBB6935A7DD11A96BE8D7EB8EE329, uuid:09BB6689A0EFDD11A71AFD39F52376E7",,"uuid:D05307F21DB4DE11AA70C4B4C9116DC7, uuid:0CBB6689A0EFDD11A71AFD39F52376E7, uuid:0CBB6689A0EFDD11A71AFD39F52376E7, uuid:0CBB6689A0EFDD11A71AFD39F52376E7, uuid:0CBB6689A0EFDD11A71AFD39F52376E7, uuid:0CBB6689A0EFDD11A71AFD39F52376E7, uuid:0CBB6689A0EFDD11A71AFD39F52376E7, uuid:0CBB6689A0EFDD11A71AFD39F52376E7, uuid:0CBB6689A0EFDD11A71AFD39F52376E7, uuid:026CDA55C401DF11ADDFC9DC258B7C14, uuid:0CBB6689A0EFDD11A71AFD39F52376E7, uuid:086CDA55C401DF11ADDFC9DC258B7C14, uuid:066CDA55C401DF11ADDFC9DC258B7C14, uuid:FF6BDA55C401DF11ADDFC9DC258B7C14, uuid:076CDA55C401DF11ADDFC9DC258B7C14, uuid:046CDA55C401DF11ADDFC9DC258B7C14, uuid:0CBB6689A0EFDD11A71AFD39F52376E7, uuid:056CDA55C401DF11ADDFC9DC258B7C14, uuid:b06446d8-69a6-754f-bc18-b1171f401698, uuid:0CBB6689A0EFDD11A71AFD39F52376E7, uuid:A5C396A68003DF11A924918980DF4009, uuid:0CBB6689A0EFDD11A71AFD39F52376E7, uuid:A6C396A68003DF11A924918980DF4009, uuid:A7C396A68003DF11A924918980DF4009, uuid:A9C396A68003DF11A924918980DF4009, uuid:0CBB6689A0EFDD11A71AFD39F52376E7, uuid:EBBB8F84C501DF11ADDFC9DC258B7C14, uuid:AAC396A68003DF11A924918980DF4009, uuid:ACC396A68003DF11A924918980DF4009, uuid:0CBB6689A0EFDD11A71AFD39F52376E7, uuid:ABC396A68003DF11A924918980DF4009, uuid:AEC396A68003DF11A924918980DF4009, uuid:0CBB6689A0EFDD11A71AFD39F52376E7, uuid:E3BB8F84C501DF11ADDFC9DC258B7C14, uuid:ADC396A68003DF11A924918980DF4009, uuid:242779D58103DF11A924918980DF4009, uuid:0CBB6689A0EFDD11A71AFD39F52376E7, uuid:252779D58103DF11A924918980DF4009, uuid:262779D58103DF11A924918980DF4009, uuid:0CBB6689A0EFDD11A71AFD39F52376E7, uuid:0CBB6689A0EFDD11A71AFD39F52376E7, uuid:292779D58103DF11A924918980DF4009, uuid:2B2779D58103DF11A924918980DF4009, uuid:2A2779D58103DF11A924918980DF4009, uuid:2D2779D58103DF11A924918980DF4009, uuid:0CBB6689A0EFDD11A71AFD39F52376E7, uuid:879D107C8403DF11A924918980DF4009, uuid:2E2779D58103DF11A924918980DF4009, uuid:0CBB6689A0EFDD11A71AFD39F52376E7, uuid:869D107C8403DF11A924918980DF4009, uuid:889D107C8403DF11A924918980DF4009, uuid:09E1CDEA6C06DF11B330BB390338A4F8, uuid:0CBB6689A0EFDD11A71AFD39F52376E7, uuid:0AE1CDEA6C06DF11B330BB390338A4F8, uuid:0BE1CDEA6C06DF11B330BB390338A4F8, uuid:0CE1CDEA6C06DF11B330BB390338A4F8, uuid:0DE1CDEA6C06DF11B330BB390338A4F8, uuid:0CBB6689A0EFDD11A71AFD39F52376E7, uuid:0CBB6689A0EFDD11A71AFD39F52376E7, uuid:0CBB6689A0EFDD11A71AFD39F52376E7, uuid:9364ACB1C601DF11ADDFC9DC258B7C14, uuid:9264ACB1C601DF11ADDFC9DC258B7C14, uuid:0EE1CDEA6C06DF11B330BB390338A4F8, uuid:0CBB6689A0EFDD11A71AFD39F52376E7, uuid:0CBB6689A0EFDD11A71AFD39F52376E7, uuid:0FE1CDEA6C06DF11B330BB390338A4F8, uuid:10E1CDEA6C06DF11B330BB390338A4F8, uuid:3A0E97F14607DF11A261E1E38CA421FC, uuid:8E68A7957606DF11B330BB390338A4F8, uuid:0CBB6689A0EFDD11A71AFD39F52376E7, uuid:0CBB6689A0EFDD11A71AFD39F52376E7, uuid:9068A7957606DF11B330BB390338A4F8, uuid:0CBB6689A0EFDD11A71AFD39F52376E7, uuid:0CBB6689A0EFDD11A71AFD39F52376E7, uuid:0CBB6689A0EFDD11A71AFD39F52376E7, uuid:0CBB6689A0EFDD11A71AFD39F52376E7, uuid:0CBB6689A0EFDD11A71AFD39F52376E7, uuid:0CBB6689A0EFDD11A71AFD39F52376E7, uuid:0CBB6689A0EFDD11A71AFD39F52376E7, uuid:0CBB6689A0EFDD11A71AFD39F52376E7, uuid:9168A7957606DF11B330BB390338A4F8, uuid:9268A7957606DF11B330BB390338A4F8, uuid:FF516D5F3707DF11B8FED33CA1E699D8, uuid:0CBB6689A0EFDD11A71AFD39F52376E7, uuid:CC2BD2AAC701DF11ADDFC9DC258B7C14, uuid:FCB4FF406707DF11A261E1E38CA421FC, uuid:0CBB6689A0EFDD11A71AFD39F52376E7, uuid:0CBB6689A0EFDD11A71AFD39F52376E7, uuid:0CBB6689A0EFDD11A71AFD39F52376E7, uuid:0CBB6689A0EFDD11A71AFD39F52376E7, uuid:0CBB6689A0EFDD11A71AFD39F52376E7, uuid:0CBB6689A0EFDD11A71AFD39F52376E7, uuid:0CBB6689A0EFDD11A71AFD39F52376E7, uuid:0CBB6689A0EFDD11A71AFD39F52376E7, uuid:0CBB6689A0EFDD11A71AFD39F52376E7, uuid:FFCCD29F4307DF11A261E1E38CA421FC, uuid:0CBB6689A0EFDD11A71AFD39F52376E7, uuid:0CBB6689A0EFDD11A71AFD39F52376E7, uuid:0CBB6689A0EFDD11A71AFD39F52376E7, uuid:0CBB6689A0EFDD11A71AFD39F52376E7, uuid:0CBB6689A0EFDD11A71AFD39F52376E7, uuid:0CBB6689A0EFDD11A71AFD39F52376E7, uuid:0CBB6689A0EFDD11A71AFD39F52376E7, uuid:01CDD29F4307DF11A261E1E38CA421FC, uuid:00CDD29F4307DF11A261E1E38CA421FC, uuid:0CBB6689A0EFDD11A71AFD39F52376E7, uuid:02CDD29F4307DF11A261E1E38CA421FC, uuid:04CDD29F4307DF11A261E1E38CA421FC, uuid:06CDD29F4307DF11A261E1E38CA421FC, uuid:05CDD29F4307DF11A261E1E38CA421FC, uuid:0CBB6689A0EFDD11A71AFD39F52376E7, uuid:0CBB6689A0EFDD11A71AFD39F52376E7, uuid:0CBB6689A0EFDD11A71AFD39F52376E7, uuid:0CBB6689A0EFDD11A71AFD39F52376E7, uuid:08CDD29F4307DF11A261E1E38CA421FC, uuid:0CBB6689A0EFDD11A71AFD39F52376E7, uuid:0CBB6689A0EFDD11A71AFD39F52376E7, uuid:0CBB6689A0EFDD11A71AFD39F52376E7, uuid:300E97F14607DF11A261E1E38CA421FC, uuid:310E97F14607DF11A261E1E38CA421FC, uuid:330E97F14607DF11A261E1E38CA421FC, uuid:320E97F14607DF11A261E1E38CA421FC, uuid:0CBB6689A0EFDD11A71AFD39F52376E7, uuid:350E97F14607DF11A261E1E38CA421FC, uuid:360E97F14607DF11A261E1E38CA421FC, uuid:0CBB6689A0EFDD11A71AFD39F52376E7, uuid:380E97F14607DF11A261E1E38CA421FC, uuid:FCB5D745CA01DF11ADDFC9DC258B7C14, uuid:0CBB6689A0EFDD11A71AFD39F52376E7, uuid:390E97F14607DF11A261E1E38CA421FC, uuid:0CBB6689A0EFDD11A71AFD39F52376E7, uuid:0CBB6689A0EFDD11A71AFD39F52376E7, uuid:0CBB6689A0EFDD11A71AFD39F52376E7, uuid:0CBB6689A0EFDD11A71AFD39F52376E7, uuid:0CBB6689A0EFDD11A71AFD39F52376E7, uuid:0CBB6689A0EFDD11A71AFD39F52376E7, uuid:0CBB6689A0EFDD11A71AFD39F52376E7, uuid:0CBB6689A0EFDD11A71AFD39F52376E7, uuid:0CBB6689A0EFDD11A71AFD39F52376E7, uuid:0BBB6689A0EFDD11A71AFD39F52376E7",,,,,,,,,,,,2010:08:11 14:10:41-04:00,application/pdf,,2010:08:11 14:10:41-04:00,,,,,,,,adobe:docid:indd:4f38d49c-eaec-11de-9662-9d0ae59e544a,144,,,,,,TwoPageRight,UseOutlines,,,,1.6,,,,,,,,,,,,,,Adobe PDF Library 9.0,,,,,,,,,,,,,,,proof:pdf,,,,,,,,,,,,,,,,,,,children's mental health,,,,,,,,,,,,,,,,,JPEG,256,"(Binary data 11174 bytes, use -b option to extract)",256,Unclaimed Children Revisited: California Case Study,,,,False,,,,,,,,,,,,,,,,,,,,"Adobe XMP Core 4.2.1-c043 52.372728, 2009/01/18-15:56:37        ",,,,,,,,,,,,
./downloaded_docs/tlipn020626.pdf,,,,,,,,,,,,,,,,,,,,,,,,,,,,,,,,,,,,,,2026:02:05 15:44:27-05:00,,Adobe InDesign CS6 (Windows),Adobe InDesign CS6 (Windows),,,xmp.did:CD6F0C35E9D6F011978D827268CC8611,xmp.iid:EA357D20D202F1118131A5CB307F4DB6,xmp.did:7654B47FF020681188C6CA2E7CCE2CF0,default,,,,,,,./downloaded_docs,,,,,xmp.id:7A51CA76D302F1118093BDE425BA2819,,,,,,13.59,2026:07:31 13:57:01-04:00,2026:07:30 11:28:36-04:00,2026:07:30 11:28:36-04:00,tlipn020626.pdf,-rw-rw-rw-,8.5 MB,PDF,pdf,application/pdf,,,,,,,,,,,,,converted,/,,from application/x-indesign to application/pdf,Adobe InDesign CS6 (Windows),2026:02:05 15:44:27-05:00,,,,,,,,uuid:0ce254d2-abe2-43b8-8779-3322ea24a813,,,,,,,Yes,,,,,,,,,,,,,,,,,,,,,,2026:02:05 15:45-05:00,application/pdf,,2026:02:05 15:45-05:00,,,,,,,,xmp.did:7654B47FF020681188C6CA2E7CCE2CF0,78,,,,,,,,,,,1.4,,,,,,,,,,,,,,Adobe PDF Library 10.0.1,,,,,,,,,,,,,,,proof:pdf,,,,,,,,,,,,,,,,,,,,,,,,,,,,,,,,Yes,,,,,,,,,,,,False,,,,,,,,,,,,,,,,,,,,"Adobe XMP Core 5.3-c011 66.145661, 2012/02/06-14:56:27        ",,,,,,,,,,,,
./downloaded_docs/tlipn021126.pdf,,,,,,,,,,,,,,,,,,,,,,,,,,,,,,,,,,,,,,2026:02:11 09:12:24-05:00,,Adobe InDesign CS6 (Windows),Adobe InDesign CS6 (Windows),,,xmp.did:CD6F0C35E9D6F011978D827268CC8611,xmp.iid:581D54A55307F111AE4BE4B702360454,xmp.did:7654B47FF020681188C6CA2E7CCE2CF0,default,,,,,,,./downloaded_docs,,,,,xmp.id:591D54A55307F111AE4BE4B702360454,,,,,,13.59,2026:08:07 08:46:44-04:00,2026:08:07 08:46:44-04:00,2026:08:07 08:46:44-04:00,tlipn021126.pdf,-rw-rw-rw-,2.6 MB,PDF,pdf,application/pdf,,,,,,,,,,,,,converted,/,,from application/x-indesign to application/pdf,Adobe InDesign CS6 (Windows),2026:02:11 09:12:24-05:00,,,,,,,,uuid:16cdb6ad-666d-4859-848b-a405d06f942a,,,,,,,Yes,,,,,,,,,,,,,,,,,,,,,,2026:02:11 09:12:33-05:00,application/pdf,,2026:02:11 09:12:33-05:00,,,,,,,,xmp.did:7654B47FF020681188C6CA2E7CCE2CF0,14,,,,,,,,,,,1.4,,,,,,,,,,,,,,Adobe PDF Library 10.0.1,,,,,,,,,,,,,,,proof:pdf,,,,,,,,,,,,,,,,,,,,,,,,,,,,,,,,Yes,,,,,,,,,,,,False,,,,,,,,,,,,,,,,,,,,"Adobe XMP Core 5.3-c011 66.145661, 2012/02/06-14:56:27        ",,,,,,,,,,,,
./downloaded_docs/tlipn041025.pdf,,,,,,,,,,,,,,,,,,,,,,,,,,,,,,,,,,,,,,2025:04:09 14:24:35-04:00,,Adobe InDesign CS6 (Windows),Adobe InDesign CS6 (Windows),,,xmp.did:7FA38051660EF011AE9587D030092747,xmp.iid:EC2426D26F15F011A181C2FDD9FAA108,xmp.did:7654B47FF020681188C6CA2E7CCE2CF0,default,,,,,,,./downloaded_docs,,,,,xmp.id:ED2426D26F15F011A181C2FDD9FAA108,,,,,,13.59,2026:07:31 13:57:01-04:00,2026:07:30 11:27:55-04:00,2026:07:30 11:27:55-04:00,tlipn041025.pdf,-rw-rw-rw-,2.3 MB,PDF,pdf,application/pdf,,,,,,,,,,,,,converted,/,,from application/x-indesign to application/pdf,Adobe InDesign CS6 (Windows),2025:04:09 14:24:35-04:00,,,,,,,,uuid:ab8df0b1-6aa0-4b63-ab75-1103edfa4e33,,,,,,,Yes,,,,,,,,,,,,,,,,,,,,,,2025:04:09 14:24:46-04:00,application/pdf,,2025:04:09 14:24:46-04:00,,,,,,,,xmp.did:7654B47FF020681188C6CA2E7CCE2CF0,16,,,,,,,,,,,1.4,,,,,,,,,,,,,,Adobe PDF Library 10.0.1,,,,,,,,,,,,,,,proof:pdf,,,,,,,,,,,,,,,,,,,,,,,,,,,,,,,,Yes,,,,,,,,,,,,False,,,,,,,,,,,,,,,,,,,,"Adobe XMP Core 5.3-c011 66.145661, 2012/02/06-14:56:27        ",,,,,,,,,,,,
./downloaded_docs/tlipn042126.pdf,,,,,,,,,,,,,,,,,,,,,,,,,,,,,,,,,,,,,,2026:04:20 13:42:03-04:00,,Adobe InDesign CS6 (Windows),Adobe InDesign CS6 (Windows),,,xmp.did:B2EE94CA7712F111B223F7FC6DC80D56,xmp.iid:529D8631E03CF111A504C118992E6076,xmp.did:7654B47FF020681188C6CA2E7CCE2CF0,default,,,,,,,./downloaded_docs,,,,,xmp.id:539D8631E03CF111A504C118992E6076,,,,,,13.59,2026:07:31 13:57:01-04:00,2026:07:30 11:27:53-04:00,2026:07:30 11:27:53-04:00,tlipn042126.pdf,-rw-rw-rw-,4.0 MB,PDF,pdf,application/pdf,,,,,,,,,,,,,converted,/,,from application/x-indesign to application/pdf,Adobe InDesign CS6 (Windows),2026:04:20 13:42:03-04:00,,,,,,,,uuid:23c33bfb-25d6-4ce0-9d00-b6e83335819c,,,,,,,Yes,,,,,,,,,,,,,,,,,,,,,,2026:04:20 13:42:14-04:00,application/pdf,,2026:04:20 13:42:14-04:00,,,,,,,,xmp.did:7654B47FF020681188C6CA2E7CCE2CF0,33,,,,,,,,,,,1.4,,,,,,,,,,,,,,Adobe PDF Library 10.0.1,,,,,,,,,,,,,,,proof:pdf,,,,,,,,,,,,,,,,,,,,,,,,,,,,,,,,Yes,,,,,,,,,,,,False,,,,,,,,,,,,,,,,,,,,"Adobe XMP Core 5.3-c011 66.145661, 2012/02/06-14:56:27        ",,,,,,,,,,,,
./downloaded_docs/tlipn091925.pdf,,,,,,,,,,,,,,,,,,,,,,,,,,,,,,,,,,,,,,2025:09:18 15:31:55-04:00,,Adobe InDesign CS6 (Windows),Adobe InDesign CS6 (Windows),,,xmp.did:10F93113CA6BF011ADE1B1272F634E80,xmp.iid:7ACB4F0EC694F01191D6F44D9D33F224,xmp.did:7654B47FF020681188C6CA2E7CCE2CF0,default,,,,,,,./downloaded_docs,,,,,xmp.id:7BCB4F0EC694F01191D6F44D9D33F224,,,,,,13.59,2026:07:31 13:57:01-04:00,2026:07:30 11:27:54-04:00,2026:07:30 11:27:54-04:00,tlipn091925.pdf,-rw-rw-rw-,8.1 MB,PDF,pdf,application/pdf,,,,,,,,,,,,,converted,/,,from application/x-indesign to application/pdf,Adobe InDesign CS6 (Windows),2025:09:18 15:31:55-04:00,,,,,,,,uuid:8d71c88d-8722-480f-a70b-ccb3dece32c5,,,,,,,Yes,,,,,,,,,,,,,,,,,,,,,,2025:09:18 15:32:38-04:00,application/pdf,,2025:09:18 15:32:38-04:00,,,,,,,,xmp.did:7654B47FF020681188C6CA2E7CCE2CF0,46,,,,,,,,,,,1.4,,,,,,,,,,,,,,Adobe PDF Library 10.0.1,,,,,,,,,,,,,,,proof:pdf,,,,,,,,,,,,,,,,,,,,,,,,,,,,,,,,Yes,,,,,,,,,,,,False,,,,,,,,,,,,,,,,,,,,"Adobe XMP Core 5.3-c011 66.145661, 2012/02/06-14:56:27        ",,,,,,,,,,,,
./downloaded_docs/tlipn101425.pdf,,,,,,,,,,,,,,,,,,,,,,,,,,,,,,,,,,,,,,2025:10:10 15:37:12-04:00,,Adobe InDesign CS6 (Windows),Adobe InDesign CS6 (Windows),,,xmp.did:10F93113CA6BF011ADE1B1272F634E80,xmp.iid:EE6AEAE80CA6F0119334AE5761202EEA,xmp.did:7654B47FF020681188C6CA2E7CCE2CF0,default,,,,,,,./downloaded_docs,,,,,xmp.id:EF6AEAE80CA6F0119334AE5761202EEA,,,,,,13.59,2026:07:31 13:57:01-04:00,2026:07:30 11:28:33-04:00,2026:07:30 11:28:33-04:00,tlipn101425.pdf,-rw-rw-rw-,8.2 MB,PDF,pdf,application/pdf,,,,,,,,,,,,,converted,/,,from application/x-indesign to application/pdf,Adobe InDesign CS6 (Windows),2025:10:10 15:37:12-04:00,,,,,,,,uuid:dd5d7613-68a7-436c-88f3-b65bc890195f,,,,,,,Yes,,,,,,,,,,,,,,,,,,,,,,2025:10:10 15:37:59-04:00,application/pdf,,2025:10:10 15:37:59-04:00,,,,,,,,xmp.did:7654B47FF020681188C6CA2E7CCE2CF0,38,,,,,,,,,,,1.4,,,,,,,,,,,,,,Adobe PDF Library 10.0.1,,,,,,,,,,,,,,,proof:pdf,,,,,,,,,,,,,,,,,,,,,,,,,,,,,,,,Yes,,,,,,,,,,,,False,,,,,,,,,,,,,,,,,,,,"Adobe XMP Core 5.3-c011 66.145661, 2012/02/06-14:56:27        ",,,,,,,,,,,,
./downloaded_docs/tlipn111425.pdf,,,,,,,,,,,,,,,,,,,,,,,,,,,,,,,,,,,,,,2025:11:13 13:55:48-05:00,,Adobe InDesign CS6 (Windows),Adobe InDesign CS6 (Windows),,,xmp.did:8C748EA370BEF0118E91F8A122D4ED3A,xmp.iid:6022E047C2C0F011BD8DDB1BBB95D81A,xmp.did:7654B47FF020681188C6CA2E7CCE2CF0,default,,,,,,,./downloaded_docs,,,,,xmp.id:6122E047C2C0F011BD8DDB1BBB95D81A,,,,,,13.59,2026:07:31 13:57:01-04:00,2026:07:31 09:58:53-04:00,2026:07:31 09:58:53-04:00,tlipn111425.pdf,-rw-rw-rw-,8.2 MB,PDF,pdf,application/pdf,,,,,,,,,,,,,converted,/,,from application/x-indesign to application/pdf,Adobe InDesign CS6 (Windows),2025:11:13 13:55:49-05:00,,,,,,,,uuid:c02b5ba2-83ab-4885-a435-de93ca994aa1,,,,,,,Yes,,,,,,,,,,,,,,,,,,,,,,2025:11:13 13:56:35-05:00,application/pdf,,2025:11:13 13:56:35-05:00,,,,,,,,xmp.did:7654B47FF020681188C6CA2E7CCE2CF0,67,,,,,,,,,,,1.4,,,,,,,,,,,,,,Adobe PDF Library 10.0.1,,,,,,,,,,,,,,,proof:pdf,,,,,,,,,,,,,,,,,,,,,,,,,,,,,,,,Yes,,,,,,,,,,,,False,,,,,,,,,,,,,,,,,,,,"Adobe XMP Core 5.3-c011 66.145661, 2012/02/06-14:56:27        ",,,,,,,,,,,,
./downloaded_docs/tr311.pdf,,,,,,,,,,,,,National Toxicology Program,,,,,,,,,,,,,,,,,,,,,,,Y,Reports & Publications,2004:03:24 16:30:32-05:00,,National Toxicology Program,Acrobat Capture 3.0,,,,,,,Technical Report,,,,,,./downloaded_docs,,,,,,,,,,,13.59,2026:07:31 13:57:01-04:00,2026:07:31 09:58:49-04:00,2026:07:31 09:58:49-04:00,tr311.pdf,-rw-rw-rw-,14 MB,PDF,pdf,application/pdf,,,,,,,,,No,,,,,,,,,,,,,,,,,,,"Report, Date:, 1986",EN-US,,,,No,,,,,,,,,,,,,,,,,,,,,,,application/pdf,,2014:09:09 10:45:11-04:00,,,,Technical Report Series (Long-Term),Testing Program,,,,199,,,,,,,,,,,1.6,,,,,,,,,,,,,,Adobe Acrobat 10.1.6 Paper Capture Plug-in; modified using iTextSharp™ 5.4.2 ©2000-2012 1T3XT BVBA (AGPL-version),,,,,,,,,,,,,,,,,,,,,,,,,,,,,,,,,Searchable Image (Compact),Technical Report,,,,,,,,,,,,,Yes,,,,,,,,TR-311 Toxicology and Carcinogenesis Studies of Tetrachloroethylene (Perchloroethylene) (CAS No. 127-18-4) in F344/N Rats and B6C3F1Mice (Inhalation Studies),,,,,,,,,,,,,,,,,,,,,,,,,,,1986,,,,,,,,,
./downloaded_docs/transit-design-guide.pdf,,,,,,,,,,,,,,,,,,,,,,,,,,,,,,,,,,,,,,2018:10:05 15:51:48-05:00,,Adobe InDesign CC 13.0 (Macintosh),Adobe InDesign CC 13.0 (Macintosh),,,xmp.did:e86f6361-5565-8c4a-ad07-5f854a5418fa,xmp.iid:9e5dceb7-5222-4943-b476-366dec6d7d24,xmp.did:77d56b06-bebe-432d-86da-a5df696e8827,default,,,,,,,./downloaded_docs,,,,,xmp.id:f67de986-5be3-486b-a32f-8f46f23cfb61,,,,,,13.59,2026:07:31 13:57:01-04:00,2026:07:31 09:58:30-04:00,2026:07:31 09:58:30-04:00,transit-design-guide.pdf,-rw-rw-rw-,26 MB,PDF,pdf,application/pdf,,,,,,,,,,,,,converted,/,,from application/x-indesign to application/pdf,Adobe InDesign CC 13.0 (Macintosh),2018:10:05 15:51:48-05:00,,,,,,,,uuid:295f6122-4d2e-3340-9b8a-11ea1aa91c34,,,en-US,,,,No,,,,,,,,,,,,,,,,,,,,,,2022:10:03 13:29:13-05:00,application/pdf,,2022:10:03 13:29:13-05:00,,,,,,,,xmp.did:77d56b06-bebe-432d-86da-a5df696e8827,50,,,,,,,,,,,1.6,,,,,,,,,,,,,,Adobe PDF Library 15.0,,,,,,,,,,,,,,,proof:pdf,,,,,,,,,,,,,,,,,,,,,,,,,,,,,,,,Yes,,,,,,,,,,,,False,,,,,,,,,,,,,,,,,,,,"Adobe XMP Core 7.1-c000 79.cb7c5a1, 2022/04/14-05:22:35        ",,,,,,,,,,,,
./downloaded_docs/transit-partners-2003.pdf,uuid:0c30c06a-f9c6-11d7-a1fe-000393aae2b2,,,,,,,,,,,,,,,,,,,,,,,,,,,,,,,,,,,,,2003:10:08 19:24:15Z,,Word,Word,,,,,,,,,,,,,./downloaded_docs,,,,,uuid:07006aab-f9c5-11d7-a1fe-000393aae2b2,,,,,,13.59,2026:07:31 13:57:01-04:00,2026:07:31 09:58:37-04:00,2026:07:31 09:58:37-04:00,transit-partners-2003.pdf,-rw-rw-rw-,464 kB,PDF,pdf,application/pdf,,,,,,,,,,,,,,,,,,,,,,,,,,,,,,,,,No,,,,,,,,,,,,,,,,,,,,,,2003:10:08 15:31:43-04:00,application/pdf,,2003:10:08 15:31:43-04:00,,,,,,,,,17,,,,,,,,,,,1.5,,,,,,,,,,,,,,Mac OS X 10.2.8 Quartz PDFContext,,,,,,,,,,,,,,,,,,,,,,,,,,,,,,,,,,,,,,,,,,,,,,,,,,,,,,,,,,,,,,,,,,,,,,,,,,,,,,,"XMP toolkit 2.9.1-13, framework 1.6",,,,,,,,,,,,
./downloaded_docs/tuetli2.pdf,,,,,,,,,,,,,,,,,,,,,,,,,,,,,,,,,,,,,,2024:11:11 15:03:04-05:00,,Adobe InDesign CS6 (Windows),Adobe InDesign CS6 (Windows),,,xmp.did:AACC0DF72E87EF11823FDD4A2EA3E56A,xmp.iid:0173008064A0EF11A7AE91E6F21CDCF1,xmp.did:7654B47FF020681188C6CA2E7CCE2CF0,default,,,,,,,./downloaded_docs,,,,,xmp.id:0273008064A0EF11A7AE91E6F21CDCF1,,,,,,13.59,2026:08:07 08:46:59-04:00,2026:07:28 10:46:28-04:00,2026:08:07 08:46:58-04:00,tuetli2.pdf,-rw-rw-rw-,4.7 MB,PDF,pdf,application/pdf,,,,,,,,,,,,,converted,/,,from application/x-indesign to application/pdf,Adobe InDesign CS6 (Windows),2024:11:11 15:03:04-05:00,,,,,,,,uuid:a4d7e2e8-a48d-492e-8aa8-ec3e80d23fc9,,,,,,,No,,,,,,,,,,,,,,,,,,,,,,2024:11:11 15:03:15-05:00,application/pdf,,2024:11:11 15:03:15-05:00,,,,,,,,xmp.did:7654B47FF020681188C6CA2E7CCE2CF0,15,,,,,,,,,,,1.4,,,,,,,,,,,,,,Adobe PDF Library 10.0.1,,,,,,,,,,,,,,,proof:pdf,,,,,,,,,,,,,,,,,,,,,,,,,,,,,,,,,,,,,,,,,,,,False,,,,,,,,,,,,,,,,,,,,"Adobe XMP Core 5.3-c011 66.145661, 2012/02/06-14:56:27        ",,,,,,,,,,,,
./downloaded_docs/ud-football-program-2013-3.pdf,,,,,,,,,,,,,PsychoDad,,,,,,,,,,,,,,,,,,,,,,,,,2013:09:27 21:24:56-04:00,,PsychoDad,PScript5.dll Version 5.2.2,,,,,,,,,,,,,./downloaded_docs,,,,,uuid:f7713305-5ed3-4ae8-978f-de30f81a851e,,,,,,13.59,2026:07:31 13:57:01-04:00,2026:07:31 09:57:24-04:00,2026:07:31 09:57:24-04:00,ud-football-program-2013-3.pdf,-rw-rw-rw-,17 MB,PDF,pdf,application/pdf,,,,,,,,,,,,,,,,,,,,,,,,,,uuid:1810d66e-f141-4974-908b-821043551d5f,,,,,,,Yes,,,,,,,,,,,,,,,,,,,,,,2013:11:03 18:31:11-05:00,application/pdf,,2013:11:03 18:31:11-05:00,,,,,,,,,84,,,,,,,,,,,1.5,,,,,,,,,,,,,,Acrobat Distiller 9.0.0 (Windows),,,,,,,,,,,,,,,,,,,,,,,,,,,,,,,,,,,,,,,,,,,,,,,,,,,,,,,UD Football Program 2013-3.pub,,,,,,,,,,,,,,,,,,,,,,,,"Adobe XMP Core 5.2-c001 63.139439, 2010/09/27-13:37:26        ",,,,,,,,,,,,
./downloaded_docs/unclaimed-property-2016.pdf,,,,,,,,,,,,,,,,,,,,,,,,,,,,,,,,,,,,,,2016:06:24 17:11:41-04:00,,Adobe InDesign CS5.5 (7.5.3),Adobe InDesign CS5.5 (7.5.3),,,,,,,,,,,,,./downloaded_docs,,,,,uuid:fd11bb54-1f86-41d1-8e1c-1b6893691773,,,,,,13.59,2026:08:07 08:46:08-04:00,2026:07:28 10:46:36-04:00,2026:08:07 08:46:07-04:00,unclaimed-property-2016.pdf,-rw-rw-rw-,784 kB,PDF,pdf,application/pdf,,,,,,,,,No,,,,,,,,,,,,,,,,,uuid:3e113d8b-237b-42ec-b2ce-ffbb14acfe09,,,,,,,Yes,,,,,,,,,,,,,,,,,,,,,,2016:06:24 17:12:13-04:00,application/pdf,,2016:06:24 17:12:13-04:00,,,,,,,,,56,,,,,,,,,,,1.6,,,,,,,,,,,,,,Adobe PDF Library 9.9,,,,,,,,,,,,,,,,,,,,,,,,,,,,,,,,,,,,,,,,,,,,,,,Yes,,,,,,,,,,,,,,,,,,,,,,,,,,,,,,,,"Adobe XMP Core 5.2-c001 63.139439, 2010/09/27-13:37:26        ",,,,,,,,,,,,
./downloaded_docs/Updated_Ready_for_Print_10309_Uniondale_25-26_Calendar-rotated.pdf,,,,,,,,,,,,,,,,,,,,,,,,,,,,,,,,,,,,,,,,,,,,,,,,,,,,,,./downloaded_docs,,,,,,,,,,,13.59,2026:07:31 13:57:01-04:00,2026:07:31 09:58:36-04:00,2026:07:31 09:58:36-04:00,Updated_Ready_for_Print_10309_Uniondale_25-26_Calendar-rotated.pdf,-rw-rw-rw-,19 MB,PDF,pdf,,,,,,,,,,,,,,,,,,,,,,,,,,,,,,en-US,,,,No,,,,,,,,,,,,,,,,,,,,,,,application/pdf,,2025:08:22 13:29:10Z,,,,,,,,,48,,,,,,,,,,,1.6,,,,,,,,,,,,,,Pdftools SDK,,,,,,,,,,,,,,,,,,,,,,,,,,,,,,,,,,,,,,,,,,,,,,,Yes,,,,,,,,,,,,,,,,,,,,,,,,,,,,,,,,,,,,,,,,,,,,
./downloaded_docs/vol17no12_pdf-version.pdf,,,,,,,,,,,,,,,,,,,,,,,,,,,RGB,sRGB,,,,,,,,,,2011:11:18 10:17:30-05:00,," Adobe Photoshop CS3 Windows"," Adobe Photoshop CS3 Windows",,,xmp.did:426BF9779D0FE111B47C88019398F8F9,xmp.iid:426BF9779D0FE111B47C88019398F8F9,,proof:pdf,,,,,,,./downloaded_docs,,,,,uuid:DA49F067EC11E1118808A2F4CDBA35AF,,,,3167,2371,13.59,2026:07:31 13:57:01-04:00,2026:07:30 11:28:44-04:00,2026:07:30 11:28:44-04:00,vol17no12_pdf-version.pdf,-rw-rw-rw-,7.2 MB,PDF,pdf,application/pdf,,,,,,,False,False,,,,,"saved, saved, saved, saved","/, /, /, /","xmp.iid:0BC750F33623E011909C9C258FCF7CB7, xmp.iid:304F08C5AB49E01190B2F193373CF939, xmp.iid:E4583CC5BD95E01189F1DF515E6AE789, xmp.iid:426BF9779D0FE111B47C88019398F8F9",,"Adobe Illustrator CS5, Adobe Illustrator CS5, Adobe Illustrator CS5, Adobe Illustrator CS5","2011:01:18 14:12:53-05:00, 2011:03:08 12:44:51-05:00, 2011:06:13 09:05:11-04:00, 2011:11:15 10:21:19-05:00",,,,sRGB IEC61966-2.1,,,,uuid:1b0184b7-10a1-4ccd-baee-006587c419e5,,,,,,,Yes,,,,EmbedByReference,,,,,\\cdc\project\CCID_NCPDCID_DEISS_EIDJ\EID Production\Production\Vol17No12\EID_Vol17No12_Cover\V17N12_Cover_Image.tif,,10.500000,Inches,16.000000,,,,,,,,,2011:11:18 10:24:20-05:00,application/pdf,,2011:11:18 10:24:20-05:00,,"256,257,258,259,262,274,277,284,530,531,282,283,296,301,318,319,529,532,306,270,271,272,305,315,33432;2635A0ED45D47D55A2609D4E7A0BF4BD",1,,,Horizontal (normal),,uuid:C10B9428CBAEDF119B448B32756F363A,235,,,,,,,,,,,1.6,"Cyan, Magenta, Yellow, Black, PANTONE 877 CV",,,,,,,,,,,,,Adobe Photoshop for Windows -- Image Conversion Plug-in,,,,,,,,,,,,,,,proof:pdf,inches,,,,,,,,,,,,,,,,,,,"0.000000, 100.000000, 30.000001, 35.686302, 4.000000, 0.000000, 31.999999, 2.000000, 52.548999, 67.843097, 61.960799, 0.000000, 6.000000","0.000000, 0.000000, 0.000000, 48.235297, 45.999998, 100.000000, 82.999998, 100.000000, 38.823497, 56.862700, 49.803901, 16.078401, 100.000000","0.000000, 0.000000, 0.000000, 44.705904, 38.000000, 90.000004, 40.000001, 72.999996, 78.039199, 65.490198, 72.941202, 15.294099, 60.000002","CMYK, CMYK, CMYK, CMYK, CMYK, CMYK, CMYK, CMYK, CMYK, CMYK, CMYK, CMYK, CMYK","White, Black, Smoke, New Color Swatch 2, PANTONE 877 CV, Special Blue, Special Green, PANTONE Reflex Blue C, New Color Swatch 1, New Color Swatch 3, C=50 M=73 Y=69 K=62 1, C=16 M=15 Y=73 K=0 1, PANTONE 286 CVC","100.000000, 100.000000, 100.000000, 100.000000, 100.000000","PROCESS, PROCESS, PROCESS, PROCESS, SPOT, PROCESS, PROCESS, SPOT, PROCESS, PROCESS, PROCESS, PROCESS, PROCESS","0.000000, 0.000000, 0.000000, 77.254897, 35.999998, 0.000000, 81.999999, 0.000000, 83.137298, 74.509799, 68.627399, 73.333299, 0.000000",Default Swatch Group,0,,,,,,,JPEG,256,"(Binary data 15805 bytes, use -b option to extract)",192,EID_Vol17No4_Cover,,,,,,,,,,,,,,,,,,,,,,,,"Adobe XMP Core 4.0-c321 44.398116, Tue Aug 04 2009 14:24:39",,300,,300,,,,,,,,
./downloaded_docs/West.Examiner3-19-19.pdf,,,,,,,,,,,,,,,,,,,,,,,,,,,,,,,,,,,,,,2019:03:19 01:38:54-04:00,,Adobe InDesign CC 14.0 (Windows),Adobe InDesign CC 14.0 (Windows),,,xmp.did:D5C2A27AA6D8E411A0EEFE5C96E7C20A,xmp.iid:32a2ac21-ffd7-a944-ace9-475850fa2315,adobe:docid:indd:e2e292e9-5b4a-11e1-8266-bf58b12155d4,default,,,,,,,./downloaded_docs,,,,,xmp.id:0a1e2c80-5185-b94c-b4d2-7965b74b7136,,,,,,13.59,2026:08:07 08:46:06-04:00,2026:07:28 10:46:24-04:00,2026:08:07 08:46:04-04:00,West.Examiner3-19-19.pdf,-rw-rw-rw-,6.7 MB,PDF,pdf,application/pdf,,,,,,,,,,,,,converted,/,,from application/x-indesign to application/pdf,Adobe InDesign CC 14.0 (Windows),2019:03:19 01:38:54-04:00,,,,,,,,uuid:d1ff1ae3-e248-4b92-bde6-93753eebab5d,,,en-US,,,,No,,,,,,,,,,,,,,,,,,,,,,2019:03:19 08:03:51-04:00,application/pdf,,2019:03:19 08:03:51-04:00,,,,,,,,adobe:docid:indd:e2e292e9-5b4a-11e1-8266-bf58b12155d4,36,,,,,,,,,,,1.6,,,,,,,,,,,,,,Adobe PDF Library 15.0,,,,,,,,,,,,,,,proof:pdf,,,,,,,,,,,,,,,,,,,,,,,,,,,,,,,,,,,,,,,,,,,,False,,,,,,,,,,,,,,,,,,,,"Adobe XMP Core 5.6-c016 91.163616, 2018/10/29-16:58:49        ",,,,,,,,,,,,
./downloaded_docs/winter%202020%20ADO%20newsletter.pdf,,,,,,,,,,,,,Donna M Henry,,,,,,,,,,,,,,,,,,,,,,,,,2020:01:12 19:04:19-05:00,,Donna M Henry,Microsoft® Publisher for Office 365,,,,,,,,,,,,,./downloaded_docs,,,,,uuid:A6E67650-2021-4CCB-8759-D40F57872A8C,,,,,,13.59,2026:07:31 13:57:01-04:00,2026:07:29 12:26:58-04:00,2026:07:29 12:26:58-04:00,winter%202020%20ADO%20newsletter.pdf,-rw-rw-rw-,1501 kB,PDF,pdf,,,,,,,,,,,,,,,,,,,,,,,,,,,uuid:A6E67650-2021-4CCB-8759-D40F57872A8C,,,en-US,,,,No,,,,,,,,,,,,,,,,,,,,,,,application/pdf,,2020:01:12 19:04:19-05:00,,,,,,,,,4,,,,,,,,,,,1.7,,,,,,,,,,,,,,Microsoft® Publisher for Office 365,,,,,,,,,,,,,,,,,,,,,,,,,,,,,,,,,,,,,,,,,,,,,,,Yes,,,,,,,,,,,,,,,,,,,,,,,,,,,,,,,,3.1-701,,,,,,,,,,,,
./downloaded_docs/yearbook_2021-2022.pdf,,,,,,,,,,,,,,,,,,,,,,,,,,,,,,,,,,,,,,2023:01:12 13:14:33-05:00,,Adobe InDesign 17.3 (Windows),Adobe InDesign 17.3 (Windows),,,,,,,,,,,,,./downloaded_docs,,,,,uuid:717dc00b-b607-11b2-0a00-69983c647348,,,,,,13.59,2026:07:31 13:57:01-04:00,2026:07:28 10:46:06-04:00,2026:07:28 10:46:06-04:00,yearbook_2021-2022.pdf,-rw-rw-rw-,24 MB,PDF,pdf,application/pdf,,,,,,,,,,,,,,,,,,,,,,,,,,uuid:717e7e8e-b607-11b2-0a00-e3a9e27946e1,,,,,,,Yes,,,,,,,,,,,,,,,,,,,,,,2023:01:12 18:56:15Z,application/pdf,,2023:01:12 18:56:15Z,,,,,,,,,30,,,,,,,,,,,1.6,,,,,,,,,,,,,,Adobe PDF Library 16.0.7,,,,,,,,,,,,,,,,,,,,,,,,,,,,,,,,,,,,,,,,,,,,,,,Yes,,,,,,,,,,,,False,,,,,,,,,,,,,,,,,,,,"Adobe XMP Core 7.1-c000 79.757832d, 2022/02/08-12:16:02        ",,,,,,,,,,,,
